venue,displayName,basisMismatch,realizedPct,assetClass,quarantined,seriesId,assetKey,contractVersion,mode,anchorAt,settlementSource,calibrationEligible,basisId,settlementBasis,hitTarget,crps,entryRefPrice,crpsGridPoints,crpsPHigh,inBand,medianPrice,side,inWideBand,writtenAt,impliedMean,wideLow,maturity,wideHigh,crpsPLow,settlementRunId,legRungBrierJson,settlePrice,outcomeId,anchorDate,outlookId,diagnosticsJson,pnlEligible,settlementVersion,settledAt,signalId,observable,pinballJson,bandLow,targetFamilyKey,refitEligible,anchorType,bandHigh,venueSeries,leanRealizedPct,leanSigma,leanSide,leanHitTarget,basisId_outlook,referenceBasis,basisStatus,settlementSpecId,observable_outlook,sourceType,mode_outlook,legsJson,directionalTakeJson,spotAtObs,forecastMedian,p10,p25,p75,p90,backfilled,publishedAt,observedAt,anchorAt_outlook,anchorDate_outlook,horizonDays,poolVersion,decideVersion,medianErrorPct,absMedianErrorPct,horizonHours,cluster,qRungs
polymarket,WTI Crude Oil — Long · Daily · to Aug 25,False,0.063252,commodity,False,commodity:wti:price-outlook:daily,commodity:wti,asset-price/2,signal,2026-08-25T14:30:00.000000000-04:00,hyperliquid-candle,True,sha256:46c2ae7e0818d1019f57a01bdc99207a8d1a27d52940e85a78a6901163e048cd,hl-candle-close,False,0.10669773079902506,82.211,5,0.9,True,82.35566037720041,long,True,2026-08-25T19:15:15.490000000+00:00,82.65063824503402,81.98029794979375,experimental,84.78287848966227,0.1,82fd1e2b-f924-4d26-a637-c774202a8187,"{""legs"":{""venue"":{""brier"":0.02129167,""leg"":""venue"",""meanOutcome"":0.66666667,""meanProbability"":0.67611111,""n"":9,""reason"":null,""unscored"":{""grid_no_probability"":21}}},""scoredRungs"":9,""settleByObservable"":{""terminal_close"":82.263},""version"":""settlement/1""}",82.263,pout:pbh:9e7347f4ac614c707838462efa869e21be85320b73729a5557c9091ab16b9b63:2026-08-25,2026-08-25,po:commodity:wti:price-outlook:daily:2026-08-25:28c5fee0172ce716:bd348f8ddf8f71bc,"{""distribution"":{""crps"":0.10669773079902506,""crpsGridPoints"":5,""crpsPHigh"":0.9,""crpsPLow"":0.1,""inBand"":true,""inWideBand"":true,""pinball"":{""0.1"":0.028270205020625383,""0.25"":0.028079656172913303,""0.5"":0.04633018860020144,""0.75"":0.07565516482932821,""0.9"":0.25198784896622606}},""excursion"":{""bars"":1.0,""coverage"":1.0,""droppedCandles"":0.0,""expectedBars"":1.0,""intervalSeconds"":3600.0,""maxGapBars"":1.0},""legBrier"":{""legs"":{""venue"":{""brier"":0.02129167,""leg"":""venue"",""meanOutcome"":0.66666667,""meanProbability"":0.67611111,""n"":9,""reason"":null,""unscored"":{""grid_no_probability"":21}}},""scoredRungs"":9,""settleByObservable"":{""terminal_close"":82.263},""version"":""settlement/1""},""receipt"":{""barrierNote"":null,""costPct"":null,""entryRefPrice"":82.211,""exitPrice"":82.263,""exitReason"":""anchor"",""grossReturnPct"":0.063252,""hitStop"":null,""hitTarget"":false,""netReturnPct"":null,""netReturnReason"":""no_cost_basis"",""realizedPct"":0.063252,""settlePrice"":82.263,""side"":""long""},""settleBasis"":""hl-candle-close"",""settleNote"":null,""settleQuality"":{""bars"":120.0,""coverage"":1.0,""droppedCandles"":0.0,""expectedBars"":120.0,""intervalSeconds"":60.0,""maxGapBars"":0.0,""stalenessSeconds"":0.001},""settleSource"":""hyperliquid-candle"",""settlementVersion"":""settlement/1""}",True,settlement/1,2026-08-25T18:29:59.999000000+00:00,psig:commodity:wti:price-outlook:daily:2026-08-25:r21,terminal_close,"{""0.1"":0.028270205020625383,""0.25"":0.028079656172913303,""0.5"":0.04633018860020144,""0.75"":0.07565516482932821,""0.9"":0.25198784896622606}",82.15068137530835,sha256:46c2ae7e0818d1019f57a01bdc99207a8d1a27d52940e85a78a6901163e048cd,True,daily,82.56562065931732,,,,,,sha256:46c2ae7e0818d1019f57a01bdc99207a8d1a27d52940e85a78a6901163e048cd,spot,verified,,terminal_close,,signal,"[{""clampedPercentiles"":[],""contributing"":true,""leg"":""house"",""median"":82.21223863313767,""rawWeight"":0.2,""scaleSource"":""own"",""support"":6115,""weight"":0.2},{""clampedPercentiles"":[],""contributing"":true,""leg"":""venue"",""median"":82.37077631707318,""rawWeight"":0.1,""scaleSource"":""own"",""support"":30,""weight"":0.1},{""clampedPercentiles"":[0.9],""contributing"":true,""leg"":""q"",""median"":82.34186327550644,""rawWeight"":0.7,""scaleSource"":""own"",""support"":12,""weight"":0.7}]",,82.211,82.35566037720041,81.98029794979375,82.15068137530835,82.56562065931732,84.78287848966227,False,2026-08-25T17:30:38.848742Z,2026-08-25T17:30:38.848742Z,2026-08-25T14:30:00-04:00,2026-08-25,0.04121702844907407,blend/1,decide/3,0.11263919040200683,0.11263919040200683,0.9892086827777777,commodity:wti|2026-08-25|hl-candle-close,0
kalshi,Copper — Short · Daily · to Aug 26,False,1.403024,commodity,False,commodity:copper:price-outlook:daily,commodity:copper,asset-price/2,signal,2026-08-26T21:00:00.000000000+00:00,hyperliquid-candle,True,sha256:0f2f004be8916598e63af4dc583d567bdd10dd91992e94db198507a13ec5fd47,hl-candle-close,False,0.06133760382304946,6.7996,5,0.9,False,6.622224753520321,short,False,2026-08-26T21:15:13.659000000+00:00,6.620388903627151,6.602487590145143,experimental,6.645541979803495,0.1,287ecc3c-2f16-4981-85a0-69f3771c3806,"{""legs"":{""venue"":{""brier"":0.07469545,""leg"":""venue"",""meanOutcome"":1.0,""meanProbability"":0.90818182,""n"":11,""reason"":null,""unscored"":{""grid_no_probability"":39}}},""scoredRungs"":11,""settleByObservable"":{""terminal_close"":6.7042},""version"":""settlement/1""}",6.7042,pout:pbh:b73de04c8209ac6d3216fe782b150a5d861db53a5a80310ab3fb6fb26df9f2b7:2026-08-26,2026-08-26,po:commodity:copper:price-outlook:daily:2026-08-26:949218dc08e39f43:6e9e7992cbee4980,"{""distribution"":{""crps"":0.06133760382304946,""crpsGridPoints"":5,""crpsPHigh"":0.9,""crpsPLow"":0.1,""inBand"":false,""inWideBand"":false,""pinball"":{""0.1"":0.010171240985485675,""0.25"":0.02306133825090173,""0.5"":0.04098762323983962,""0.75"":0.05543684507104474,""0.9"":0.05279221817685471}},""excursion"":{""bars"":24.0,""coverage"":1.0,""droppedCandles"":0.0,""expectedBars"":23.0,""intervalSeconds"":3600.0,""maxGapBars"":0.0},""legBrier"":{""legs"":{""venue"":{""brier"":0.07469545,""leg"":""venue"",""meanOutcome"":1.0,""meanProbability"":0.90818182,""n"":11,""reason"":null,""unscored"":{""grid_no_probability"":39}}},""scoredRungs"":11,""settleByObservable"":{""terminal_close"":6.7042},""version"":""settlement/1""},""receipt"":{""barrierNote"":null,""costPct"":null,""entryRefPrice"":6.7996,""exitPrice"":6.7042,""exitReason"":""anchor"",""grossReturnPct"":1.403024,""hitStop"":null,""hitTarget"":false,""netReturnPct"":null,""netReturnReason"":""no_cost_basis"",""realizedPct"":1.403024,""settlePrice"":6.7042,""side"":""short""},""settleBasis"":""hl-candle-close"",""settleNote"":null,""settleQuality"":{""bars"":120.0,""coverage"":1.0,""droppedCandles"":0.0,""expectedBars"":120.0,""intervalSeconds"":60.0,""maxGapBars"":0.0,""stalenessSeconds"":0.001},""settleSource"":""hyperliquid-candle"",""settlementVersion"":""settlement/1""}",True,settlement/1,2026-08-26T20:59:59.999000000+00:00,psig:commodity:copper:price-outlook:daily:2026-08-26:r1,terminal_close,"{""0.1"":0.010171240985485675,""0.25"":0.02306133825090173,""0.5"":0.04098762323983962,""0.75"":0.05543684507104474,""0.9"":0.05279221817685471}",6.611954646996393,sha256:0f2f004be8916598e63af4dc583d567bdd10dd91992e94db198507a13ec5fd47,True,daily,6.6302842065719405,KXCOPPERD,,,,,sha256:0f2f004be8916598e63af4dc583d567bdd10dd91992e94db198507a13ec5fd47,spot,verified,,terminal_close,,signal,"[{""clampedPercentiles"":[],""contributing"":true,""leg"":""house"",""median"":6.700222631877936,""rawWeight"":0.2,""scaleSource"":""own"",""support"":6115,""weight"":0.2},{""clampedPercentiles"":[],""contributing"":true,""leg"":""venue"",""median"":6.5905813953488375,""rawWeight"":0.1,""scaleSource"":""own"",""support"":46,""weight"":0.1},{""clampedPercentiles"":[],""contributing"":true,""leg"":""q"",""median"":6.606277504687021,""rawWeight"":0.7,""scaleSource"":""own"",""support"":12,""weight"":0.7}]",,6.7002,6.622224753520321,6.602487590145143,6.611954646996393,6.6302842065719405,6.645541979803495,False,2026-08-26T20:30:32.321759Z,2026-08-26T20:30:32.321759Z,2026-08-26T21:00:00Z,2026-08-26,0.020459238900462962,blend/1,decide/3,-1.222744644844713,1.222744644844713,0.4910217336111111,commodity:copper|2026-08-26|hl-candle-close,0
,Bitcoin — Two-day · to Aug 23,False,,crypto,False,crypto:btc:price-outlook:two-day,crypto:btc,asset-price/2,coverage,2026-08-23T21:00:00.000000000+00:00,hyperliquid-candle,True,sha256:f9d5ffd9409636486eafaa9b610b6bd5648edcb519051333e245de0740e38dab,hl-candle-close,,823.1264246982194,,5,0.9,True,78866.11292058197,,True,2026-08-23T21:15:13.880000000+00:00,79035.30605870966,75220.17122293428,experimental,82969.07087703796,0.1,7b59098f-a3dc-4048-ab71-3c92d2afdf32,"{""legs"":{},""scoredRungs"":0,""settleByObservable"":{""terminal_close"":77430.0},""version"":""settlement/1""}",77430.0,pout:pbh:b76a9103434c154b65c977b4382274890765f3c2079d3e9f962876959838d8e4:2026-08-23,2026-08-23,po:crypto:btc:price-outlook:two-day:2026-08-23:17104ba73f25c049:686b20c785961e6d,"{""distribution"":{""crps"":823.1264246982194,""crpsGridPoints"":5,""crpsPHigh"":0.9,""crpsPLow"":0.1,""inBand"":true,""inWideBand"":true,""pinball"":{""0.1"":220.9828777065719,""0.25"":60.83800116137718,""0.5"":718.0564602909872,""0.75"":808.8237481915494,""0.9"":553.9070877037956}},""excursion"":null,""legBrier"":{""legs"":{},""scoredRungs"":0,""settleByObservable"":{""terminal_close"":77430.0},""version"":""settlement/1""},""receipt"":null,""settleBasis"":""hl-candle-close"",""settleNote"":null,""settleQuality"":{""bars"":120.0,""coverage"":1.0,""droppedCandles"":0.0,""expectedBars"":120.0,""intervalSeconds"":60.0,""maxGapBars"":0.0,""stalenessSeconds"":0.001},""settleSource"":""hyperliquid-candle"",""settlementVersion"":""settlement/1""}",True,settlement/1,2026-08-23T20:59:59.999000000+00:00,,terminal_close,"{""0.1"":220.9828777065719,""0.25"":60.83800116137718,""0.5"":718.0564602909872,""0.75"":808.8237481915494,""0.9"":553.9070877037956}",77186.64799535449,sha256:f9d5ffd9409636486eafaa9b610b6bd5648edcb519051333e245de0740e38dab,True,two-day,80665.2949927662,,,,,,sha256:f9d5ffd9409636486eafaa9b610b6bd5648edcb519051333e245de0740e38dab,,verified,,terminal_close,,coverage,"[{""clampedPercentiles"":[],""contributing"":true,""leg"":""house"",""median"":78866.11292058197,""rawWeight"":0.45,""scaleSource"":""own"",""support"":2748,""weight"":1.0}]",,78816.5,78866.11292058197,75220.17122293428,77186.64799535449,80665.2949927662,82969.07087703796,False,2026-08-22T03:30:36.475684Z,2026-08-22T03:30:36.475684Z,2026-08-23T21:00:00Z,2026-08-23,1.728744494398148,blend/1,decide/2,1.8547241645124297,1.8547241645124297,41.48986786555555,crypto:btc|2026-08-23|hl-candle-close,0
,Bitcoin — Two-day · to Aug 23,False,,crypto,False,crypto:btc:price-outlook:two-day,crypto:btc,asset-price/2,coverage,2026-08-23T21:00:00.000000000+00:00,hyperliquid-candle,True,,hl-candle-close,,919.834066788743,,5,0.9,True,75662.16655542239,,True,2026-08-23T21:15:14.533000000+00:00,75842.34751728289,71914.7478101191,experimental,79894.49112078028,0.1,7b59098f-a3dc-4048-ab71-3c92d2afdf32,"{""legs"":{},""scoredRungs"":0,""settleByObservable"":{""terminal_close"":77430.0},""version"":""settlement/1""}",77430.0,pout:crypto:btc:price-outlook:two-day:2026-08-23,2026-08-23,po:crypto:btc:price-outlook:two-day:2026-08-23:17104ba73f25c049:38db5e25f5b2d846,"{""distribution"":{""crps"":919.834066788743,""crpsGridPoints"":5,""crpsPHigh"":0.9,""crpsPLow"":0.1,""inBand"":true,""inWideBand"":true,""pinball"":{""0.1"":551.5252189880906,""0.25"":873.9136304662716,""0.5"":883.9167222888063,""0.75"":21.53525949478353,""0.9"":246.44911207802792}},""excursion"":null,""legBrier"":{""legs"":{},""scoredRungs"":0,""settleByObservable"":{""terminal_close"":77430.0},""version"":""settlement/1""},""receipt"":null,""settleBasis"":""hl-candle-close"",""settleNote"":null,""settleQuality"":{""bars"":120.0,""coverage"":1.0,""droppedCandles"":0.0,""expectedBars"":120.0,""intervalSeconds"":60.0,""maxGapBars"":0.0,""stalenessSeconds"":0.001},""settleSource"":""hyperliquid-candle"",""settlementVersion"":""settlement/1""}",True,settlement/1,2026-08-23T20:59:59.999000000+00:00,,terminal_close,"{""0.1"":551.5252189880906,""0.25"":873.9136304662716,""0.5"":883.9167222888063,""0.75"":21.53525949478353,""0.9"":246.44911207802792}",73934.34547813491,,True,two-day,77516.14103797913,,,,,,,,,,terminal_close,,coverage,"[{""clampedPercentiles"":[],""contributing"":true,""leg"":""house"",""median"":75662.16655542239,""rawWeight"":0.45,""scaleSource"":""own"",""support"":2748,""weight"":1.0}]",,75599.5,75662.16655542239,71914.7478101191,73934.34547813491,77516.14103797913,79894.49112078028,False,2026-08-21T06:32:38.868782Z,2026-08-21T06:32:38.868782Z,2026-08-23T21:00:00Z,2026-08-23,2.6023279076157406,blend/1,decide/2,-2.283137601159257,2.283137601159257,62.455869782777775,crypto:btc|2026-08-23|hl-candle-close,0
,Bitcoin — Long · Weekly · to Sep 1,False,-0.212465,crypto,False,crypto:btc:price-outlook:weekly,crypto:btc,asset-price/2,signal,2026-09-01T03:59:59.000000000+00:00,hyperliquid-candle,True,,hl-candle-close,True,2263.6355403641983,78836.5,5,0.9,False,75034.12238811915,long,True,2026-09-01T04:15:51.127000000+00:00,73067.74546077027,61854.342019471354,experimental,79692.31992577697,0.1,d08092b3-925c-4d92-a0d7-717cd23e32e0,"{""legs"":{""q"":{""brier"":0.44213793,""leg"":""q"",""meanOutcome"":1.0,""meanProbability"":0.38294342,""n"":4,""reason"":null,""unscored"":{""grid_no_probability"":4}},""venue"":{""brier"":0.56516875,""leg"":""venue"",""meanOutcome"":0.75,""meanProbability"":0.16125,""n"":8,""reason"":null,""unscored"":{""grid_no_probability"":4}}},""scoredRungs"":12,""settleByObservable"":{""terminal_close"":78669.0},""version"":""settlement/1""}",78669.0,pout:crypto:btc:price-outlook:weekly:2026-09-01,2026-09-01,po:crypto:btc:price-outlook:weekly:2026-09-01:17104ba73f25c049:1485ac4ed14cc4c1,"{""distribution"":{""crps"":2263.6355403641983,""crpsGridPoints"":5,""crpsPHigh"":0.9,""crpsPLow"":0.1,""inBand"":false,""inWideBand"":true,""pinball"":{""0.1"":1681.4657980528646,""0.25"":1648.412502029063,""0.5"":1817.4388059404228,""0.75"":1069.9536699694436,""0.9"":102.33199257769736}},""excursion"":{""bars"":154.0,""coverage"":1.0,""droppedCandles"":0.0,""expectedBars"":154.0,""intervalSeconds"":3600.0,""maxGapBars"":1.0},""legBrier"":{""legs"":{""q"":{""brier"":0.44213793,""leg"":""q"",""meanOutcome"":1.0,""meanProbability"":0.38294342,""n"":4,""reason"":null,""unscored"":{""grid_no_probability"":4}},""venue"":{""brier"":0.56516875,""leg"":""venue"",""meanOutcome"":0.75,""meanProbability"":0.16125,""n"":8,""reason"":null,""unscored"":{""grid_no_probability"":4}}},""scoredRungs"":12,""settleByObservable"":{""terminal_close"":78669.0},""version"":""settlement/1""},""receipt"":{""barrierNote"":null,""costPct"":null,""entryRefPrice"":78836.5,""exitPrice"":78669.0,""exitReason"":""anchor"",""grossReturnPct"":-0.212465,""hitStop"":null,""hitTarget"":true,""netReturnPct"":null,""netReturnReason"":""no_cost_basis"",""realizedPct"":-0.212465,""settlePrice"":78669.0,""side"":""long""},""settleBasis"":""hl-candle-close"",""settleNote"":null,""settleQuality"":{""bars"":120.0,""coverage"":1.0,""droppedCandles"":0.0,""expectedBars"":120.0,""intervalSeconds"":60.0,""maxGapBars"":1.0,""stalenessSeconds"":59.001},""settleSource"":""hyperliquid-candle"",""settlementVersion"":""settlement/1""}",True,settlement/1,2026-09-01T03:58:59.999000000+00:00,psig:crypto:btc:price-outlook:weekly:2026-09-01:r81,terminal_close,"{""0.1"":1681.4657980528646,""0.25"":1648.412502029063,""0.5"":1817.4388059404228,""0.75"":1069.9536699694436,""0.9"":102.33199257769736}",72075.34999188375,,True,weekly,77242.39510670741,,,,,,,venue,,,terminal_close,,signal,"[{""clampedPercentiles"":[],""contributing"":true,""leg"":""house"",""median"":72991.6129072341,""rawWeight"":0.45,""scaleSource"":""own"",""support"":2748,""weight"":0.45},{""clampedPercentiles"":[],""contributing"":true,""leg"":""venue"",""median"":75879.62962962964,""rawWeight"":0.1,""scaleSource"":""own"",""support"":12,""weight"":0.1},{""clampedPercentiles"":[0.1,0.75,0.9],""contributing"":true,""leg"":""q"",""median"":76888.74137089077,""rawWeight"":0.45,""scaleSource"":""own"",""support"":4,""weight"":0.45}]",,72742.5,75034.12238811915,61854.342019471354,72075.34999188375,77242.39510670741,79692.31992577697,False,2026-08-20T21:30:54.616226Z,2026-08-20T21:30:54.616226Z,2026-09-01T03:59:59Z,2026-09-01,11.270189627013888,blend/1,decide/1,-4.620470085905307,4.620470085905307,270.48455104833334,crypto:btc|2026-09-01|hl-candle-close,4
polymarket,WTI Crude Oil — Long · Daily · to Sep 1,False,4.930847,commodity,False,commodity:wti:price-outlook:daily,commodity:wti,asset-price/2,signal,2026-09-01T14:30:00.000000000-04:00,hyperliquid-candle,True,sha256:46c2ae7e0818d1019f57a01bdc99207a8d1a27d52940e85a78a6901163e048cd,hl-candle-close,True,0.907059181336749,85.969,5,0.9,False,88.80772946843102,long,False,2026-09-01T19:15:33.829000000+00:00,88.7515111810299,88.02427588469246,experimental,89.68136686004775,0.1,252db2ee-5d3e-448b-ac78-d56ba4000b56,"{""legs"":{""venue"":{""brier"":0.02294083,""leg"":""venue"",""meanOutcome"":0.93333333,""meanProbability"":0.89116667,""n"":30,""reason"":null,""unscored"":{}}},""scoredRungs"":30,""settleByObservable"":{""terminal_close"":90.208},""version"":""settlement/1""}",90.208,pout:pbh:9e7347f4ac614c707838462efa869e21be85320b73729a5557c9091ab16b9b63:2026-09-01,2026-09-01,po:commodity:wti:price-outlook:daily:2026-09-01:eb92e5a72f1face6:4e9bab4dea109da0,"{""distribution"":{""crps"":0.907059181336749,""crpsGridPoints"":5,""crpsPHigh"":0.9,""crpsPLow"":0.1,""inBand"":false,""inWideBand"":false,""pinball"":{""0.1"":0.21837241153075412,""0.25"":0.4664313623092724,""0.5"":0.700135265784489,""0.75"":0.6664191697440707,""0.9"":0.4739698259570275}},""excursion"":{""bars"":24.0,""coverage"":1.0,""droppedCandles"":0.0,""expectedBars"":24.0,""intervalSeconds"":3600.0,""maxGapBars"":1.0},""legBrier"":{""legs"":{""venue"":{""brier"":0.02294083,""leg"":""venue"",""meanOutcome"":0.93333333,""meanProbability"":0.89116667,""n"":30,""reason"":null,""unscored"":{}}},""scoredRungs"":30,""settleByObservable"":{""terminal_close"":90.208},""version"":""settlement/1""},""receipt"":{""barrierNote"":null,""costPct"":null,""entryRefPrice"":85.969,""exitPrice"":90.208,""exitReason"":""anchor"",""grossReturnPct"":4.930847,""hitStop"":null,""hitTarget"":true,""netReturnPct"":null,""netReturnReason"":""no_cost_basis"",""realizedPct"":4.930847,""settlePrice"":90.208,""side"":""long""},""settleBasis"":""hl-candle-close"",""settleNote"":null,""settleQuality"":{""bars"":120.0,""coverage"":1.0,""droppedCandles"":0.0,""expectedBars"":120.0,""intervalSeconds"":60.0,""maxGapBars"":0.0,""stalenessSeconds"":0.001},""settleSource"":""hyperliquid-candle"",""settlementVersion"":""settlement/1""}",True,settlement/1,2026-09-01T18:29:59.999000000+00:00,psig:commodity:wti:price-outlook:daily:2026-09-01:r1,terminal_close,"{""0.1"":0.21837241153075412,""0.25"":0.4664313623092724,""0.5"":0.700135265784489,""0.75"":0.6664191697440707,""0.9"":0.4739698259570275}",88.34227455076291,sha256:46c2ae7e0818d1019f57a01bdc99207a8d1a27d52940e85a78a6901163e048cd,True,daily,89.3194411070079,,,,,,sha256:46c2ae7e0818d1019f57a01bdc99207a8d1a27d52940e85a78a6901163e048cd,spot,verified,,terminal_close,,signal,"[{""clampedPercentiles"":[],""contributing"":true,""leg"":""house"",""median"":89.61635958997843,""rawWeight"":0.2,""scaleSource"":""own"",""support"":6115,""weight"":0.2},{""clampedPercentiles"":[],""contributing"":true,""leg"":""venue"",""median"":89.7406218375,""rawWeight"":0.1,""scaleSource"":""own"",""support"":30,""weight"":0.1},{""clampedPercentiles"":[],""contributing"":true,""leg"":""q"",""median"":88.40950357666196,""rawWeight"":0.7,""scaleSource"":""own"",""support"":17,""weight"":0.7}]",,89.615,88.80772946843102,88.02427588469246,88.34227455076291,89.3194411070079,89.68136686004775,False,2026-09-01T17:30:33.160942Z,2026-09-01T17:30:33.160942Z,2026-09-01T14:30:00-04:00,2026-09-01,0.041282859467592595,blend/1,decide/3,-1.5522686807921449,1.5522686807921449,0.9907886272222223,commodity:wti|2026-09-01|hl-candle-close,0
kalshi,WTI Crude Oil — Next-day · to Sep 1,False,,commodity,False,commodity:wti:price-outlook:next-day,commodity:wti,asset-price/2,signal,2026-09-01T14:30:00.000000000-04:00,hyperliquid-candle,True,sha256:46c2ae7e0818d1019f57a01bdc99207a8d1a27d52940e85a78a6901163e048cd,hl-candle-close,,2.769061233577257,,5,0.9,False,86.06906393053843,,False,2026-09-01T19:15:35.187000000+00:00,86.06695280378882,83.86815024700472,experimental,88.44992037278104,0.1,252db2ee-5d3e-448b-ac78-d56ba4000b56,"{""legs"":{""venue"":{""brier"":0.24890893,""leg"":""venue"",""meanOutcome"":1.0,""meanProbability"":0.67428571,""n"":28,""reason"":null,""unscored"":{""grid_no_probability"":2}}},""scoredRungs"":28,""settleByObservable"":{""terminal_close"":90.208},""version"":""settlement/1""}",90.208,pout:pbh:648a378eb48180d24dd05e3690619b244fbc3004e937d1cc010980beb88c82fd:2026-09-01,2026-09-01,po:commodity:wti:price-outlook:next-day:2026-09-01:eb92e5a72f1face6:7e191368a8bcb12f,"{""distribution"":{""crps"":2.769061233577257,""crpsGridPoints"":5,""crpsPHigh"":0.9,""crpsPLow"":0.1,""inBand"":false,""inWideBand"":false,""pinball"":{""0.1"":0.6339849752995278,""0.25"":1.2953180995242874,""0.5"":2.0694680347307823,""0.75"":2.209403701081655,""0.9"":1.5822716644970656}},""excursion"":null,""legBrier"":{""legs"":{""venue"":{""brier"":0.24890893,""leg"":""venue"",""meanOutcome"":1.0,""meanProbability"":0.67428571,""n"":28,""reason"":null,""unscored"":{""grid_no_probability"":2}}},""scoredRungs"":28,""settleByObservable"":{""terminal_close"":90.208},""version"":""settlement/1""},""receipt"":null,""settleBasis"":""hl-candle-close"",""settleNote"":null,""settleQuality"":{""bars"":120.0,""coverage"":1.0,""droppedCandles"":0.0,""expectedBars"":120.0,""intervalSeconds"":60.0,""maxGapBars"":0.0,""stalenessSeconds"":0.001},""settleSource"":""hyperliquid-candle"",""settlementVersion"":""settlement/1""}",True,settlement/1,2026-09-01T18:29:59.999000000+00:00,,terminal_close,"{""0.1"":0.6339849752995278,""0.25"":1.2953180995242874,""0.5"":2.0694680347307823,""0.75"":2.209403701081655,""0.9"":1.5822716644970656}",85.02672760190285,sha256:46c2ae7e0818d1019f57a01bdc99207a8d1a27d52940e85a78a6901163e048cd,True,next-day,87.26212839855779,KXWTI,,,,,sha256:46c2ae7e0818d1019f57a01bdc99207a8d1a27d52940e85a78a6901163e048cd,spot,verified,,terminal_close,,signal,"[{""clampedPercentiles"":[],""contributing"":true,""leg"":""house"",""median"":85.80275761428733,""rawWeight"":0.2,""scaleSource"":""own"",""support"":6115,""weight"":0.2},{""clampedPercentiles"":[],""contributing"":true,""leg"":""venue"",""median"":85.77277039130435,""rawWeight"":0.1,""scaleSource"":""own"",""support"":30,""weight"":0.1},{""clampedPercentiles"":[],""contributing"":true,""leg"":""q"",""median"":85.91954337333667,""rawWeight"":0.7,""scaleSource"":""own"",""support"":13,""weight"":0.7}]",,85.772,86.06906393053843,83.86815024700472,85.02672760190285,87.26212839855779,88.44992037278104,False,2026-08-31T17:30:21.961299Z,2026-08-31T17:30:21.961299Z,2026-09-01T14:30:00-04:00,2026-09-01,1.0414124849652777,blend/1,decide/3,-4.5882139826418555,4.5882139826418555,24.993899639166667,commodity:wti|2026-09-01|hl-candle-close,0
kalshi,Silver — Daily · to Sep 2,False,,commodity,False,commodity:silver:price-outlook:daily,commodity:silver,asset-price/2,signal,2026-09-02T21:00:00.000000000+00:00,kalshi-settled-print,True,bridge:sha256:ed2613876006731c918d15ed0849d71920dfd4208b75f3394edaae94c1f8b5b9,venue-settlement-value,,0.3378644062476442,,5,0.9,True,64.86099671200948,,True,2026-09-03T00:15:28.110000000+00:00,,62.03198266490609,experimental,65.9591086387597,0.1,c19837ef-1e4a-4fd0-a2a2-219068b20ca0,"{""legs"":{},""scoredRungs"":0,""settleByObservable"":{""terminal_close"":65.33},""version"":""settlement/1""}",65.33,pout:pbh:d097f6c54da1603553b6656f621fe08c92ce11dd8f767159aedcf1e1cfdb8c4a:2026-09-02,2026-09-02,po:pbh:d097f6c54da1603553b6656f621fe08c92ce11dd8f767159aedcf1e1cfdb8c4a:2026-09-02:47f8c5a6ef3e223c:3cbcce3ff8a0636f,"{""distribution"":{""crps"":0.3378644062476442,""crpsGridPoints"":5,""crpsPHigh"":0.9,""crpsPLow"":0.1,""inBand"":true,""inWideBand"":true,""pinball"":{""0.1"":0.329801733509391,""0.25"":0.3474993004264224,""0.5"":0.23450164399525875,""0.75"":0.05676743617910418,""0.9"":0.06291086387597032}},""excursion"":null,""legBrier"":{""legs"":{},""scoredRungs"":0,""settleByObservable"":{""terminal_close"":65.33},""version"":""settlement/1""},""receipt"":null,""settleBasis"":""venue-settlement-value"",""settleNote"":null,""settleQuality"":{""venueSettlement"":1.0},""settleSource"":""kalshi-settled-print"",""settlementVersion"":""settlement/1""}",True,settlement/1,2026-09-02T21:00:00.000000000+00:00,,terminal_close,"{""0.1"":0.329801733509391,""0.25"":0.3474993004264224,""0.5"":0.23450164399525875,""0.75"":0.05676743617910418,""0.9"":0.06291086387597032}",63.94000279829431,bridge:sha256:ed2613876006731c918d15ed0849d71920dfd4208b75f3394edaae94c1f8b5b9,True,daily,65.55706974471642,KXSILVERD,,,,,bridge:sha256:ed2613876006731c918d15ed0849d71920dfd4208b75f3394edaae94c1f8b5b9,,estimated,,terminal_close,,signal,,,65.29717880890149,64.86099671200948,62.03198266490609,63.94000279829431,65.55706974471642,65.9591086387597,False,2026-09-02T20:30:33.493538Z,2026-09-02T20:30:33.493538Z,2026-09-02T21:00:00Z,2026-09-02,0.02044567664351852,blend/1,decide/3,-0.7178988029856382,0.7178988029856382,0.49069623944444446,commodity:silver|2026-09-02|venue-settlement-value,0
,Silver — Next-day · to Sep 2,False,,commodity,False,commodity:silver:price-outlook:next-day,commodity:silver,asset-price/2,signal,2026-09-02T21:00:00.000000000+00:00,kalshi-settled-print,True,bridge:sha256:ed2613876006731c918d15ed0849d71920dfd4208b75f3394edaae94c1f8b5b9,venue-settlement-value,,0.5044594748478163,,5,0.9,False,64.42467609883853,,True,2026-09-03T00:15:28.998000000+00:00,,61.40623970717804,experimental,65.88364675560942,0.1,c19837ef-1e4a-4fd0-a2a2-219068b20ca0,"{""legs"":{},""scoredRungs"":0,""settleByObservable"":{""terminal_close"":65.33},""version"":""settlement/1""}",65.33,pout:pbh:633619e7c574153dd68fdae93e3072c1ef9412911e0b2c74bb183fa865c7f0a5:2026-09-02,2026-09-02,po:pbh:633619e7c574153dd68fdae93e3072c1ef9412911e0b2c74bb183fa865c7f0a5:2026-09-02:eb92e5a72f1face6:0f327cf47f8f39eb,"{""distribution"":{""crps"":0.5044594748478163,""crpsGridPoints"":5,""crpsPHigh"":0.9,""crpsPLow"":0.1,""inBand"":false,""inWideBand"":true,""pinball"":{""0.1"":0.39237602928219606,""0.25"":0.49366631174119924,""0.5"":0.4526619505807332,""0.75"":0.033752172836248207,""0.9"":0.05536467556094208}},""excursion"":null,""legBrier"":{""legs"":{},""scoredRungs"":0,""settleByObservable"":{""terminal_close"":65.33},""version"":""settlement/1""},""receipt"":null,""settleBasis"":""venue-settlement-value"",""settleNote"":null,""settleQuality"":{""venueSettlement"":1.0},""settleSource"":""kalshi-settled-print"",""settlementVersion"":""settlement/1""}",True,settlement/1,2026-09-02T21:00:00.000000000+00:00,,terminal_close,"{""0.1"":0.39237602928219606,""0.25"":0.49366631174119924,""0.5"":0.4526619505807332,""0.75"":0.033752172836248207,""0.9"":0.05536467556094208}",63.3553347530352,bridge:sha256:ed2613876006731c918d15ed0849d71920dfd4208b75f3394edaae94c1f8b5b9,True,next-day,65.284997102885,,,,,,bridge:sha256:ed2613876006731c918d15ed0849d71920dfd4208b75f3394edaae94c1f8b5b9,,estimated,,terminal_close,,signal,,,64.09817131166682,64.42467609883853,61.40623970717804,63.3553347530352,65.284997102885,65.88364675560942,False,2026-09-01T20:30:31.255202Z,2026-09-01T20:30:31.255202Z,2026-09-02T21:00:00Z,2026-09-02,1.0204715833101852,blend/1,decide/3,-1.3857705512956782,1.3857705512956782,24.491317999444444,commodity:silver|2026-09-02|venue-settlement-value,0
polymarket,WTI Crude Oil — Long · Daily · to Sep 3,False,1.474516,commodity,False,commodity:wti:price-outlook:daily,commodity:wti,asset-price/2,signal,2026-09-03T14:30:00.000000000-04:00,hyperliquid-candle,True,sha256:46c2ae7e0818d1019f57a01bdc99207a8d1a27d52940e85a78a6901163e048cd,hl-candle-close,True,0.1392962630042134,89.86,5,0.9,False,91.45052116725763,long,True,2026-09-03T19:15:31.433000000+00:00,91.44254174672713,90.97644765951455,experimental,91.89890844586786,0.1,71e9a0d1-1d74-4cf0-bde3-13530d13eb93,"{""legs"":{""venue"":{""brier"":0.02496364,""leg"":""venue"",""meanOutcome"":0.81818182,""meanProbability"":0.85636364,""n"":22,""reason"":null,""unscored"":{""grid_no_probability"":8}}},""scoredRungs"":22,""settleByObservable"":{""terminal_close"":91.185},""version"":""settlement/1""}",91.185,pout:pbh:9e7347f4ac614c707838462efa869e21be85320b73729a5557c9091ab16b9b63:2026-09-03,2026-09-03,po:commodity:wti:price-outlook:daily:2026-09-03:47f8c5a6ef3e223c:bcf88612828cdf68,"{""distribution"":{""crps"":0.1392962630042134,""crpsGridPoints"":5,""crpsPHigh"":0.9,""crpsPLow"":0.1,""inBand"":false,""inWideBand"":true,""pinball"":{""0.1"":0.020855234048545414,""0.25"":0.024845463536372847,""0.5"":0.1327605836288157,""0.75"":0.12285218494989181,""0.9"":0.0713908445867858}},""excursion"":{""bars"":12.0,""coverage"":1.0,""droppedCandles"":0.0,""expectedBars"":12.0,""intervalSeconds"":3600.0,""maxGapBars"":1.0},""lean"":{""entryRefPrice"":91.551,""hitTarget"":true,""realizedPct"":0.399777,""side"":""short"",""sigma"":-0.27296347802263105},""legBrier"":{""legs"":{""venue"":{""brier"":0.02496364,""leg"":""venue"",""meanOutcome"":0.81818182,""meanProbability"":0.85636364,""n"":22,""reason"":null,""unscored"":{""grid_no_probability"":8}}},""scoredRungs"":22,""settleByObservable"":{""terminal_close"":91.185},""version"":""settlement/1""},""receipt"":{""barrierNote"":null,""costPct"":null,""entryRefPrice"":89.86,""exitPrice"":91.185,""exitReason"":""anchor"",""grossReturnPct"":1.474516,""hitStop"":null,""hitTarget"":true,""netReturnPct"":null,""netReturnReason"":""no_cost_basis"",""realizedPct"":1.474516,""settlePrice"":91.185,""side"":""long""},""settleBasis"":""hl-candle-close"",""settleNote"":null,""settleQuality"":{""bars"":120.0,""coverage"":1.0,""droppedCandles"":0.0,""expectedBars"":120.0,""intervalSeconds"":60.0,""maxGapBars"":0.0,""stalenessSeconds"":0.001},""settleSource"":""hyperliquid-candle"",""settlementVersion"":""settlement/1""}",True,settlement/1,2026-09-03T18:29:59.999000000+00:00,psig:commodity:wti:price-outlook:daily:2026-09-03:r10,terminal_close,"{""0.1"":0.020855234048545414,""0.25"":0.024845463536372847,""0.5"":0.1327605836288157,""0.75"":0.12285218494989181,""0.9"":0.0713908445867858}",91.21812728471517,sha256:46c2ae7e0818d1019f57a01bdc99207a8d1a27d52940e85a78a6901163e048cd,True,daily,91.67640873979957,,0.399777,-0.27296347802263105,short,True,sha256:46c2ae7e0818d1019f57a01bdc99207a8d1a27d52940e85a78a6901163e048cd,spot,verified,,terminal_close,,signal,"[{""clampedPercentiles"":[],""contributing"":true,""leg"":""house"",""median"":91.551,""rawWeight"":0.2,""scaleSource"":""own"",""support"":6115,""weight"":0.22222222222222227},{""clampedPercentiles"":[],""contributing"":true,""leg"":""q"",""median"":91.47715006754558,""rawWeight"":0.7,""scaleSource"":""own"",""support"":6115,""weight"":0.7777777777777778}]",,91.551,91.45052116725763,90.97644765951455,91.21812728471517,91.67640873979957,91.89890844586786,False,2026-09-03T17:30:34.53717Z,2026-09-03T17:30:34.53717Z,2026-09-03T14:30:00-04:00,2026-09-03,0.041266930902777776,blend/1,decide/4,0.2911895237787261,0.2911895237787261,0.9904063416666666,commodity:wti|2026-09-03|hl-candle-close,0
,WTI Crude Oil — Next-day · to Sep 3,False,,commodity,False,commodity:wti:price-outlook:next-day,commodity:wti,asset-price/2,signal,2026-09-03T14:30:00.000000000-04:00,hyperliquid-candle,True,sha256:46c2ae7e0818d1019f57a01bdc99207a8d1a27d52940e85a78a6901163e048cd,hl-candle-close,,0.4588558690753801,,5,0.9,True,90.58099999999997,,True,2026-09-03T19:15:32.856000000+00:00,90.55614513038323,88.2107338259062,experimental,92.95251888517768,0.1,71e9a0d1-1d74-4cf0-bde3-13530d13eb93,"{""legs"":{""venue"":{""brier"":0.03912788,""leg"":""venue"",""meanOutcome"":0.69230769,""meanProbability"":0.64403846,""n"":26,""reason"":null,""unscored"":{""grid_no_probability"":4}}},""scoredRungs"":26,""settleByObservable"":{""terminal_close"":91.185},""version"":""settlement/1""}",91.185,pout:pbh:648a378eb48180d24dd05e3690619b244fbc3004e937d1cc010980beb88c82fd:2026-09-03,2026-09-03,po:commodity:wti:price-outlook:next-day:2026-09-03:47f8c5a6ef3e223c:ea38f109d179fe76,"{""distribution"":{""crps"":0.4588558690753801,""crpsGridPoints"":5,""crpsPHigh"":0.9,""crpsPLow"":0.1,""inBand"":true,""inWideBand"":true,""pinball"":{""0.1"":0.2974266174093799,""0.25"":0.44450748036999954,""0.5"":0.3020000000000138,""0.75"":0.14731525259575307,""0.9"":0.1767518885177679}},""excursion"":null,""lean"":null,""legBrier"":{""legs"":{""venue"":{""brier"":0.03912788,""leg"":""venue"",""meanOutcome"":0.69230769,""meanProbability"":0.64403846,""n"":26,""reason"":null,""unscored"":{""grid_no_probability"":4}}},""scoredRungs"":26,""settleByObservable"":{""terminal_close"":91.185},""version"":""settlement/1""},""receipt"":null,""settleBasis"":""hl-candle-close"",""settleNote"":null,""settleQuality"":{""bars"":120.0,""coverage"":1.0,""droppedCandles"":0.0,""expectedBars"":120.0,""intervalSeconds"":60.0,""maxGapBars"":0.0,""stalenessSeconds"":0.001},""settleSource"":""hyperliquid-candle"",""settlementVersion"":""settlement/1""}",True,settlement/1,2026-09-03T18:29:59.999000000+00:00,,terminal_close,"{""0.1"":0.2974266174093799,""0.25"":0.44450748036999954,""0.5"":0.3020000000000138,""0.75"":0.14731525259575307,""0.9"":0.1767518885177679}",89.40697007852,sha256:46c2ae7e0818d1019f57a01bdc99207a8d1a27d52940e85a78a6901163e048cd,True,next-day,91.77426101038301,,,,,,sha256:46c2ae7e0818d1019f57a01bdc99207a8d1a27d52940e85a78a6901163e048cd,spot,verified,,terminal_close,,signal,"[{""clampedPercentiles"":[],""contributing"":true,""leg"":""house"",""median"":90.581,""rawWeight"":0.2,""scaleSource"":""own"",""support"":6115,""weight"":0.6666666666666666},{""clampedPercentiles"":[],""contributing"":true,""leg"":""venue"",""median"":90.68199057894738,""rawWeight"":0.1,""scaleSource"":""own"",""support"":30,""weight"":0.3333333333333333}]",,90.581,90.58099999999997,88.2107338259062,89.40697007852,91.77426101038301,92.95251888517768,False,2026-09-02T20:30:33.493538Z,2026-09-02T20:30:33.493538Z,2026-09-03T14:30:00-04:00,2026-09-03,0.9162790099768519,blend/1,decide/3,-0.6623896474201103,0.6623896474201103,21.990696239444446,commodity:wti|2026-09-03|hl-candle-close,0
kalshi,Copper — Long · Daily · to Sep 3,False,1.084401,commodity,False,commodity:copper:price-outlook:daily,commodity:copper,asset-price/2,signal,2026-09-03T21:00:00.000000000+00:00,hyperliquid-candle,True,sha256:0f2f004be8916598e63af4dc583d567bdd10dd91992e94db198507a13ec5fd47,hl-candle-close,True,0.001467519253522931,6.5935,5,0.9,True,6.664851013846139,long,True,2026-09-03T21:15:20.358000000+00:00,6.664646911414571,6.653467322507831,experimental,6.675581529845576,0.1,12a61561-6200-4731-aa13-fedcd0895277,"{""legs"":{""venue"":{""brier"":0.21632656,""leg"":""venue"",""meanOutcome"":0.625,""meanProbability"":0.8565625,""n"":16,""reason"":null,""unscored"":{""grid_no_probability"":34}}},""scoredRungs"":16,""settleByObservable"":{""terminal_close"":6.665},""version"":""settlement/1""}",6.665,pout:pbh:b73de04c8209ac6d3216fe782b150a5d861db53a5a80310ab3fb6fb26df9f2b7:2026-09-03,2026-09-03,po:commodity:copper:price-outlook:daily:2026-09-03:47f8c5a6ef3e223c:46b37e480fcb167d,"{""distribution"":{""crps"":0.001467519253522931,""crpsGridPoints"":5,""crpsPHigh"":0.9,""crpsPLow"":0.1,""inBand"":true,""inWideBand"":true,""pinball"":{""0.1"":0.001153267749216891,""0.25"":0.0014310959277716861,""0.5"":7.449307693052631e-05,""0.75"":0.0013153030847070646,""0.9"":0.0010581529845575587}},""excursion"":{""bars"":21.0,""coverage"":1.0,""droppedCandles"":0.0,""expectedBars"":20.0,""intervalSeconds"":3600.0,""maxGapBars"":0.0},""lean"":null,""legBrier"":{""legs"":{""venue"":{""brier"":0.21632656,""leg"":""venue"",""meanOutcome"":0.625,""meanProbability"":0.8565625,""n"":16,""reason"":null,""unscored"":{""grid_no_probability"":34}}},""scoredRungs"":16,""settleByObservable"":{""terminal_close"":6.665},""version"":""settlement/1""},""receipt"":{""barrierNote"":null,""costPct"":null,""entryRefPrice"":6.5935,""exitPrice"":6.665,""exitReason"":""anchor"",""grossReturnPct"":1.084401,""hitStop"":null,""hitTarget"":true,""netReturnPct"":null,""netReturnReason"":""no_cost_basis"",""realizedPct"":1.084401,""settlePrice"":6.665,""side"":""long""},""settleBasis"":""hl-candle-close"",""settleNote"":null,""settleQuality"":{""bars"":120.0,""coverage"":1.0,""droppedCandles"":0.0,""expectedBars"":120.0,""intervalSeconds"":60.0,""maxGapBars"":0.0,""stalenessSeconds"":0.001},""settleSource"":""hyperliquid-candle"",""settlementVersion"":""settlement/1""}",True,settlement/1,2026-09-03T20:59:59.999000000+00:00,psig:commodity:copper:price-outlook:daily:2026-09-03:r4,terminal_close,"{""0.1"":0.001153267749216891,""0.25"":0.0014310959277716861,""0.5"":7.449307693052631e-05,""0.75"":0.0013153030847070646,""0.9"":0.0010581529845575587}",6.659275616288913,sha256:0f2f004be8916598e63af4dc583d567bdd10dd91992e94db198507a13ec5fd47,True,daily,6.670261212338828,KXCOPPERD,,,,,sha256:0f2f004be8916598e63af4dc583d567bdd10dd91992e94db198507a13ec5fd47,spot,verified,,terminal_close,,signal,"[{""clampedPercentiles"":[],""contributing"":true,""leg"":""house"",""median"":6.6645,""rawWeight"":0.2,""scaleSource"":""own"",""support"":6115,""weight"":0.22222222222222227},{""clampedPercentiles"":[],""contributing"":true,""leg"":""q"",""median"":6.664951303516463,""rawWeight"":0.7,""scaleSource"":""own"",""support"":6115,""weight"":0.7777777777777778}]",,6.6645,6.664851013846139,6.653467322507831,6.659275616288913,6.670261212338828,6.675581529845576,False,2026-09-03T20:30:30.757455Z,2026-09-03T20:30:30.757455Z,2026-09-03T21:00:00Z,2026-09-03,0.020477344270833333,blend/1,decide/4,-0.0022353511457022146,0.0022353511457022146,0.4914562625,commodity:copper|2026-09-03|hl-candle-close,0
,Copper — Next-day · to Sep 3,False,,commodity,False,commodity:copper:price-outlook:next-day,commodity:copper,asset-price/2,signal,2026-09-03T21:00:00.000000000+00:00,hyperliquid-candle,True,sha256:0f2f004be8916598e63af4dc583d567bdd10dd91992e94db198507a13ec5fd47,hl-candle-close,,0.034951933103516415,,5,0.9,False,6.6032,,True,2026-09-03T21:15:21.172000000+00:00,6.602031263057083,6.5232787275279875,experimental,6.679304740102542,0.1,12a61561-6200-4731-aa13-fedcd0895277,"{""legs"":{""venue"":{""brier"":0.02814625,""leg"":""venue"",""meanOutcome"":0.0,""meanProbability"":0.11225,""n"":20,""reason"":null,""unscored"":{""grid_no_probability"":20}}},""scoredRungs"":20,""settleByObservable"":{""terminal_close"":6.665},""version"":""settlement/1""}",6.665,pout:pbh:ba79221fd3830f44088f4c1f39af6973dd49542f6b4ac54698fbf128fc240fb0:2026-09-03,2026-09-03,po:commodity:copper:price-outlook:next-day:2026-09-03:47f8c5a6ef3e223c:481f65b5f5397c00,"{""distribution"":{""crps"":0.034951933103516415,""crpsGridPoints"":5,""crpsPHigh"":0.9,""crpsPLow"":0.1,""inBand"":false,""inWideBand"":true,""pinball"":{""0.1"":0.01417212724720125,""0.25"":0.025261906238728926,""0.5"":0.030899999999999928,""0.75"":0.017641951048516402,""0.9"":0.001430474010254201}},""excursion"":null,""lean"":null,""legBrier"":{""legs"":{""venue"":{""brier"":0.02814625,""leg"":""venue"",""meanOutcome"":0.0,""meanProbability"":0.11225,""n"":20,""reason"":null,""unscored"":{""grid_no_probability"":20}}},""scoredRungs"":20,""settleByObservable"":{""terminal_close"":6.665},""version"":""settlement/1""},""receipt"":null,""settleBasis"":""hl-candle-close"",""settleNote"":null,""settleQuality"":{""bars"":120.0,""coverage"":1.0,""droppedCandles"":0.0,""expectedBars"":120.0,""intervalSeconds"":60.0,""maxGapBars"":0.0,""stalenessSeconds"":0.001},""settleSource"":""hyperliquid-candle"",""settlementVersion"":""settlement/1""}",True,settlement/1,2026-09-03T20:59:59.999000000+00:00,,terminal_close,"{""0.1"":0.01417212724720125,""0.25"":0.025261906238728926,""0.5"":0.030899999999999928,""0.75"":0.017641951048516402,""0.9"":0.001430474010254201}",6.563952375045084,sha256:0f2f004be8916598e63af4dc583d567bdd10dd91992e94db198507a13ec5fd47,True,next-day,6.641477398601978,,,,,,sha256:0f2f004be8916598e63af4dc583d567bdd10dd91992e94db198507a13ec5fd47,spot,verified,,terminal_close,,signal,"[{""clampedPercentiles"":[],""contributing"":true,""leg"":""house"",""median"":6.6032,""rawWeight"":0.2,""scaleSource"":""own"",""support"":6115,""weight"":1.0}]",,6.6032,6.6032,6.5232787275279875,6.563952375045084,6.641477398601978,6.679304740102542,False,2026-09-02T20:30:33.493538Z,2026-09-02T20:30:33.493538Z,2026-09-03T21:00:00Z,2026-09-03,1.0204456766435186,blend/1,decide/3,-0.9272318079519858,0.9272318079519858,24.490696239444446,commodity:copper|2026-09-03|hl-candle-close,0
kalshi,Gold — Long · Daily · to Sep 3,False,-0.072594,commodity,False,commodity:gold:price-outlook:daily,commodity:gold,asset-price/2,signal,2026-09-03T21:00:00.000000000+00:00,hyperliquid-candle,True,sha256:41d500799246285dfc4a1707649247b61ba6feb25a7ff84b5de0bdd816e0a6a5,hl-candle-close,False,1.9148872820802216,4476.95,5,0.9,True,4471.413774396406,long,True,2026-09-03T21:15:24.046000000+00:00,4471.224439400143,4460.725625657757,experimental,4481.495344145064,0.1,12a61561-6200-4731-aa13-fedcd0895277,"{""legs"":{""venue"":{""brier"":0.00649392,""leg"":""venue"",""meanOutcome"":0.97297297,""meanProbability"":0.95121622,""n"":37,""reason"":null,""unscored"":{""grid_no_probability"":3}}},""scoredRungs"":37,""settleByObservable"":{""terminal_close"":4473.7},""version"":""settlement/1""}",4473.7,pout:pbh:81b465de68b34d8be1132c53259cc922d726d69bc59cf1b4b9b92e5d660126bd:2026-09-03,2026-09-03,po:commodity:gold:price-outlook:daily:2026-09-03:47f8c5a6ef3e223c:6858f719110b0484,"{""distribution"":{""crps"":1.9148872820802216,""crpsGridPoints"":5,""crpsPHigh"":0.9,""crpsPLow"":0.1,""inBand"":true,""inWideBand"":true,""pinball"":{""0.1"":1.297437434224321,""0.25"":1.8804699739537227,""0.5"":1.1431128017970877,""0.75"":0.698992785726432,""0.9"":0.7795344145064517}},""excursion"":{""bars"":2.0,""coverage"":1.0,""droppedCandles"":0.0,""expectedBars"":1.0,""intervalSeconds"":3600.0,""maxGapBars"":0.0},""lean"":null,""legBrier"":{""legs"":{""venue"":{""brier"":0.00649392,""leg"":""venue"",""meanOutcome"":0.97297297,""meanProbability"":0.95121622,""n"":37,""reason"":null,""unscored"":{""grid_no_probability"":3}}},""scoredRungs"":37,""settleByObservable"":{""terminal_close"":4473.7},""version"":""settlement/1""},""receipt"":{""barrierNote"":null,""costPct"":null,""entryRefPrice"":4476.95,""exitPrice"":4473.7,""exitReason"":""anchor"",""grossReturnPct"":-0.072594,""hitStop"":null,""hitTarget"":false,""netReturnPct"":null,""netReturnReason"":""no_cost_basis"",""realizedPct"":-0.072594,""settlePrice"":4473.7,""side"":""long""},""settleBasis"":""hl-candle-close"",""settleNote"":null,""settleQuality"":{""bars"":120.0,""coverage"":1.0,""droppedCandles"":0.0,""expectedBars"":120.0,""intervalSeconds"":60.0,""maxGapBars"":0.0,""stalenessSeconds"":0.001},""settleSource"":""hyperliquid-candle"",""settlementVersion"":""settlement/1""}",True,settlement/1,2026-09-03T20:59:59.999000000+00:00,psig:commodity:gold:price-outlook:daily:2026-09-03:r23,terminal_close,"{""0.1"":1.297437434224321,""0.25"":1.8804699739537227,""0.5"":1.1431128017970877,""0.75"":0.698992785726432,""0.9"":0.7795344145064517}",4466.178120104185,sha256:41d500799246285dfc4a1707649247b61ba6feb25a7ff84b5de0bdd816e0a6a5,True,daily,4476.495971142906,KXGOLDD,,,,,sha256:41d500799246285dfc4a1707649247b61ba6feb25a7ff84b5de0bdd816e0a6a5,spot,verified,,terminal_close,,signal,"[{""clampedPercentiles"":[],""contributing"":true,""leg"":""house"",""median"":4471.25,""rawWeight"":0.2,""scaleSource"":""own"",""support"":6115,""weight"":0.22222222222222227},{""clampedPercentiles"":[],""contributing"":true,""leg"":""q"",""median"":4471.460567081093,""rawWeight"":0.7,""scaleSource"":""own"",""support"":6115,""weight"":0.7777777777777778}]",,4471.25,4471.413774396406,4460.725625657757,4466.178120104185,4476.495971142906,4481.495344145064,False,2026-09-03T20:30:30.757455Z,2026-09-03T20:30:30.757455Z,2026-09-03T21:00:00Z,2026-09-03,0.020477344270833333,blend/1,decide/4,-0.05110368606733075,0.05110368606733075,0.4914562625,commodity:gold|2026-09-03|hl-candle-close,0
,Gold — Next-day · to Sep 3,False,,commodity,False,commodity:gold:price-outlook:next-day,commodity:gold,asset-price/2,signal,2026-09-03T21:00:00.000000000+00:00,hyperliquid-candle,True,sha256:41d500799246285dfc4a1707649247b61ba6feb25a7ff84b5de0bdd816e0a6a5,hl-candle-close,,51.31899417323605,,5,0.9,False,4388.950000000007,,False,2026-09-03T21:15:25.135000000+00:00,4387.841455188454,4314.12900731877,experimental,4463.49483997017,0.1,12a61561-6200-4731-aa13-fedcd0895277,"{""legs"":{""venue"":{""brier"":0.15890375,""leg"":""venue"",""meanOutcome"":0.9,""meanProbability"":0.6665,""n"":40,""reason"":null,""unscored"":{}}},""scoredRungs"":40,""settleByObservable"":{""terminal_close"":4473.7},""version"":""settlement/1""}",4473.7,pout:pbh:ddd85f66af3112ea88acf80cb61dfaeb7b5fba13049eed41551f82c0d6fec56e:2026-09-03,2026-09-03,po:commodity:gold:price-outlook:next-day:2026-09-03:47f8c5a6ef3e223c:f9fff1c36e7582c2,"{""distribution"":{""crps"":51.31899417323605,""crpsGridPoints"":5,""crpsPHigh"":0.9,""crpsPLow"":0.1,""inBand"":false,""inWideBand"":false,""pinball"":{""0.1"":15.957099268122967,""0.25"":30.558931142795245,""0.5"":42.37499999999636,""0.75"":35.34165055468566,""0.9"":9.184644026847037}},""excursion"":null,""lean"":null,""legBrier"":{""legs"":{""venue"":{""brier"":0.15890375,""leg"":""venue"",""meanOutcome"":0.9,""meanProbability"":0.6665,""n"":40,""reason"":null,""unscored"":{}}},""scoredRungs"":40,""settleByObservable"":{""terminal_close"":4473.7},""version"":""settlement/1""},""receipt"":null,""settleBasis"":""hl-candle-close"",""settleNote"":null,""settleQuality"":{""bars"":120.0,""coverage"":1.0,""droppedCandles"":0.0,""expectedBars"":120.0,""intervalSeconds"":60.0,""maxGapBars"":0.0,""stalenessSeconds"":0.001},""settleSource"":""hyperliquid-candle"",""settlementVersion"":""settlement/1""}",True,settlement/1,2026-09-03T20:59:59.999000000+00:00,,terminal_close,"{""0.1"":15.957099268122967,""0.25"":30.558931142795245,""0.5"":42.37499999999636,""0.75"":35.34165055468566,""0.9"":9.184644026847037}",4351.464275428819,sha256:41d500799246285dfc4a1707649247b61ba6feb25a7ff84b5de0bdd816e0a6a5,True,next-day,4426.577799260419,,,,,,sha256:41d500799246285dfc4a1707649247b61ba6feb25a7ff84b5de0bdd816e0a6a5,spot,verified,,terminal_close,,signal,"[{""clampedPercentiles"":[],""contributing"":true,""leg"":""house"",""median"":4388.95,""rawWeight"":0.2,""scaleSource"":""own"",""support"":6115,""weight"":0.6666666666666666},{""clampedPercentiles"":[],""contributing"":true,""leg"":""venue"",""median"":4385.966113,""rawWeight"":0.1,""scaleSource"":""own"",""support"":40,""weight"":0.3333333333333333}]",,4388.95,4388.950000000007,4314.12900731877,4351.464275428819,4426.577799260419,4463.49483997017,False,2026-09-02T20:30:33.493538Z,2026-09-02T20:30:33.493538Z,2026-09-03T21:00:00Z,2026-09-03,1.0204456766435186,blend/1,decide/3,-1.8944050785701483,1.8944050785701483,24.490696239444446,commodity:gold|2026-09-03|hl-candle-close,0
kalshi,Silver — Short · Daily · to Sep 3,False,0.342089,commodity,False,commodity:silver:price-outlook:daily,commodity:silver,asset-price/2,signal,2026-09-03T21:00:00.000000000+00:00,hyperliquid-candle,True,sha256:d235229f7a0265cadb35bded984071e4ca8f8bc0db78f2a4b897ac2a0482525e,hl-candle-close,True,0.052831530917995334,67.234,5,0.9,True,67.01531967066231,short,True,2026-09-03T21:15:33.471000000+00:00,66.9618964632649,66.51171775125148,experimental,67.40063722559687,0.1,12a61561-6200-4731-aa13-fedcd0895277,"{""legs"":{""venue"":{""brier"":0.00202357,""leg"":""venue"",""meanOutcome"":0.91428571,""meanProbability"":0.91471429,""n"":35,""reason"":null,""unscored"":{""grid_no_probability"":5}}},""scoredRungs"":35,""settleByObservable"":{""terminal_close"":67.004},""version"":""settlement/1""}",67.004,pout:pbh:9e7dc4c3c9728b993a5f35078e4b591c832b3ab4cfbf9f5d694e4bc116b49daa:2026-09-03,2026-09-03,po:commodity:silver:price-outlook:daily:2026-09-03:47f8c5a6ef3e223c:c2583aa9e073a120,"{""distribution"":{""crps"":0.052831530917995334,""crpsGridPoints"":5,""crpsPHigh"":0.9,""crpsPLow"":0.1,""inBand"":true,""inWideBand"":true,""pinball"":{""0.1"":0.049228224874852344,""0.25"":0.04610417280481016,""0.5"":0.0056598353311514416,""0.75"":0.04556538003828692,""0.9"":0.03966372255968621}},""excursion"":{""bars"":5.0,""coverage"":1.0,""droppedCandles"":0.0,""expectedBars"":4.0,""intervalSeconds"":3600.0,""maxGapBars"":0.0},""lean"":null,""legBrier"":{""legs"":{""venue"":{""brier"":0.00202357,""leg"":""venue"",""meanOutcome"":0.91428571,""meanProbability"":0.91471429,""n"":35,""reason"":null,""unscored"":{""grid_no_probability"":5}}},""scoredRungs"":35,""settleByObservable"":{""terminal_close"":67.004},""version"":""settlement/1""},""receipt"":{""barrierNote"":null,""costPct"":null,""entryRefPrice"":67.234,""exitPrice"":67.004,""exitReason"":""anchor"",""grossReturnPct"":0.342089,""hitStop"":null,""hitTarget"":true,""netReturnPct"":null,""netReturnReason"":""no_cost_basis"",""realizedPct"":0.342089,""settlePrice"":67.004,""side"":""short""},""settleBasis"":""hl-candle-close"",""settleNote"":null,""settleQuality"":{""bars"":120.0,""coverage"":1.0,""droppedCandles"":0.0,""expectedBars"":120.0,""intervalSeconds"":60.0,""maxGapBars"":0.0,""stalenessSeconds"":0.001},""settleSource"":""hyperliquid-candle"",""settlementVersion"":""settlement/1""}",True,settlement/1,2026-09-03T20:59:59.999000000+00:00,psig:commodity:silver:price-outlook:daily:2026-09-03:r20,terminal_close,"{""0.1"":0.049228224874852344,""0.25"":0.04610417280481016,""0.5"":0.0056598353311514416,""0.75"":0.04556538003828692,""0.9"":0.03966372255968621}",66.81958330878076,sha256:d235229f7a0265cadb35bded984071e4ca8f8bc0db78f2a4b897ac2a0482525e,True,daily,67.18626152015315,KXSILVERD,,,,,sha256:d235229f7a0265cadb35bded984071e4ca8f8bc0db78f2a4b897ac2a0482525e,spot,verified,,terminal_close,,signal,"[{""clampedPercentiles"":[],""contributing"":true,""leg"":""house"",""median"":66.9895,""rawWeight"":0.2,""scaleSource"":""own"",""support"":6115,""weight"":0.22222222222222227},{""clampedPercentiles"":[],""contributing"":true,""leg"":""q"",""median"":67.02269671942297,""rawWeight"":0.7,""scaleSource"":""own"",""support"":13,""weight"":0.7777777777777778}]",,66.9895,67.01531967066231,66.51171775125148,66.81958330878076,67.18626152015315,67.40063722559687,False,2026-09-03T20:30:30.757455Z,2026-09-03T20:30:30.757455Z,2026-09-03T21:00:00Z,2026-09-03,0.020477344270833333,blend/1,decide/4,0.01689402224091529,0.01689402224091529,0.4914562625,commodity:silver|2026-09-03|hl-candle-close,0
,Silver — Next-day · to Sep 3,False,,commodity,False,commodity:silver:price-outlook:next-day,commodity:silver,asset-price/2,signal,2026-09-03T21:00:00.000000000+00:00,hyperliquid-candle,True,sha256:d235229f7a0265cadb35bded984071e4ca8f8bc0db78f2a4b897ac2a0482525e,hl-candle-close,,0.9958495723745883,,5,0.9,False,65.30049999999999,,False,2026-09-03T21:15:34.428000000+00:00,65.23323799796404,63.62322134254602,experimental,66.96858556271388,0.1,12a61561-6200-4731-aa13-fedcd0895277,"{""legs"":{""venue"":{""brier"":0.11833312,""leg"":""venue"",""meanOutcome"":0.825,""meanProbability"":0.633375,""n"":40,""reason"":null,""unscored"":{}}},""scoredRungs"":40,""settleByObservable"":{""terminal_close"":67.004},""version"":""settlement/1""}",67.004,pout:pbh:50532ae01557481d45d7ba4c3c20bb8dd65a9fcdd43e2fe89b4d06d06989c601:2026-09-03,2026-09-03,po:commodity:silver:price-outlook:next-day:2026-09-03:47f8c5a6ef3e223c:ee21e2973aefafd9,"{""distribution"":{""crps"":0.9958495723745883,""crpsGridPoints"":5,""crpsPHigh"":0.9,""crpsPLow"":0.1,""inBand"":false,""inWideBand"":false,""pinball"":{""0.1"":0.3380778657453988,""0.25"":0.6348049167681857,""0.5"":0.8517500000000098,""0.75"":0.6513999419296823,""0.9"":0.031872993557509235}},""excursion"":null,""lean"":null,""legBrier"":{""legs"":{""venue"":{""brier"":0.11833312,""leg"":""venue"",""meanOutcome"":0.825,""meanProbability"":0.633375,""n"":40,""reason"":null,""unscored"":{}}},""scoredRungs"":40,""settleByObservable"":{""terminal_close"":67.004},""version"":""settlement/1""},""receipt"":null,""settleBasis"":""hl-candle-close"",""settleNote"":null,""settleQuality"":{""bars"":120.0,""coverage"":1.0,""droppedCandles"":0.0,""expectedBars"":120.0,""intervalSeconds"":60.0,""maxGapBars"":0.0,""stalenessSeconds"":0.001},""settleSource"":""hyperliquid-candle"",""settlementVersion"":""settlement/1""}",True,settlement/1,2026-09-03T20:59:59.999000000+00:00,,terminal_close,"{""0.1"":0.3380778657453988,""0.25"":0.6348049167681857,""0.5"":0.8517500000000098,""0.75"":0.6513999419296823,""0.9"":0.031872993557509235}",64.46478033292726,sha256:d235229f7a0265cadb35bded984071e4ca8f8bc0db78f2a4b897ac2a0482525e,True,next-day,66.13546674409376,,,,,,sha256:d235229f7a0265cadb35bded984071e4ca8f8bc0db78f2a4b897ac2a0482525e,spot,verified,,terminal_close,,signal,"[{""clampedPercentiles"":[],""contributing"":true,""leg"":""house"",""median"":65.3005,""rawWeight"":0.2,""scaleSource"":""own"",""support"":6115,""weight"":0.6666666666666666},{""clampedPercentiles"":[],""contributing"":true,""leg"":""venue"",""median"":65.28903514285714,""rawWeight"":0.1,""scaleSource"":""own"",""support"":40,""weight"":0.3333333333333333}]",,65.3005,65.30049999999999,63.62322134254602,64.46478033292726,66.13546674409376,66.96858556271388,False,2026-09-02T20:30:33.493538Z,2026-09-02T20:30:33.493538Z,2026-09-03T21:00:00Z,2026-09-03,1.0204456766435186,blend/1,decide/3,-2.5423855292221647,2.5423855292221647,24.490696239444446,commodity:silver|2026-09-03|hl-candle-close,0
kalshi,Bitcoin — Long · Daily · to Sep 3,False,0.602376,crypto,False,crypto:btc:price-outlook:daily,crypto:btc,asset-price/2,signal,2026-09-03T21:00:00.000000000+00:00,hyperliquid-candle,True,sha256:f9d5ffd9409636486eafaa9b610b6bd5648edcb519051333e245de0740e38dab,hl-candle-close,True,84.58135690373442,80929.5,5,0.9,True,81434.636202485,long,True,2026-09-03T21:15:57.859000000+00:00,81367.37093516055,80782.0125257226,experimental,82023.94919591564,0.1,12a61561-6200-4731-aa13-fedcd0895277,"{""legs"":{""venue"":{""brier"":0.005275,""leg"":""venue"",""meanOutcome"":0.9375,""meanProbability"":0.9425,""n"":64,""reason"":null,""unscored"":{""grid_no_probability"":16}}},""scoredRungs"":64,""settleByObservable"":{""terminal_close"":81417.0},""version"":""settlement/1""}",81417.0,pout:pbh:cc628804f79ff4b92a26159bca4be46d5e6894c9d31ef786b5dc1852a3fb4517:2026-09-03,2026-09-03,po:crypto:btc:price-outlook:daily:2026-09-03:47f8c5a6ef3e223c:28de093678fe12cc,"{""distribution"":{""crps"":84.58135690373442,""crpsGridPoints"":5,""crpsPHigh"":0.9,""crpsPLow"":0.1,""inBand"":true,""inWideBand"":true,""pinball"":{""0.1"":63.49874742773973,""0.25"":62.94125616041492,""0.5"":8.818101242497505,""0.75"":90.91688441356018,""0.9"":60.69491959156438}},""excursion"":{""bars"":3.0,""coverage"":1.0,""droppedCandles"":0.0,""expectedBars"":2.0,""intervalSeconds"":3600.0,""maxGapBars"":0.0},""lean"":{""entryRefPrice"":81539.5,""hitTarget"":true,""realizedPct"":0.150234,""side"":""short"",""sigma"":-0.3599663499994425},""legBrier"":{""legs"":{""venue"":{""brier"":0.005275,""leg"":""venue"",""meanOutcome"":0.9375,""meanProbability"":0.9425,""n"":64,""reason"":null,""unscored"":{""grid_no_probability"":16}}},""scoredRungs"":64,""settleByObservable"":{""terminal_close"":81417.0},""version"":""settlement/1""},""receipt"":{""barrierNote"":null,""costPct"":null,""entryRefPrice"":80929.5,""exitPrice"":81417.0,""exitReason"":""anchor"",""grossReturnPct"":0.602376,""hitStop"":null,""hitTarget"":true,""netReturnPct"":null,""netReturnReason"":""no_cost_basis"",""realizedPct"":0.602376,""settlePrice"":81417.0,""side"":""long""},""settleBasis"":""hl-candle-close"",""settleNote"":null,""settleQuality"":{""bars"":120.0,""coverage"":1.0,""droppedCandles"":0.0,""expectedBars"":120.0,""intervalSeconds"":60.0,""maxGapBars"":0.0,""stalenessSeconds"":0.001},""settleSource"":""hyperliquid-candle"",""settlementVersion"":""settlement/1""}",True,settlement/1,2026-09-03T20:59:59.999000000+00:00,psig:crypto:btc:price-outlook:daily:2026-09-03:r22,terminal_close,"{""0.1"":63.49874742773973,""0.25"":62.94125616041492,""0.5"":8.818101242497505,""0.75"":90.91688441356018,""0.9"":60.69491959156438}",81165.23497535834,sha256:f9d5ffd9409636486eafaa9b610b6bd5648edcb519051333e245de0740e38dab,True,daily,81780.66753765424,KXBTCD,0.150234,-0.3599663499994425,short,True,sha256:f9d5ffd9409636486eafaa9b610b6bd5648edcb519051333e245de0740e38dab,spot,verified,,terminal_close,,signal,"[{""clampedPercentiles"":[],""contributing"":true,""leg"":""house"",""median"":81539.5,""rawWeight"":0.2,""scaleSource"":""own"",""support"":2748,""weight"":0.2},{""clampedPercentiles"":[],""contributing"":true,""leg"":""venue"",""median"":81540.6720495,""rawWeight"":0.1,""scaleSource"":""own"",""support"":80,""weight"":0.1},{""clampedPercentiles"":[],""contributing"":true,""leg"":""q"",""median"":81339.07766594714,""rawWeight"":0.7,""scaleSource"":""own"",""support"":20,""weight"":0.7}]",,81539.5,81434.636202485,80782.0125257226,81165.23497535834,81780.66753765424,82023.94919591564,False,2026-09-03T20:30:30.757455Z,2026-09-03T20:30:30.757455Z,2026-09-03T21:00:00Z,2026-09-03,0.020477344270833333,blend/1,decide/4,0.021661572503279426,0.021661572503279426,0.4914562625,crypto:btc|2026-09-03|hl-candle-close,0
,Bitcoin — Next-day · to Sep 3,False,,crypto,False,crypto:btc:price-outlook:next-day,crypto:btc,asset-price/2,signal,2026-09-03T21:00:00.000000000+00:00,hyperliquid-candle,True,sha256:f9d5ffd9409636486eafaa9b610b6bd5648edcb519051333e245de0740e38dab,hl-candle-close,,2747.94616207429,,5,0.9,False,77387.50000000009,,False,2026-09-03T21:15:59.028000000+00:00,77424.24751691766,75342.93290167447,experimental,79615.48360896186,0.1,12a61561-6200-4731-aa13-fedcd0895277,"{""legs"":{""venue"":{""brier"":0.15046636,""leg"":""venue"",""meanOutcome"":1.0,""meanProbability"":0.79454545,""n"":55,""reason"":null,""unscored"":{""grid_no_probability"":25}}},""scoredRungs"":55,""settleByObservable"":{""terminal_close"":81417.0},""version"":""settlement/1""}",81417.0,pout:pbh:e7f3310d5e258224fe3d8ff4568956603a4cdb2770a0b40f6e94f06b4b68ab7b:2026-09-03,2026-09-03,po:crypto:btc:price-outlook:next-day:2026-09-03:47f8c5a6ef3e223c:75f60378e3e6d7d9,"{""distribution"":{""crps"":2747.94616207429,""crpsGridPoints"":5,""crpsPHigh"":0.9,""crpsPLow"":0.1,""inBand"":false,""inWideBand"":false,""pinball"":{""0.1"":607.4067098325526,""0.25"":1248.3508992520256,""0.5"":2014.7499999999563,""0.75"":2267.2877077711746,""0.9"":1621.3647519343242}},""excursion"":null,""lean"":null,""legBrier"":{""legs"":{""venue"":{""brier"":0.15046636,""leg"":""venue"",""meanOutcome"":1.0,""meanProbability"":0.79454545,""n"":55,""reason"":null,""unscored"":{""grid_no_probability"":25}}},""scoredRungs"":55,""settleByObservable"":{""terminal_close"":81417.0},""version"":""settlement/1""},""receipt"":null,""settleBasis"":""hl-candle-close"",""settleNote"":null,""settleQuality"":{""bars"":120.0,""coverage"":1.0,""droppedCandles"":0.0,""expectedBars"":120.0,""intervalSeconds"":60.0,""maxGapBars"":0.0,""stalenessSeconds"":0.001},""settleSource"":""hyperliquid-candle"",""settlementVersion"":""settlement/1""}",True,settlement/1,2026-09-03T20:59:59.999000000+00:00,,terminal_close,"{""0.1"":607.4067098325526,""0.25"":1248.3508992520256,""0.5"":2014.7499999999563,""0.75"":2267.2877077711746,""0.9"":1621.3647519343242}",76423.5964029919,sha256:f9d5ffd9409636486eafaa9b610b6bd5648edcb519051333e245de0740e38dab,True,next-day,78393.94972297177,,,,,,sha256:f9d5ffd9409636486eafaa9b610b6bd5648edcb519051333e245de0740e38dab,spot,verified,,terminal_close,,signal,"[{""clampedPercentiles"":[],""contributing"":true,""leg"":""house"",""median"":77387.5,""rawWeight"":0.2,""scaleSource"":""own"",""support"":2748,""weight"":0.6666666666666666},{""clampedPercentiles"":[],""contributing"":true,""leg"":""venue"",""median"":77386.22286349999,""rawWeight"":0.1,""scaleSource"":""own"",""support"":80,""weight"":0.3333333333333333}]",,77387.5,77387.50000000009,75342.93290167447,76423.5964029919,78393.94972297177,79615.48360896186,False,2026-09-02T20:30:33.493538Z,2026-09-02T20:30:33.493538Z,2026-09-03T21:00:00Z,2026-09-03,1.0204456766435186,blend/1,decide/3,-4.949212081014914,4.949212081014914,24.490696239444446,crypto:btc|2026-09-03|hl-candle-close,0
kalshi,Copper — Short · Weekly · to Aug 28,False,0.486913,commodity,False,commodity:copper:price-outlook:weekly,commodity:copper,asset-price/2,signal,2026-08-28T21:00:00.000000000+00:00,hyperliquid-candle,True,sha256:0f2f004be8916598e63af4dc583d567bdd10dd91992e94db198507a13ec5fd47,hl-candle-close,False,0.03323212196779318,6.6747,5,0.9,False,6.59135345892598,short,False,2026-08-31T12:15:12.743000000+00:00,6.585463248485339,6.5397746020631216,experimental,6.641729675541191,0.1,d4b3f3a6-0298-44fc-81d5-bfc0aeec6113,"{""legs"":{""venue"":{""brier"":0.00022857,""leg"":""venue"",""meanOutcome"":1.0,""meanProbability"":0.98714286,""n"":7,""reason"":null,""unscored"":{""grid_no_probability"":33}}},""scoredRungs"":7,""settleByObservable"":{""terminal_close"":6.6422},""version"":""settlement/1""}",6.6422,pout:pbh:65e7cde67e3ba897f16d3b3646f2dc0ef2094accc3b95fb1b193bbf53d94f309:2026-08-28,2026-08-28,po:commodity:copper:price-outlook:weekly:2026-08-28:949218dc08e39f43:648fe3d783c8d962,"{""distribution"":{""crps"":0.03323212196779318,""crpsGridPoints"":5,""crpsPHigh"":0.9,""crpsPLow"":0.1,""inBand"":false,""inWideBand"":false,""pinball"":{""0.1"":0.010242539793687833,""0.25"":0.018492585866551225,""0.5"":0.0254232705370101,""0.75"":0.028808943954188093,""0.9"":0.0004232920129282114}},""excursion"":{""bars"":30.0,""coverage"":1.0,""droppedCandles"":0.0,""expectedBars"":29.0,""intervalSeconds"":3600.0,""maxGapBars"":0.0},""legBrier"":{""legs"":{""venue"":{""brier"":0.00022857,""leg"":""venue"",""meanOutcome"":1.0,""meanProbability"":0.98714286,""n"":7,""reason"":null,""unscored"":{""grid_no_probability"":33}}},""scoredRungs"":7,""settleByObservable"":{""terminal_close"":6.6422},""version"":""settlement/1""},""receipt"":{""barrierNote"":null,""costPct"":null,""entryRefPrice"":6.6747,""exitPrice"":6.6422,""exitReason"":""anchor"",""grossReturnPct"":0.486913,""hitStop"":null,""hitTarget"":false,""netReturnPct"":null,""netReturnReason"":""no_cost_basis"",""realizedPct"":0.486913,""settlePrice"":6.6422,""side"":""short""},""settleBasis"":""hl-candle-close"",""settleNote"":null,""settleQuality"":{""bars"":120.0,""coverage"":1.0,""droppedCandles"":0.0,""expectedBars"":120.0,""intervalSeconds"":60.0,""maxGapBars"":0.0,""stalenessSeconds"":0.001},""settleSource"":""hyperliquid-candle"",""settlementVersion"":""settlement/1""}",True,settlement/1,2026-08-28T20:59:59.999000000+00:00,psig:commodity:copper:price-outlook:weekly:2026-08-28:r125,terminal_close,"{""0.1"":0.010242539793687833,""0.25"":0.018492585866551225,""0.5"":0.0254232705370101,""0.75"":0.028808943954188093,""0.9"":0.0004232920129282114}",6.568229656533795,sha256:0f2f004be8916598e63af4dc583d567bdd10dd91992e94db198507a13ec5fd47,True,weekly,6.603788074727749,KXCOPPERW,,,,,sha256:0f2f004be8916598e63af4dc583d567bdd10dd91992e94db198507a13ec5fd47,spot,verified,,terminal_close,,signal,"[{""clampedPercentiles"":[],""contributing"":true,""leg"":""house"",""median"":6.638521035576182,""rawWeight"":0.2,""scaleSource"":""own"",""support"":6115,""weight"":0.2},{""clampedPercentiles"":[],""contributing"":true,""leg"":""venue"",""median"":6.584921465968586,""rawWeight"":0.1,""scaleSource"":""own"",""support"":40,""weight"":0.1},{""clampedPercentiles"":[],""contributing"":true,""leg"":""q"",""median"":6.580495740602596,""rawWeight"":0.7,""scaleSource"":""own"",""support"":13,""weight"":0.7}]",,6.6385,6.59135345892598,6.5397746020631216,6.568229656533795,6.603788074727749,6.641729675541191,False,2026-08-28T20:30:38.430929Z,2026-08-28T20:30:38.430929Z,2026-08-28T21:00:00Z,2026-08-28,0.02038853091435185,blend/1,decide/3,-0.7655075287407818,0.7655075287407818,0.4893247419444444,commodity:copper|2026-08-28|hl-candle-close,0
kalshi,Gold — Long · Weekly · to Aug 28,False,-2.388436,commodity,False,commodity:gold:price-outlook:weekly,commodity:gold,asset-price/2,signal,2026-08-28T21:00:00.000000000+00:00,hyperliquid-candle,True,sha256:41d500799246285dfc4a1707649247b61ba6feb25a7ff84b5de0bdd816e0a6a5,hl-candle-close,True,20.791437533242167,4565.75,5,0.9,True,4498.674983751384,long,True,2026-08-31T12:15:15.465000000+00:00,4476.422724168873,4389.893126527734,experimental,4531.783257677565,0.1,d4b3f3a6-0298-44fc-81d5-bfc0aeec6113,"{""legs"":{""venue"":{""brier"":0.0184375,""leg"":""venue"",""meanOutcome"":0.92857143,""meanProbability"":0.95035714,""n"":14,""reason"":null,""unscored"":{""grid_no_probability"":26}}},""scoredRungs"":14,""settleByObservable"":{""terminal_close"":4456.7},""version"":""settlement/1""}",4456.7,pout:pbh:cfeade016ad2cd23d1703349f9f7de81a71d8641ac5d26c2b0d1abf252342a50:2026-08-28,2026-08-28,po:commodity:gold:price-outlook:weekly:2026-08-28:949218dc08e39f43:e408dc348f2802b5,"{""distribution"":{""crps"":20.791437533242167,""crpsGridPoints"":5,""crpsPHigh"":0.9,""crpsPLow"":0.1,""inBand"":true,""inWideBand"":true,""pinball"":{""0.1"":6.680687347226558,""0.25"":6.394823259526902,""0.5"":20.987491875692285,""0.75"":14.028525810844485,""0.9"":7.508325767756558}},""excursion"":{""bars"":6.0,""coverage"":1.0,""droppedCandles"":0.0,""expectedBars"":5.0,""intervalSeconds"":3600.0,""maxGapBars"":0.0},""legBrier"":{""legs"":{""venue"":{""brier"":0.0184375,""leg"":""venue"",""meanOutcome"":0.92857143,""meanProbability"":0.95035714,""n"":14,""reason"":null,""unscored"":{""grid_no_probability"":26}}},""scoredRungs"":14,""settleByObservable"":{""terminal_close"":4456.7},""version"":""settlement/1""},""receipt"":{""barrierNote"":null,""costPct"":null,""entryRefPrice"":4565.75,""exitPrice"":4456.7,""exitReason"":""anchor"",""grossReturnPct"":-2.388436,""hitStop"":null,""hitTarget"":true,""netReturnPct"":null,""netReturnReason"":""no_cost_basis"",""realizedPct"":-2.388436,""settlePrice"":4456.7,""side"":""long""},""settleBasis"":""hl-candle-close"",""settleNote"":null,""settleQuality"":{""bars"":120.0,""coverage"":1.0,""droppedCandles"":0.0,""expectedBars"":120.0,""intervalSeconds"":60.0,""maxGapBars"":0.0,""stalenessSeconds"":0.001},""settleSource"":""hyperliquid-candle"",""settlementVersion"":""settlement/1""}",True,settlement/1,2026-08-28T20:59:59.999000000+00:00,psig:commodity:gold:price-outlook:weekly:2026-08-28:r149,terminal_close,"{""0.1"":6.680687347226558,""0.25"":6.394823259526902,""0.5"":20.987491875692285,""0.75"":14.028525810844485,""0.9"":7.508325767756558}",4431.120706961892,sha256:41d500799246285dfc4a1707649247b61ba6feb25a7ff84b5de0bdd816e0a6a5,True,weekly,4512.814103243378,KXGOLDW,,,,,sha256:41d500799246285dfc4a1707649247b61ba6feb25a7ff84b5de0bdd816e0a6a5,spot,verified,,terminal_close,,signal,"[{""clampedPercentiles"":[],""contributing"":true,""leg"":""house"",""median"":4457.871825801744,""rawWeight"":0.2,""scaleSource"":""own"",""support"":6115,""weight"":0.2},{""clampedPercentiles"":[],""contributing"":true,""leg"":""venue"",""median"":4458.114028020618,""rawWeight"":0.1,""scaleSource"":""own"",""support"":40,""weight"":0.1},{""clampedPercentiles"":[],""contributing"":true,""leg"":""q"",""median"":4517.920155,""rawWeight"":0.7,""scaleSource"":""own"",""support"":12,""weight"":0.7}]",,4457.85,4498.674983751384,4389.893126527734,4431.120706961892,4512.814103243378,4531.783257677565,False,2026-08-28T20:30:38.430929Z,2026-08-28T20:30:38.430929Z,2026-08-28T21:00:00Z,2026-08-28,0.02038853091435185,blend/1,decide/3,0.9418400105769869,0.9418400105769869,0.4893247419444444,commodity:gold|2026-08-28|hl-candle-close,0
kalshi,Gold — Long · Weekly · to Aug 28,False,-2.388436,commodity,False,commodity:gold:price-outlook:weekly,commodity:gold,asset-price/2,coverage,2026-08-28T21:00:00.000000000+00:00,hyperliquid-candle,True,,hl-candle-close,True,45.57245429185716,4565.75,5,0.9,True,4527.311931660592,long,True,2026-08-31T12:15:16.466000000+00:00,4526.731841098499,4310.1900255701885,experimental,4741.616086240285,0.1,d4b3f3a6-0298-44fc-81d5-bfc0aeec6113,"{""legs"":{},""scoredRungs"":0,""settleByObservable"":{""terminal_close"":4456.7},""version"":""settlement/1""}",4456.7,pout:commodity:gold:price-outlook:weekly:2026-08-28,2026-08-28,po:commodity:gold:price-outlook:weekly:2026-08-28:17104ba73f25c049:7ce56015b1b7a36a,"{""distribution"":{""crps"":45.57245429185716,""crpsGridPoints"":5,""crpsPHigh"":0.9,""crpsPLow"":0.1,""inBand"":true,""inWideBand"":true,""pinball"":{""0.1"":14.650997442981135,""0.25"":9.25376165799321,""0.5"":35.30596583029592,""0.75"":44.36643950865118,""0.9"":28.491608624028498}},""excursion"":{""bars"":6.0,""coverage"":1.0,""droppedCandles"":0.0,""expectedBars"":5.0,""intervalSeconds"":3600.0,""maxGapBars"":0.0},""legBrier"":{""legs"":{},""scoredRungs"":0,""settleByObservable"":{""terminal_close"":4456.7},""version"":""settlement/1""},""receipt"":{""barrierNote"":null,""costPct"":null,""entryRefPrice"":4565.75,""exitPrice"":4456.7,""exitReason"":""anchor"",""grossReturnPct"":-2.388436,""hitStop"":null,""hitTarget"":true,""netReturnPct"":null,""netReturnReason"":""no_cost_basis"",""realizedPct"":-2.388436,""settlePrice"":4456.7,""side"":""long""},""settleBasis"":""hl-candle-close"",""settleNote"":null,""settleQuality"":{""bars"":120.0,""coverage"":1.0,""droppedCandles"":0.0,""expectedBars"":120.0,""intervalSeconds"":60.0,""maxGapBars"":0.0,""stalenessSeconds"":0.001},""settleSource"":""hyperliquid-candle"",""settlementVersion"":""settlement/1""}",True,settlement/1,2026-08-28T20:59:59.999000000+00:00,psig:commodity:gold:price-outlook:weekly:2026-08-28:r149,terminal_close,"{""0.1"":14.650997442981135,""0.25"":9.25376165799321,""0.5"":35.30596583029592,""0.75"":44.36643950865118,""0.9"":28.491608624028498}",4419.684953368027,,True,weekly,4634.165758034605,KXGOLDW,,,,,,,,,terminal_close,,coverage,"[{""clampedPercentiles"":[],""contributing"":true,""leg"":""house"",""median"":4527.311931660592,""rawWeight"":0.45,""scaleSource"":""own"",""support"":6115,""weight"":1.0}]",,4518.35,4527.311931660592,4310.1900255701885,4419.684953368027,4634.165758034605,4741.616086240285,False,2026-08-20T21:30:54.616226Z,2026-08-20T21:30:54.616226Z,2026-08-28T21:00:00Z,2026-08-28,7.978534534421296,blend/1,decide/1,1.5843994807950241,1.5843994807950241,191.4848288261111,commodity:gold|2026-08-28|hl-candle-close,0
kalshi,Silver — Long · Weekly · to Aug 28,False,-4.099876,commodity,False,commodity:silver:price-outlook:weekly,commodity:silver,asset-price/2,signal,2026-08-28T21:00:00.000000000+00:00,hyperliquid-candle,True,sha256:d235229f7a0265cadb35bded984071e4ca8f8bc0db78f2a4b897ac2a0482525e,hl-candle-close,True,2.357737349599477,69.246,5,0.9,False,61.77131013225135,long,True,2026-08-31T12:15:25.658000000+00:00,61.47219824996164,55.09161775129561,experimental,66.93408580953248,0.1,d4b3f3a6-0298-44fc-81d5-bfc0aeec6113,"{""legs"":{""venue"":{""brier"":9.444e-05,""leg"":""venue"",""meanOutcome"":1.0,""meanProbability"":0.99277778,""n"":18,""reason"":null,""unscored"":{""grid_no_probability"":22}}},""scoredRungs"":18,""settleByObservable"":{""terminal_close"":66.407},""version"":""settlement/1""}",66.407,pout:pbh:632340305a5d8bf334bc897886fa82086e14954b242a30d267fdd4c2f58fda87:2026-08-28,2026-08-28,po:commodity:silver:price-outlook:weekly:2026-08-28:949218dc08e39f43:766427eecca02af1,"{""distribution"":{""crps"":2.357737349599477,""crpsGridPoints"":5,""crpsPHigh"":0.9,""crpsPLow"":0.1,""inBand"":false,""inWideBand"":true,""pinball"":{""0.1"":1.1315382248704389,""0.25"":2.200505735486095,""0.5"":2.3178449338743228,""0.75"":0.35243891898581126,""0.9"":0.052708580953247965}},""excursion"":{""bars"":6.0,""coverage"":1.0,""droppedCandles"":0.0,""expectedBars"":5.0,""intervalSeconds"":3600.0,""maxGapBars"":0.0},""legBrier"":{""legs"":{""venue"":{""brier"":9.444e-05,""leg"":""venue"",""meanOutcome"":1.0,""meanProbability"":0.99277778,""n"":18,""reason"":null,""unscored"":{""grid_no_probability"":22}}},""scoredRungs"":18,""settleByObservable"":{""terminal_close"":66.407},""version"":""settlement/1""},""receipt"":{""barrierNote"":null,""costPct"":null,""entryRefPrice"":69.246,""exitPrice"":66.407,""exitReason"":""anchor"",""grossReturnPct"":-4.099876,""hitStop"":null,""hitTarget"":true,""netReturnPct"":null,""netReturnReason"":""no_cost_basis"",""realizedPct"":-4.099876,""settlePrice"":66.407,""side"":""long""},""settleBasis"":""hl-candle-close"",""settleNote"":null,""settleQuality"":{""bars"":120.0,""coverage"":1.0,""droppedCandles"":0.0,""expectedBars"":120.0,""intervalSeconds"":60.0,""maxGapBars"":0.0,""stalenessSeconds"":0.001},""settleSource"":""hyperliquid-candle"",""settlementVersion"":""settlement/1""}",True,settlement/1,2026-08-28T20:59:59.999000000+00:00,psig:commodity:silver:price-outlook:weekly:2026-08-28:r149,terminal_close,"{""0.1"":1.1315382248704389,""0.25"":2.200505735486095,""0.5"":2.3178449338743228,""0.75"":0.35243891898581126,""0.9"":0.052708580953247965}",57.60497705805562,sha256:d235229f7a0265cadb35bded984071e4ca8f8bc0db78f2a4b897ac2a0482525e,True,weekly,65.93708144135225,KXSILVERW,,,,,sha256:d235229f7a0265cadb35bded984071e4ca8f8bc0db78f2a4b897ac2a0482525e,spot,verified,,terminal_close,,signal,"[{""clampedPercentiles"":[],""contributing"":true,""leg"":""house"",""median"":66.31898516707021,""rawWeight"":0.2,""scaleSource"":""own"",""support"":6115,""weight"":0.2},{""clampedPercentiles"":[],""contributing"":true,""leg"":""venue"",""median"":66.47532908421053,""rawWeight"":0.1,""scaleSource"":""own"",""support"":40,""weight"":0.1},{""clampedPercentiles"":[0.9],""contributing"":true,""leg"":""q"",""median"":59.76320361358133,""rawWeight"":0.7,""scaleSource"":""own"",""support"":8,""weight"":0.7}]",,66.3185,61.77131013225135,55.09161775129561,57.60497705805562,65.93708144135225,66.93408580953248,False,2026-08-28T20:30:38.430929Z,2026-08-28T20:30:38.430929Z,2026-08-28T21:00:00Z,2026-08-28,0.02038853091435185,blend/1,decide/3,-6.9807247244246025,6.9807247244246025,0.4893247419444444,commodity:silver|2026-08-28|hl-candle-close,0
kalshi,Silver — Long · Weekly · to Aug 28,False,-4.099876,commodity,False,commodity:silver:price-outlook:weekly,commodity:silver,asset-price/2,coverage,2026-08-28T21:00:00.000000000+00:00,hyperliquid-candle,True,,hl-candle-close,True,1.1662028085464118,69.246,5,0.9,True,68.36093785820262,long,True,2026-08-31T12:15:26.586000000+00:00,68.39893063092795,63.16718128770216,experimental,73.63798315823841,0.1,d4b3f3a6-0298-44fc-81d5-bfc0aeec6113,"{""legs"":{},""scoredRungs"":0,""settleByObservable"":{""terminal_close"":66.407},""version"":""settlement/1""}",66.407,pout:commodity:silver:price-outlook:weekly:2026-08-28,2026-08-28,po:commodity:silver:price-outlook:weekly:2026-08-28:17104ba73f25c049:7bb2b8a1167572c3,"{""distribution"":{""crps"":1.1662028085464118,""crpsGridPoints"":5,""crpsPHigh"":0.9,""crpsPLow"":0.1,""inBand"":true,""inWideBand"":true,""pinball"":{""0.1"":0.323981871229784,""0.25"":0.15999660165632434,""0.5"":0.9769689291013108,""0.75"":1.141644188187957,""0.9"":0.7230983158238414}},""excursion"":{""bars"":6.0,""coverage"":1.0,""droppedCandles"":0.0,""expectedBars"":5.0,""intervalSeconds"":3600.0,""maxGapBars"":0.0},""legBrier"":{""legs"":{},""scoredRungs"":0,""settleByObservable"":{""terminal_close"":66.407},""version"":""settlement/1""},""receipt"":{""barrierNote"":null,""costPct"":null,""entryRefPrice"":69.246,""exitPrice"":66.407,""exitReason"":""anchor"",""grossReturnPct"":-4.099876,""hitStop"":null,""hitTarget"":true,""netReturnPct"":null,""netReturnReason"":""no_cost_basis"",""realizedPct"":-4.099876,""settlePrice"":66.407,""side"":""long""},""settleBasis"":""hl-candle-close"",""settleNote"":null,""settleQuality"":{""bars"":120.0,""coverage"":1.0,""droppedCandles"":0.0,""expectedBars"":120.0,""intervalSeconds"":60.0,""maxGapBars"":0.0,""stalenessSeconds"":0.001},""settleSource"":""hyperliquid-candle"",""settlementVersion"":""settlement/1""}",True,settlement/1,2026-08-28T20:59:59.999000000+00:00,psig:commodity:silver:price-outlook:weekly:2026-08-28:r149,terminal_close,"{""0.1"":0.323981871229784,""0.25"":0.15999660165632434,""0.5"":0.9769689291013108,""0.75"":1.141644188187957,""0.9"":0.7230983158238414}",65.7670135933747,,True,weekly,70.97357675275182,KXSILVERW,,,,,,,,,terminal_close,,coverage,"[{""clampedPercentiles"":[],""contributing"":true,""leg"":""house"",""median"":68.36093785820262,""rawWeight"":0.45,""scaleSource"":""own"",""support"":6115,""weight"":1.0}]",,68.1435,68.36093785820262,63.16718128770216,65.7670135933747,70.97357675275182,73.63798315823841,False,2026-08-20T21:30:54.616226Z,2026-08-20T21:30:54.616226Z,2026-08-28T21:00:00Z,2026-08-28,7.978534534421296,blend/1,decide/1,2.94236730796847,2.94236730796847,191.4848288261111,commodity:silver|2026-08-28|hl-candle-close,0
kalshi,WTI Crude Oil — Long · Daily · to Aug 28,False,0.221226,commodity,False,commodity:wti:price-outlook:daily,commodity:wti,asset-price/2,signal,2026-08-28T14:30:00.000000000-04:00,hyperliquid-candle,True,sha256:46c2ae7e0818d1019f57a01bdc99207a8d1a27d52940e85a78a6901163e048cd,hl-candle-close,True,0.14717518342185287,83.173,5,0.9,True,83.2414701065665,long,True,2026-08-31T12:15:27.963000000+00:00,83.06101256413433,81.43875480632889,experimental,83.96344534672079,0.1,d4b3f3a6-0298-44fc-81d5-bfc0aeec6113,"{""legs"":{""venue"":{""brier"":0.00730238,""leg"":""venue"",""meanOutcome"":0.85714286,""meanProbability"":0.8652381,""n"":21,""reason"":null,""unscored"":{""grid_no_probability"":9}}},""scoredRungs"":21,""settleByObservable"":{""terminal_close"":83.357},""version"":""settlement/1""}",83.357,pout:pbh:9e7347f4ac614c707838462efa869e21be85320b73729a5557c9091ab16b9b63:2026-08-28,2026-08-28,po:commodity:wti:price-outlook:daily:2026-08-28:949218dc08e39f43:c3f9b272214202ef,"{""distribution"":{""crps"":0.14717518342185287,""crpsGridPoints"":5,""crpsPHigh"":0.9,""crpsPLow"":0.1,""inBand"":true,""inWideBand"":true,""pinball"":{""0.1"":0.1918245193671112,""0.25"":0.1232171925558525,""0.5"":0.05776494671675181,""0.75"":0.07783868733814359,""0.9"":0.06064453467207896}},""excursion"":{""bars"":13.0,""coverage"":1.0,""droppedCandles"":0.0,""expectedBars"":13.0,""intervalSeconds"":3600.0,""maxGapBars"":1.0},""legBrier"":{""legs"":{""venue"":{""brier"":0.00730238,""leg"":""venue"",""meanOutcome"":0.85714286,""meanProbability"":0.8652381,""n"":21,""reason"":null,""unscored"":{""grid_no_probability"":9}}},""scoredRungs"":21,""settleByObservable"":{""terminal_close"":83.357},""version"":""settlement/1""},""receipt"":{""barrierNote"":null,""costPct"":null,""entryRefPrice"":83.173,""exitPrice"":83.357,""exitReason"":""anchor"",""grossReturnPct"":0.221226,""hitStop"":null,""hitTarget"":true,""netReturnPct"":null,""netReturnReason"":""no_cost_basis"",""realizedPct"":0.221226,""settlePrice"":83.357,""side"":""long""},""settleBasis"":""hl-candle-close"",""settleNote"":null,""settleQuality"":{""bars"":120.0,""coverage"":1.0,""droppedCandles"":0.0,""expectedBars"":120.0,""intervalSeconds"":60.0,""maxGapBars"":0.0,""stalenessSeconds"":0.001},""settleSource"":""hyperliquid-candle"",""settlementVersion"":""settlement/1""}",True,settlement/1,2026-08-28T18:29:59.999000000+00:00,psig:commodity:wti:price-outlook:daily:2026-08-28:r9,terminal_close,"{""0.1"":0.1918245193671112,""0.25"":0.1232171925558525,""0.5"":0.05776494671675181,""0.75"":0.07783868733814359,""0.9"":0.06064453467207896}",82.86413122977659,sha256:46c2ae7e0818d1019f57a01bdc99207a8d1a27d52940e85a78a6901163e048cd,True,daily,83.66835474935257,KXWTI,,,,,sha256:46c2ae7e0818d1019f57a01bdc99207a8d1a27d52940e85a78a6901163e048cd,spot,verified,,terminal_close,,signal,"[{""clampedPercentiles"":[],""contributing"":true,""leg"":""house"",""median"":83.2932503410101,""rawWeight"":0.2,""scaleSource"":""own"",""support"":6115,""weight"":0.2},{""clampedPercentiles"":[],""contributing"":true,""leg"":""venue"",""median"":83.39978256,""rawWeight"":0.1,""scaleSource"":""own"",""support"":30,""weight"":0.1},{""clampedPercentiles"":[],""contributing"":true,""leg"":""q"",""median"":83.07818692355963,""rawWeight"":0.7,""scaleSource"":""own"",""support"":11,""weight"":0.7}]",,83.292,83.2414701065665,81.43875480632889,82.86413122977659,83.66835474935257,83.96344534672079,False,2026-08-28T17:30:39.792141Z,2026-08-28T17:30:39.792141Z,2026-08-28T14:30:00-04:00,2026-08-28,0.04120610947916667,blend/1,decide/3,-0.13859651071116236,0.13859651071116236,0.9889466275000001,commodity:wti|2026-08-28|hl-candle-close,0
kalshi,WTI Crude Oil — Weekly · to Aug 28,False,,commodity,False,commodity:wti:price-outlook:weekly,commodity:wti,asset-price/2,signal,2026-08-28T21:00:00.000000000+00:00,hyperliquid-candle,True,sha256:46c2ae7e0818d1019f57a01bdc99207a8d1a27d52940e85a78a6901163e048cd,hl-candle-close,,0.07512174033607713,,5,0.9,True,83.45130499376491,,True,2026-08-31T12:15:29.839000000+00:00,83.42050136097886,83.01979858385964,experimental,83.87275172307827,0.1,d4b3f3a6-0298-44fc-81d5-bfc0aeec6113,"{""legs"":{""venue"":{""brier"":0.00023955,""leg"":""venue"",""meanOutcome"":0.7,""meanProbability"":0.6959,""n"":10,""reason"":null,""unscored"":{""grid_no_probability"":3,""no_settle_for_observable"":12}}},""scoredRungs"":10,""settleByObservable"":{""terminal_close"":83.388},""version"":""settlement/1""}",83.388,pout:pbh:de43da524dbc5205656a80d069f77ea7c1aa4f895208ffc92e76b4de918e90fd:2026-08-28,2026-08-28,po:commodity:wti:price-outlook:weekly:2026-08-28:949218dc08e39f43:b72e3f3261a7ae59,"{""distribution"":{""crps"":0.07512174033607713,""crpsGridPoints"":5,""crpsPHigh"":0.9,""crpsPLow"":0.1,""inBand"":true,""inWideBand"":true,""pinball"":{""0.1"":0.03682014161403657,""0.25"":0.042609133338032734,""0.5"":0.031652496882450976,""0.75"":0.07364385367839787,""0.9"":0.04847517230782613}},""excursion"":null,""legBrier"":{""legs"":{""venue"":{""brier"":0.00023955,""leg"":""venue"",""meanOutcome"":0.7,""meanProbability"":0.6959,""n"":10,""reason"":null,""unscored"":{""grid_no_probability"":3,""no_settle_for_observable"":12}}},""scoredRungs"":10,""settleByObservable"":{""terminal_close"":83.388},""version"":""settlement/1""},""receipt"":null,""settleBasis"":""hl-candle-close"",""settleNote"":null,""settleQuality"":{""bars"":120.0,""coverage"":1.0,""droppedCandles"":0.0,""expectedBars"":120.0,""intervalSeconds"":60.0,""maxGapBars"":0.0,""stalenessSeconds"":0.001},""settleSource"":""hyperliquid-candle"",""settlementVersion"":""settlement/1""}",True,settlement/1,2026-08-28T20:59:59.999000000+00:00,,terminal_close,"{""0.1"":0.03682014161403657,""0.25"":0.042609133338032734,""0.5"":0.031652496882450976,""0.75"":0.07364385367839787,""0.9"":0.04847517230782613}",83.21756346664787,sha256:46c2ae7e0818d1019f57a01bdc99207a8d1a27d52940e85a78a6901163e048cd,True,weekly,83.6825754147136,KXWTIW,,,,,sha256:46c2ae7e0818d1019f57a01bdc99207a8d1a27d52940e85a78a6901163e048cd,spot,verified,,terminal_close,,signal,"[{""clampedPercentiles"":[],""contributing"":true,""leg"":""house"",""median"":83.40261945463959,""rawWeight"":0.2,""scaleSource"":""own"",""support"":6115,""weight"":0.6666666666666666},{""clampedPercentiles"":[],""contributing"":true,""leg"":""venue"",""median"":83.5,""rawWeight"":0.1,""scaleSource"":""own"",""support"":11,""weight"":0.3333333333333333}]",,83.402,83.45130499376491,83.01979858385964,83.21756346664787,83.6825754147136,83.87275172307827,False,2026-08-28T20:30:38.430929Z,2026-08-28T20:30:38.430929Z,2026-08-28T21:00:00Z,2026-08-28,0.02038853091435185,blend/1,decide/3,0.07591619149626079,0.07591619149626079,0.4893247419444444,commodity:wti|2026-08-28|hl-candle-close,0
kalshi,WTI Crude Oil — Weekly · to Aug 28,False,,commodity,False,commodity:wti:price-outlook:weekly,commodity:wti,asset-price/2,coverage,2026-08-28T21:00:00.000000000+00:00,hyperliquid-candle,True,,hl-candle-close,,1.6452871611419047,,5,0.9,True,86.59652351158472,,True,2026-08-31T12:15:30.532000000+00:00,86.64072475672918,80.13043194473639,experimental,93.1573126577369,0.1,d4b3f3a6-0298-44fc-81d5-bfc0aeec6113,"{""legs"":{},""scoredRungs"":0,""settleByObservable"":{""terminal_close"":83.388},""version"":""settlement/1""}",83.388,pout:commodity:wti:price-outlook:weekly:2026-08-28,2026-08-28,po:commodity:wti:price-outlook:weekly:2026-08-28:17104ba73f25c049:25d039be90d8204d,"{""distribution"":{""crps"":1.6452871611419047,""crpsGridPoints"":5,""crpsPHigh"":0.9,""crpsPLow"":0.1,""inBand"":true,""inWideBand"":true,""pinball"":{""0.1"":0.3257568055263619,""0.25"":0.0049257627667600445,""0.5"":1.6042617557923577,""0.75"":1.6144569186100348,""0.9"":0.9769312657736888}},""excursion"":null,""legBrier"":{""legs"":{},""scoredRungs"":0,""settleByObservable"":{""terminal_close"":83.388},""version"":""settlement/1""},""receipt"":null,""settleBasis"":""hl-candle-close"",""settleNote"":null,""settleQuality"":{""bars"":120.0,""coverage"":1.0,""droppedCandles"":0.0,""expectedBars"":120.0,""intervalSeconds"":60.0,""maxGapBars"":0.0,""stalenessSeconds"":0.001},""settleSource"":""hyperliquid-candle"",""settlementVersion"":""settlement/1""}",True,settlement/1,2026-08-28T20:59:59.999000000+00:00,,terminal_close,"{""0.1"":0.3257568055263619,""0.25"":0.0049257627667600445,""0.5"":1.6042617557923577,""0.75"":1.6144569186100348,""0.9"":0.9769312657736888}",83.36829694893297,,True,weekly,89.84582767444014,KXWTIW,,,,,,,,,terminal_close,,coverage,"[{""clampedPercentiles"":[],""contributing"":true,""leg"":""house"",""median"":86.59652351158472,""rawWeight"":0.45,""scaleSource"":""own"",""support"":6115,""weight"":1.0}]",,86.326,86.59652351158472,80.13043194473639,83.36829694893297,89.84582767444014,93.1573126577369,False,2026-08-20T21:30:54.616226Z,2026-08-20T21:30:54.616226Z,2026-08-28T21:00:00Z,2026-08-28,7.978534534421296,blend/1,decide/1,3.847704119998939,3.847704119998939,191.4848288261111,commodity:wti|2026-08-28|hl-candle-close,0
kalshi,Bitcoin — Short · Daily · to Aug 28,False,0.327835,crypto,False,crypto:btc:price-outlook:daily,crypto:btc,asset-price/2,signal,2026-08-28T21:00:00.000000000+00:00,hyperliquid-candle,True,sha256:f9d5ffd9409636486eafaa9b610b6bd5648edcb519051333e245de0740e38dab,hl-candle-close,False,672.7379750357159,77630.5,5,0.9,True,76373.92527528899,short,True,2026-08-31T12:16:03.091000000+00:00,76823.78489871911,73692.81633569168,experimental,80147.29411773461,0.1,d4b3f3a6-0298-44fc-81d5-bfc0aeec6113,"{""legs"":{""venue"":{""brier"":0.006336,""leg"":""venue"",""meanOutcome"":0.92,""meanProbability"":0.9304,""n"":25,""reason"":null,""unscored"":{""grid_no_probability"":25}}},""scoredRungs"":25,""settleByObservable"":{""terminal_close"":77376.0},""version"":""settlement/1""}",77376.0,pout:pbh:cc628804f79ff4b92a26159bca4be46d5e6894c9d31ef786b5dc1852a3fb4517:2026-08-28,2026-08-28,po:crypto:btc:price-outlook:daily:2026-08-28:949218dc08e39f43:bb48a90745b99239,"{""distribution"":{""crps"":672.7379750357159,""crpsGridPoints"":5,""crpsPHigh"":0.9,""crpsPLow"":0.1,""inBand"":true,""inWideBand"":true,""pinball"":{""0.1"":368.31836643083227,""0.25"":482.9845894089958,""0.5"":501.03736235550605,""0.75"":330.5207284093012,""0.9"":277.1294117734607}},""excursion"":{""bars"":2.0,""coverage"":1.0,""droppedCandles"":0.0,""expectedBars"":1.0,""intervalSeconds"":3600.0,""maxGapBars"":0.0},""legBrier"":{""legs"":{""venue"":{""brier"":0.006336,""leg"":""venue"",""meanOutcome"":0.92,""meanProbability"":0.9304,""n"":25,""reason"":null,""unscored"":{""grid_no_probability"":25}}},""scoredRungs"":25,""settleByObservable"":{""terminal_close"":77376.0},""version"":""settlement/1""},""receipt"":{""barrierNote"":null,""costPct"":null,""entryRefPrice"":77630.5,""exitPrice"":77376.0,""exitReason"":""anchor"",""grossReturnPct"":0.327835,""hitStop"":null,""hitTarget"":false,""netReturnPct"":null,""netReturnReason"":""no_cost_basis"",""realizedPct"":0.327835,""settlePrice"":77376.0,""side"":""short""},""settleBasis"":""hl-candle-close"",""settleNote"":null,""settleQuality"":{""bars"":120.0,""coverage"":1.0,""droppedCandles"":0.0,""expectedBars"":120.0,""intervalSeconds"":60.0,""maxGapBars"":0.0,""stalenessSeconds"":0.001},""settleSource"":""hyperliquid-candle"",""settlementVersion"":""settlement/1""}",True,settlement/1,2026-08-28T20:59:59.999000000+00:00,psig:crypto:btc:price-outlook:daily:2026-08-28:r23,terminal_close,"{""0.1"":368.31836643083227,""0.25"":482.9845894089958,""0.5"":501.03736235550605,""0.75"":330.5207284093012,""0.9"":277.1294117734607}",75444.06164236402,sha256:f9d5ffd9409636486eafaa9b610b6bd5648edcb519051333e245de0740e38dab,True,daily,78698.0829136372,KXBTCD,,,,,sha256:f9d5ffd9409636486eafaa9b610b6bd5648edcb519051333e245de0740e38dab,spot,verified,,terminal_close,,signal,"[{""clampedPercentiles"":[],""contributing"":true,""leg"":""house"",""median"":77444.02894254835,""rawWeight"":0.2,""scaleSource"":""own"",""support"":2748,""weight"":0.2},{""clampedPercentiles"":[],""contributing"":true,""leg"":""venue"",""median"":77432.85947955752,""rawWeight"":0.1,""scaleSource"":""own"",""support"":50,""weight"":0.1},{""clampedPercentiles"":[],""contributing"":true,""leg"":""q"",""median"":75856.69446966497,""rawWeight"":0.7,""scaleSource"":""own"",""support"":21,""weight"":0.7}]",,77443.5,76373.92527528899,73692.81633569168,75444.06164236402,78698.0829136372,80147.29411773461,False,2026-08-28T20:30:38.430929Z,2026-08-28T20:30:38.430929Z,2026-08-28T21:00:00Z,2026-08-28,0.02038853091435185,blend/1,decide/3,-1.2950717596037686,1.2950717596037686,0.4893247419444444,crypto:btc|2026-08-28|hl-candle-close,0
kalshi,Bitcoin — Short · Daily · to Aug 29,False,-0.176367,crypto,False,crypto:btc:price-outlook:daily,crypto:btc,asset-price/2,signal,2026-08-29T21:00:00.000000000+00:00,hyperliquid-candle,True,sha256:f9d5ffd9409636486eafaa9b610b6bd5648edcb519051333e245de0740e38dab,hl-candle-close,False,261.40680454620775,77962.5,5,0.9,True,77595.28178230372,short,True,2026-08-31T12:16:03.856000000+00:00,77680.27148308179,77119.76905967372,experimental,78403.05753306058,0.1,d4b3f3a6-0298-44fc-81d5-bfc0aeec6113,"{""legs"":{""venue"":{""brier"":0.00113553,""leg"":""venue"",""meanOutcome"":0.97368421,""meanProbability"":0.97236842,""n"":38,""reason"":null,""unscored"":{""grid_no_probability"":42}}},""scoredRungs"":38,""settleByObservable"":{""terminal_close"":78100.0},""version"":""settlement/1""}",78100.0,pout:pbh:cc628804f79ff4b92a26159bca4be46d5e6894c9d31ef786b5dc1852a3fb4517:2026-08-29,2026-08-29,po:crypto:btc:price-outlook:daily:2026-08-29:949218dc08e39f43:f3ddda7a229701bb,"{""distribution"":{""crps"":261.40680454620775,""crpsGridPoints"":5,""crpsPHigh"":0.9,""crpsPLow"":0.1,""inBand"":true,""inWideBand"":true,""pinball"":{""0.1"":98.02309403262771,""0.25"":231.27069666551688,""0.5"":252.35910884814075,""0.75"":58.67411088781955,""0.9"":30.30575330605788}},""excursion"":{""bars"":4.0,""coverage"":1.0,""droppedCandles"":0.0,""expectedBars"":3.0,""intervalSeconds"":3600.0,""maxGapBars"":0.0},""legBrier"":{""legs"":{""venue"":{""brier"":0.00113553,""leg"":""venue"",""meanOutcome"":0.97368421,""meanProbability"":0.97236842,""n"":38,""reason"":null,""unscored"":{""grid_no_probability"":42}}},""scoredRungs"":38,""settleByObservable"":{""terminal_close"":78100.0},""version"":""settlement/1""},""receipt"":{""barrierNote"":null,""costPct"":null,""entryRefPrice"":77962.5,""exitPrice"":78100.0,""exitReason"":""anchor"",""grossReturnPct"":-0.176367,""hitStop"":null,""hitTarget"":false,""netReturnPct"":null,""netReturnReason"":""no_cost_basis"",""realizedPct"":-0.176367,""settlePrice"":78100.0,""side"":""short""},""settleBasis"":""hl-candle-close"",""settleNote"":null,""settleQuality"":{""bars"":120.0,""coverage"":1.0,""droppedCandles"":0.0,""expectedBars"":120.0,""intervalSeconds"":60.0,""maxGapBars"":0.0,""stalenessSeconds"":0.001},""settleSource"":""hyperliquid-candle"",""settlementVersion"":""settlement/1""}",True,settlement/1,2026-08-29T20:59:59.999000000+00:00,psig:crypto:btc:price-outlook:daily:2026-08-29:r21,terminal_close,"{""0.1"":98.02309403262771,""0.25"":231.27069666551688,""0.5"":252.35910884814075,""0.75"":58.67411088781955,""0.9"":30.30575330605788}",77174.91721333793,sha256:f9d5ffd9409636486eafaa9b610b6bd5648edcb519051333e245de0740e38dab,True,daily,78334.69644355128,KXBTCD,,,,,sha256:f9d5ffd9409636486eafaa9b610b6bd5648edcb519051333e245de0740e38dab,spot,verified,,terminal_close,,signal,"[{""clampedPercentiles"":[],""contributing"":true,""leg"":""house"",""median"":78139.0081952908,""rawWeight"":0.2,""scaleSource"":""own"",""support"":2748,""weight"":0.2},{""clampedPercentiles"":[],""contributing"":true,""leg"":""venue"",""median"":78172.98580023648,""rawWeight"":0.1,""scaleSource"":""own"",""support"":80,""weight"":0.1},{""clampedPercentiles"":[0.1,0.25,0.75,0.9],""contributing"":true,""leg"":""q"",""median"":77299.21757563342,""rawWeight"":0.7,""scaleSource"":""own"",""support"":7,""weight"":0.7}]",,78138.5,77595.28178230372,77119.76905967372,77174.91721333793,78334.69644355128,78403.05753306058,False,2026-08-29T20:30:34.349469Z,2026-08-29T20:30:34.349469Z,2026-08-29T21:00:00Z,2026-08-29,0.02043577003472222,blend/1,decide/3,-0.6462461174088111,0.6462461174088111,0.4904584808333333,crypto:btc|2026-08-29|hl-candle-close,0
kalshi,Bitcoin — Daily · to Aug 30,False,,crypto,False,crypto:btc:price-outlook:daily,crypto:btc,asset-price/2,signal,2026-08-30T21:00:00.000000000+00:00,kalshi-settled-print,True,bridge:sha256:d59e17c3866b80c541a4736bab3679c9b4faaa7c8f40f60ae2636d1c6972b904,venue-settlement-value,,125.25808714850959,,5,0.9,True,78790.74912243578,,True,2026-08-31T12:16:04.532000000+00:00,,78194.60041463391,experimental,79416.32308621996,0.1,d4b3f3a6-0298-44fc-81d5-bfc0aeec6113,"{""legs"":{},""scoredRungs"":0,""settleByObservable"":{""terminal_close"":78598.24},""version"":""settlement/1""}",78598.24,pout:pbh:1e1992ef3ac65bb6f03f3ad6ce7b4645fd7454c948461180e04b32bf8543e1ab:2026-08-30,2026-08-30,po:pbh:1e1992ef3ac65bb6f03f3ad6ce7b4645fd7454c948461180e04b32bf8543e1ab:2026-08-30:07a8a1be7f379196:8070ed08fa8ff1d5,"{""distribution"":{""crps"":125.25808714850959,""crpsGridPoints"":5,""crpsPHigh"":0.9,""crpsPLow"":0.1,""inBand"":true,""inWideBand"":true,""pinball"":{""0.1"":40.36395853660943,""0.25"":24.300975336536794,""0.5"":96.25456121788739,""0.75"":122.71144082790124,""0.9"":81.80830862199508}},""excursion"":null,""legBrier"":{""legs"":{},""scoredRungs"":0,""settleByObservable"":{""terminal_close"":78598.24},""version"":""settlement/1""},""receipt"":null,""settleBasis"":""venue-settlement-value"",""settleNote"":null,""settleQuality"":{""venueSettlement"":1.0},""settleSource"":""kalshi-settled-print"",""settlementVersion"":""settlement/1""}",True,settlement/1,2026-08-30T21:00:00.000000000+00:00,,terminal_close,"{""0.1"":40.36395853660943,""0.25"":24.300975336536794,""0.5"":96.25456121788739,""0.75"":122.71144082790124,""0.9"":81.80830862199508}",78501.03609865386,bridge:sha256:d59e17c3866b80c541a4736bab3679c9b4faaa7c8f40f60ae2636d1c6972b904,True,daily,79089.08576331161,KXBTCD,,,,,bridge:sha256:d59e17c3866b80c541a4736bab3679c9b4faaa7c8f40f60ae2636d1c6972b904,,estimated,,terminal_close,,signal,,,78790.2493303534,78790.74912243578,78194.60041463391,78501.03609865386,79089.08576331161,79416.32308621996,False,2026-08-30T20:30:29.732079Z,2026-08-30T20:30:29.732079Z,2026-08-30T21:00:00Z,2026-08-30,0.02048921204861111,blend/1,decide/3,0.24492803202180452,0.24492803202180452,0.49174108916666665,crypto:btc|2026-08-30|venue-settlement-value,0
kalshi,Bitcoin — Daily · to Aug 30,False,,crypto,False,crypto:btc:price-outlook:daily,crypto:btc,asset-price/2,signal,2026-08-30T21:00:00.000000000+00:00,hyperliquid-candle,True,sha256:f9d5ffd9409636486eafaa9b610b6bd5648edcb519051333e245de0740e38dab,hl-candle-close,,145.23427480478415,,5,0.9,False,78816.99995859888,,True,2026-08-31T12:16:05.199000000+00:00,78826.0390767581,78472.3305994102,experimental,79187.99192591677,0.1,d4b3f3a6-0298-44fc-81d5-bfc0aeec6113,"{""legs"":{""venue"":{""brier"":0.01376667,""leg"":""venue"",""meanOutcome"":0.9375,""meanProbability"":0.95291667,""n"":48,""reason"":null,""unscored"":{""grid_no_probability"":32}}},""scoredRungs"":48,""settleByObservable"":{""terminal_close"":78563.0},""version"":""settlement/1""}",78563.0,pout:pbh:cc628804f79ff4b92a26159bca4be46d5e6894c9d31ef786b5dc1852a3fb4517:2026-08-30,2026-08-30,po:crypto:btc:price-outlook:daily:2026-08-30:07a8a1be7f379196:eb8ef50551280083,"{""distribution"":{""crps"":145.23427480478415,""crpsGridPoints"":5,""crpsPHigh"":0.9,""crpsPLow"":0.1,""inBand"":false,""inWideBand"":true,""pinball"":{""0.1"":9.066940058980254,""0.25"":72.80118101469634,""0.5"":126.9999792994422,""0.75"":104.69723212896497,""0.9"":62.49919259167653}},""excursion"":null,""legBrier"":{""legs"":{""venue"":{""brier"":0.01376667,""leg"":""venue"",""meanOutcome"":0.9375,""meanProbability"":0.95291667,""n"":48,""reason"":null,""unscored"":{""grid_no_probability"":32}}},""scoredRungs"":48,""settleByObservable"":{""terminal_close"":78563.0},""version"":""settlement/1""},""receipt"":null,""settleBasis"":""hl-candle-close"",""settleNote"":null,""settleQuality"":{""bars"":120.0,""coverage"":1.0,""droppedCandles"":0.0,""expectedBars"":120.0,""intervalSeconds"":60.0,""maxGapBars"":0.0,""stalenessSeconds"":0.001},""settleSource"":""hyperliquid-candle"",""settlementVersion"":""settlement/1""}",True,settlement/1,2026-08-30T20:59:59.999000000+00:00,,terminal_close,"{""0.1"":9.066940058980254,""0.25"":72.80118101469634,""0.5"":126.9999792994422,""0.75"":104.69723212896497,""0.9"":62.49919259167653}",78660.06824135293,sha256:f9d5ffd9409636486eafaa9b610b6bd5648edcb519051333e245de0740e38dab,True,daily,78981.78892851586,KXBTCD,,,,,sha256:f9d5ffd9409636486eafaa9b610b6bd5648edcb519051333e245de0740e38dab,spot,verified,,terminal_close,,signal,"[{""clampedPercentiles"":[],""contributing"":true,""leg"":""house"",""median"":78816.99995859888,""rawWeight"":0.2,""scaleSource"":""own"",""support"":2748,""weight"":1.0}]",,78816.5,78816.99995859888,78472.3305994102,78660.06824135293,78981.78892851586,79187.99192591677,False,2026-08-30T20:30:29.732079Z,2026-08-30T20:30:29.732079Z,2026-08-30T21:00:00Z,2026-08-30,0.02048921204861111,blend/1,decide/3,0.32330735664229265,0.32330735664229265,0.49174108916666665,crypto:btc|2026-08-30|hl-candle-close,0
kalshi,Bitcoin — Next-day · to Aug 29,False,,crypto,False,crypto:btc:price-outlook:next-day,crypto:btc,asset-price/2,signal,2026-08-29T21:00:00.000000000+00:00,hyperliquid-candle,True,sha256:f9d5ffd9409636486eafaa9b610b6bd5648edcb519051333e245de0740e38dab,hl-candle-close,,417.3121305251881,,5,0.9,True,77668.35579383388,,True,2026-08-31T12:16:06.178000000+00:00,77760.58373185969,75221.57143842403,experimental,80366.14847267026,0.1,d4b3f3a6-0298-44fc-81d5-bfc0aeec6113,"{""legs"":{""venue"":{""brier"":0.03729767,""leg"":""venue"",""meanOutcome"":0.86046512,""meanProbability"":0.79232558,""n"":43,""reason"":null,""unscored"":{""grid_no_probability"":37}}},""scoredRungs"":43,""settleByObservable"":{""terminal_close"":78100.0},""version"":""settlement/1""}",78100.0,pout:pbh:e7f3310d5e258224fe3d8ff4568956603a4cdb2770a0b40f6e94f06b4b68ab7b:2026-08-29,2026-08-29,po:crypto:btc:price-outlook:next-day:2026-08-29:949218dc08e39f43:b23a519606cef162,"{""distribution"":{""crps"":417.3121305251881,""crpsGridPoints"":5,""crpsPHigh"":0.9,""crpsPLow"":0.1,""inBand"":true,""inWideBand"":true,""pinball"":{""0.1"":287.8428561575973,""0.25"":389.32036004324254,""0.5"":215.82210308306094,""0.75"":191.26069863166776,""0.9"":226.61484726702614}},""excursion"":null,""legBrier"":{""legs"":{""venue"":{""brier"":0.03729767,""leg"":""venue"",""meanOutcome"":0.86046512,""meanProbability"":0.79232558,""n"":43,""reason"":null,""unscored"":{""grid_no_probability"":37}}},""scoredRungs"":43,""settleByObservable"":{""terminal_close"":78100.0},""version"":""settlement/1""},""receipt"":null,""settleBasis"":""hl-candle-close"",""settleNote"":null,""settleQuality"":{""bars"":120.0,""coverage"":1.0,""droppedCandles"":0.0,""expectedBars"":120.0,""intervalSeconds"":60.0,""maxGapBars"":0.0,""stalenessSeconds"":0.001},""settleSource"":""hyperliquid-candle"",""settlementVersion"":""settlement/1""}",True,settlement/1,2026-08-29T20:59:59.999000000+00:00,,terminal_close,"{""0.1"":287.8428561575973,""0.25"":389.32036004324254,""0.5"":215.82210308306094,""0.75"":191.26069863166776,""0.9"":226.61484726702614}",76542.71855982703,sha256:f9d5ffd9409636486eafaa9b610b6bd5648edcb519051333e245de0740e38dab,True,next-day,78865.04279452667,KXBTCD,,,,,sha256:f9d5ffd9409636486eafaa9b610b6bd5648edcb519051333e245de0740e38dab,spot,verified,,terminal_close,,signal,"[{""clampedPercentiles"":[],""contributing"":true,""leg"":""house"",""median"":77469.97651882104,""rawWeight"":0.2,""scaleSource"":""own"",""support"":2748,""weight"":0.2},{""clampedPercentiles"":[],""contributing"":true,""leg"":""venue"",""median"":77485.79746512,""rawWeight"":0.1,""scaleSource"":""own"",""support"":80,""weight"":0.1},{""clampedPercentiles"":[],""contributing"":true,""leg"":""q"",""median"":77838.1843573813,""rawWeight"":0.7,""scaleSource"":""own"",""support"":2748,""weight"":0.7}]",,77443.5,77668.35579383388,75221.57143842403,76542.71855982703,78865.04279452667,80366.14847267026,False,2026-08-28T20:30:38.430929Z,2026-08-28T20:30:38.430929Z,2026-08-29T21:00:00Z,2026-08-29,1.0203885309143519,blend/1,decide/3,-0.5526814419540613,0.5526814419540613,24.489324741944447,crypto:btc|2026-08-29|hl-candle-close,0
kalshi,Bitcoin — Next-day · to Aug 30,False,,crypto,False,crypto:btc:price-outlook:next-day,crypto:btc,asset-price/2,signal,2026-08-30T21:00:00.000000000+00:00,hyperliquid-candle,True,sha256:f9d5ffd9409636486eafaa9b610b6bd5648edcb519051333e245de0740e38dab,hl-candle-close,,360.46957476440764,,5,0.9,True,78305.74634680143,,True,2026-08-31T12:16:06.701000000+00:00,78390.48632043894,75980.92781898711,experimental,80854.59625816373,0.1,d4b3f3a6-0298-44fc-81d5-bfc0aeec6113,"{""legs"":{""venue"":{""brier"":0.11892083,""leg"":""venue"",""meanOutcome"":0.9375,""meanProbability"":0.625625,""n"":48,""reason"":null,""unscored"":{""grid_no_probability"":32}}},""scoredRungs"":48,""settleByObservable"":{""terminal_close"":78563.0},""version"":""settlement/1""}",78563.0,pout:pbh:e7f3310d5e258224fe3d8ff4568956603a4cdb2770a0b40f6e94f06b4b68ab7b:2026-08-30,2026-08-30,po:crypto:btc:price-outlook:next-day:2026-08-30:949218dc08e39f43:b4ce1cfba213c55f,"{""distribution"":{""crps"":360.46957476440764,""crpsGridPoints"":5,""crpsPHigh"":0.9,""crpsPLow"":0.1,""inBand"":true,""inWideBand"":true,""pinball"":{""0.1"":258.2072181012889,""0.25"":334.8959754751413,""0.5"":128.62682659928396,""0.75"":222.73186171764974,""0.9"":229.15962581637282}},""excursion"":null,""legBrier"":{""legs"":{""venue"":{""brier"":0.11892083,""leg"":""venue"",""meanOutcome"":0.9375,""meanProbability"":0.625625,""n"":48,""reason"":null,""unscored"":{""grid_no_probability"":32}}},""scoredRungs"":48,""settleByObservable"":{""terminal_close"":78563.0},""version"":""settlement/1""},""receipt"":null,""settleBasis"":""hl-candle-close"",""settleNote"":null,""settleQuality"":{""bars"":120.0,""coverage"":1.0,""droppedCandles"":0.0,""expectedBars"":120.0,""intervalSeconds"":60.0,""maxGapBars"":0.0,""stalenessSeconds"":0.001},""settleSource"":""hyperliquid-candle"",""settlementVersion"":""settlement/1""}",True,settlement/1,2026-08-30T20:59:59.999000000+00:00,,terminal_close,"{""0.1"":258.2072181012889,""0.25"":334.8959754751413,""0.5"":128.62682659928396,""0.75"":222.73186171764974,""0.9"":229.15962581637282}",77223.41609809943,sha256:f9d5ffd9409636486eafaa9b610b6bd5648edcb519051333e245de0740e38dab,True,next-day,79453.9274468706,KXBTCD,,,,,sha256:f9d5ffd9409636486eafaa9b610b6bd5648edcb519051333e245de0740e38dab,spot,verified,,terminal_close,,signal,"[{""clampedPercentiles"":[],""contributing"":true,""leg"":""house"",""median"":78163.88016335505,""rawWeight"":0.2,""scaleSource"":""own"",""support"":2748,""weight"":0.2},{""clampedPercentiles"":[0.1,0.9],""contributing"":true,""leg"":""venue"",""median"":78218.34914184615,""rawWeight"":0.1,""scaleSource"":""own"",""support"":8,""weight"":0.1},{""clampedPercentiles"":[],""contributing"":true,""leg"":""q"",""median"":78400.41356703005,""rawWeight"":0.7,""scaleSource"":""own"",""support"":2748,""weight"":0.7}]",,78138.5,78305.74634680143,75980.92781898711,77223.41609809943,79453.9274468706,80854.59625816373,False,2026-08-29T20:30:34.349469Z,2026-08-29T20:30:34.349469Z,2026-08-30T21:00:00Z,2026-08-30,1.0204357700347222,blend/1,decide/3,-0.3274488667675215,0.3274488667675215,24.490458480833336,crypto:btc|2026-08-30|hl-candle-close,0
,Bitcoin — Weekly · to Aug 28,False,,crypto,False,crypto:btc:price-outlook:weekly,crypto:btc,asset-price/2,projection,2026-08-28T21:00:00.000000000+00:00,hyperliquid-candle,True,sha256:f9d5ffd9409636486eafaa9b610b6bd5648edcb519051333e245de0740e38dab,hl-candle-close,,1221.5994600448398,,5,0.9,False,79797.59655726948,,True,2026-08-31T12:16:08.404000000+00:00,79261.9798298601,74698.78256383623,experimental,81863.10992823177,0.1,d4b3f3a6-0298-44fc-81d5-bfc0aeec6113,"{""legs"":{},""scoredRungs"":0,""settleByObservable"":{""terminal_close"":77376.0},""version"":""settlement/1""}",77376.0,pout:pbh:31454a3b89e5a50ead99a8bb8f9b9bf962d9d14884b3d4c54bf61a99c65a4775:2026-08-28,2026-08-28,po:crypto:btc:price-outlook:weekly:2026-08-28:949218dc08e39f43:b3f0ef1fb57fb194,"{""distribution"":{""crps"":1221.5994600448398,""crpsGridPoints"":5,""crpsPHigh"":0.9,""crpsPLow"":0.1,""inBand"":false,""inWideBand"":true,""pinball"":{""0.1"":267.72174361637735,""0.25"":237.28583910589077,""0.5"":1210.798278634742,""0.75"":1034.5526865479478,""0.9"":448.71099282317726}},""excursion"":null,""legBrier"":{""legs"":{},""scoredRungs"":0,""settleByObservable"":{""terminal_close"":77376.0},""version"":""settlement/1""},""receipt"":null,""settleBasis"":""hl-candle-close"",""settleNote"":null,""settleQuality"":{""bars"":120.0,""coverage"":1.0,""droppedCandles"":0.0,""expectedBars"":120.0,""intervalSeconds"":60.0,""maxGapBars"":0.0,""stalenessSeconds"":0.001},""settleSource"":""hyperliquid-candle"",""settlementVersion"":""settlement/1""}",True,settlement/1,2026-08-28T20:59:59.999000000+00:00,,terminal_close,"{""0.1"":267.72174361637735,""0.25"":237.28583910589077,""0.5"":1210.798278634742,""0.75"":1034.5526865479478,""0.9"":448.71099282317726}",77692.38111880785,sha256:f9d5ffd9409636486eafaa9b610b6bd5648edcb519051333e245de0740e38dab,True,weekly,81514.21074619179,,,,,,sha256:f9d5ffd9409636486eafaa9b610b6bd5648edcb519051333e245de0740e38dab,spot,verified,,terminal_close,,projection,"[{""clampedPercentiles"":[],""contributing"":true,""leg"":""house"",""median"":79977.78883536205,""rawWeight"":0.2,""scaleSource"":""own"",""support"":2748,""weight"":0.22222222222222227},{""clampedPercentiles"":[0.75,0.9],""contributing"":true,""leg"":""q"",""median"":79746.11304924304,""rawWeight"":0.7,""scaleSource"":""own"",""support"":7,""weight"":0.7777777777777778}]",,79951.5,79797.59655726948,74698.78256383623,77692.38111880785,81514.21074619179,81863.10992823177,False,2026-08-27T20:30:29.48265Z,2026-08-27T20:30:29.48265Z,2026-08-28T21:00:00Z,2026-08-28,1.0204920989583333,blend/1,decide/3,3.1296481561071703,3.1296481561071703,24.491810375,crypto:btc|2026-08-28|hl-candle-close,0
kalshi,WTI Crude Oil — Long · Daily · to Aug 31,False,0.259294,commodity,False,commodity:wti:price-outlook:daily,commodity:wti,asset-price/2,signal,2026-08-31T14:30:00.000000000-04:00,hyperliquid-candle,True,sha256:46c2ae7e0818d1019f57a01bdc99207a8d1a27d52940e85a78a6901163e048cd,hl-candle-close,True,0.09063833368755411,85.617,5,0.9,True,85.85483676326288,long,True,2026-08-31T19:15:32.237000000+00:00,85.82243845835629,85.21095745103105,experimental,86.46406604645921,0.1,4549e4dc-af1d-4c96-a426-391c44eb82ff,"{""legs"":{""venue"":{""brier"":0.00602788,""leg"":""venue"",""meanOutcome"":0.88461538,""meanProbability"":0.88057692,""n"":26,""reason"":null,""unscored"":{""grid_no_probability"":4}}},""scoredRungs"":26,""settleByObservable"":{""terminal_close"":85.839},""version"":""settlement/1""}",85.839,pout:pbh:9e7347f4ac614c707838462efa869e21be85320b73729a5557c9091ab16b9b63:2026-08-31,2026-08-31,po:commodity:wti:price-outlook:daily:2026-08-31:eb92e5a72f1face6:4a76cd58f9d92851,"{""distribution"":{""crps"":0.09063833368755411,""crpsGridPoints"":5,""crpsPHigh"":0.9,""crpsPLow"":0.1,""inBand"":true,""inWideBand"":true,""pinball"":{""0.1"":0.06280425489689492,""0.25"":0.07929842069824744,""0.5"":0.007918381631441207,""0.75"":0.09040786415278035,""0.9"":0.062506604645921}},""excursion"":{""bars"":3.0,""coverage"":1.0,""droppedCandles"":0.0,""expectedBars"":3.0,""intervalSeconds"":3600.0,""maxGapBars"":1.0},""legBrier"":{""legs"":{""venue"":{""brier"":0.00602788,""leg"":""venue"",""meanOutcome"":0.88461538,""meanProbability"":0.88057692,""n"":26,""reason"":null,""unscored"":{""grid_no_probability"":4}}},""scoredRungs"":26,""settleByObservable"":{""terminal_close"":85.839},""version"":""settlement/1""},""receipt"":{""barrierNote"":null,""costPct"":null,""entryRefPrice"":85.617,""exitPrice"":85.839,""exitReason"":""anchor"",""grossReturnPct"":0.259294,""hitStop"":null,""hitTarget"":true,""netReturnPct"":null,""netReturnReason"":""no_cost_basis"",""realizedPct"":0.259294,""settlePrice"":85.839,""side"":""long""},""settleBasis"":""hl-candle-close"",""settleNote"":null,""settleQuality"":{""bars"":120.0,""coverage"":1.0,""droppedCandles"":0.0,""expectedBars"":120.0,""intervalSeconds"":60.0,""maxGapBars"":0.0,""stalenessSeconds"":0.001},""settleSource"":""hyperliquid-candle"",""settlementVersion"":""settlement/1""}",True,settlement/1,2026-08-31T18:29:59.999000000+00:00,psig:commodity:wti:price-outlook:daily:2026-08-31:r70,terminal_close,"{""0.1"":0.06280425489689492,""0.25"":0.07929842069824744,""0.5"":0.007918381631441207,""0.75"":0.09040786415278035,""0.9"":0.062506604645921}",85.52180631720701,sha256:46c2ae7e0818d1019f57a01bdc99207a8d1a27d52940e85a78a6901163e048cd,True,daily,86.20063145661112,KXWTI,,,,,sha256:46c2ae7e0818d1019f57a01bdc99207a8d1a27d52940e85a78a6901163e048cd,spot,verified,,terminal_close,,signal,"[{""clampedPercentiles"":[],""contributing"":true,""leg"":""house"",""median"":85.7732228871933,""rawWeight"":0.2,""scaleSource"":""own"",""support"":6115,""weight"":0.22222222222222227},{""clampedPercentiles"":[],""contributing"":true,""leg"":""q"",""median"":85.82317701139701,""rawWeight"":0.7,""scaleSource"":""own"",""support"":14,""weight"":0.7777777777777778}]",,85.772,85.85483676326288,85.21095745103105,85.52180631720701,86.20063145661112,86.46406604645921,False,2026-08-31T17:30:21.961299Z,2026-08-31T17:30:21.961299Z,2026-08-31T14:30:00-04:00,2026-08-31,0.041412484965277774,blend/1,decide/3,0.018449379958856014,0.018449379958856014,0.9938996391666667,commodity:wti|2026-08-31|hl-candle-close,0
kalshi,WTI Crude Oil — Daily · to Aug 31,False,,commodity,False,commodity:wti:price-outlook:daily,commodity:wti,asset-price/2,signal,2026-08-31T14:30:00.000000000-04:00,kalshi-settled-print,True,bridge:sha256:b426cee1da09d62e614047b5b3fbfaa2907ef06fc8546480218fab039ddaf700,venue-settlement-value,,0.13671034898249054,,5,0.9,True,85.81115509360842,,True,2026-09-01T02:15:25.205000000+00:00,,84.8944522015705,experimental,86.69813433436235,0.1,540eebed-1a84-456f-a95b-84bdecd06366,"{""legs"":{},""scoredRungs"":0,""settleByObservable"":{""terminal_close"":85.76},""version"":""settlement/1""}",85.76,pout:pbh:d3a838fe5fd3d5d70cad8a2b7fdc96877f7c8f521d8975907e2f2463cdac577f:2026-08-31,2026-08-31,po:pbh:d3a838fe5fd3d5d70cad8a2b7fdc96877f7c8f521d8975907e2f2463cdac577f:2026-08-31:eb92e5a72f1face6:0f9ba5ed8cda706b,"{""distribution"":{""crps"":0.13671034898249054,""crpsGridPoints"":5,""crpsPHigh"":0.9,""crpsPLow"":0.1,""inBand"":true,""inWideBand"":true,""pinball"":{""0.1"":0.08655477984295033,""0.25"":0.10652538593964778,""0.5"":0.02557754680420743,""0.75"":0.13564047303162496,""0.9"":0.09381343343623454}},""excursion"":null,""legBrier"":{""legs"":{},""scoredRungs"":0,""settleByObservable"":{""terminal_close"":85.76},""version"":""settlement/1""},""receipt"":null,""settleBasis"":""venue-settlement-value"",""settleNote"":null,""settleQuality"":{""venueSettlement"":1.0},""settleSource"":""kalshi-settled-print"",""settlementVersion"":""settlement/1""}",True,settlement/1,2026-08-31T14:30:00.000000000-04:00,,terminal_close,"{""0.1"":0.08655477984295033,""0.25"":0.10652538593964778,""0.5"":0.02557754680420743,""0.75"":0.13564047303162496,""0.9"":0.09381343343623454}",85.33389845624141,bridge:sha256:b426cee1da09d62e614047b5b3fbfaa2907ef06fc8546480218fab039ddaf700,True,daily,86.3025618921265,KXWTI,,,,,bridge:sha256:b426cee1da09d62e614047b5b3fbfaa2907ef06fc8546480218fab039ddaf700,,estimated,,terminal_close,,signal,,,85.7283604764641,85.81115509360842,84.8944522015705,85.33389845624141,86.3025618921265,86.69813433436235,False,2026-08-31T17:30:21.961299Z,2026-08-31T17:30:21.961299Z,2026-08-31T14:30:00-04:00,2026-08-31,0.041412484965277774,blend/1,decide/3,0.059649129673991205,0.059649129673991205,0.9938996391666667,commodity:wti|2026-08-31|venue-settlement-value,0
kalshi,Copper — Long · Daily · to Sep 1,False,-2.412789,commodity,False,commodity:copper:price-outlook:daily,commodity:copper,asset-price/2,signal,2026-09-01T21:00:00.000000000+00:00,hyperliquid-candle,True,sha256:0f2f004be8916598e63af4dc583d567bdd10dd91992e94db198507a13ec5fd47,hl-candle-close,True,0.0018465668729504747,6.6935,5,0.9,True,6.53042362965936,long,True,2026-09-01T21:15:23.248000000+00:00,6.530216591505821,6.518863584627108,experimental,6.541321039079403,0.1,874997cc-f081-41d3-94d5-2d5b72bf509e,"{""legs"":{""venue"":{""brier"":0.44957812,""leg"":""venue"",""meanOutcome"":0.375,""meanProbability"":0.848125,""n"":8,""reason"":null,""unscored"":{""grid_no_probability"":42}}},""scoredRungs"":8,""settleByObservable"":{""terminal_close"":6.532},""version"":""settlement/1""}",6.532,pout:pbh:b73de04c8209ac6d3216fe782b150a5d861db53a5a80310ab3fb6fb26df9f2b7:2026-09-01,2026-09-01,po:commodity:copper:price-outlook:daily:2026-09-01:eb92e5a72f1face6:6bbe64128bd84c0e,"{""distribution"":{""crps"":0.0018465668729504747,""crpsGridPoints"":5,""crpsPHigh"":0.9,""crpsPLow"":0.1,""inBand"":true,""inWideBand"":true,""pinball"":{""0.1"":0.0013136415372891896,""0.25"":0.001809557675406026,""0.5"":0.0007881851703199771,""0.75"":0.0009794735021091405,""0.9"":0.0009321039079402735}},""excursion"":{""bars"":22.0,""coverage"":1.0,""droppedCandles"":0.0,""expectedBars"":21.0,""intervalSeconds"":3600.0,""maxGapBars"":0.0},""legBrier"":{""legs"":{""venue"":{""brier"":0.44957812,""leg"":""venue"",""meanOutcome"":0.375,""meanProbability"":0.848125,""n"":8,""reason"":null,""unscored"":{""grid_no_probability"":42}}},""scoredRungs"":8,""settleByObservable"":{""terminal_close"":6.532},""version"":""settlement/1""},""receipt"":{""barrierNote"":null,""costPct"":null,""entryRefPrice"":6.6935,""exitPrice"":6.532,""exitReason"":""anchor"",""grossReturnPct"":-2.412789,""hitStop"":null,""hitTarget"":true,""netReturnPct"":null,""netReturnReason"":""no_cost_basis"",""realizedPct"":-2.412789,""settlePrice"":6.532,""side"":""long""},""settleBasis"":""hl-candle-close"",""settleNote"":null,""settleQuality"":{""bars"":120.0,""coverage"":1.0,""droppedCandles"":0.0,""expectedBars"":120.0,""intervalSeconds"":60.0,""maxGapBars"":0.0,""stalenessSeconds"":0.001},""settleSource"":""hyperliquid-candle"",""settlementVersion"":""settlement/1""}",True,settlement/1,2026-09-01T20:59:59.999000000+00:00,psig:commodity:copper:price-outlook:daily:2026-09-01:r3,terminal_close,"{""0.1"":0.0013136415372891896,""0.25"":0.001809557675406026,""0.5"":0.0007881851703199771,""0.75"":0.0009794735021091405,""0.9"":0.0009321039079402735}",6.524761769298376,sha256:0f2f004be8916598e63af4dc583d567bdd10dd91992e94db198507a13ec5fd47,True,daily,6.535917894008437,KXCOPPERD,,,,,sha256:0f2f004be8916598e63af4dc583d567bdd10dd91992e94db198507a13ec5fd47,spot,verified,,terminal_close,,signal,"[{""clampedPercentiles"":[],""contributing"":true,""leg"":""house"",""median"":6.53042362965936,""rawWeight"":0.2,""scaleSource"":""own"",""support"":6115,""weight"":1.0}]",,6.5304,6.53042362965936,6.518863584627108,6.524761769298376,6.535917894008437,6.541321039079403,False,2026-09-01T20:30:31.255202Z,2026-09-01T20:30:31.255202Z,2026-09-01T21:00:00Z,2026-09-01,0.020471583310185185,blend/1,decide/3,-0.024133042569503278,0.024133042569503278,0.49131799944444443,commodity:copper|2026-09-01|hl-candle-close,0
kalshi,Copper — Long · Next-day · to Sep 1,False,-2.511828,commodity,False,commodity:copper:price-outlook:next-day,commodity:copper,asset-price/2,signal,2026-09-01T21:00:00.000000000+00:00,hyperliquid-candle,True,sha256:0f2f004be8916598e63af4dc583d567bdd10dd91992e94db198507a13ec5fd47,hl-candle-close,True,0.1405988130375911,6.7003,5,0.9,False,6.730095203465283,long,False,2026-09-01T21:15:24.476000000+00:00,6.733234625568233,6.6472149066518975,experimental,6.815411390214511,0.1,874997cc-f081-41d3-94d5-2d5b72bf509e,"{""legs"":{""venue"":{""brier"":0.15989737,""leg"":""venue"",""meanOutcome"":0.0,""meanProbability"":0.26157895,""n"":19,""reason"":null,""unscored"":{""grid_no_probability"":21}}},""scoredRungs"":19,""settleByObservable"":{""terminal_close"":6.532},""version"":""settlement/1""}",6.532,pout:pbh:ba79221fd3830f44088f4c1f39af6973dd49542f6b4ac54698fbf128fc240fb0:2026-09-01,2026-09-01,po:commodity:copper:price-outlook:next-day:2026-09-01:eb92e5a72f1face6:914316803266ff57,"{""distribution"":{""crps"":0.1405988130375911,""crpsGridPoints"":5,""crpsPHigh"":0.9,""crpsPLow"":0.1,""inBand"":false,""inWideBand"":false,""pinball"":{""0.1"":0.10369341598670774,""0.25"":0.11854956087814439,""0.5"":0.0990476017326416,""0.75"":0.05962501142197185,""0.9"":0.02834113902145105}},""excursion"":{""bars"":31.0,""coverage"":1.0,""droppedCandles"":0.0,""expectedBars"":30.0,""intervalSeconds"":3600.0,""maxGapBars"":0.0},""legBrier"":{""legs"":{""venue"":{""brier"":0.15989737,""leg"":""venue"",""meanOutcome"":0.0,""meanProbability"":0.26157895,""n"":19,""reason"":null,""unscored"":{""grid_no_probability"":21}}},""scoredRungs"":19,""settleByObservable"":{""terminal_close"":6.532},""version"":""settlement/1""},""receipt"":{""barrierNote"":null,""costPct"":null,""entryRefPrice"":6.7003,""exitPrice"":6.532,""exitReason"":""anchor"",""grossReturnPct"":-2.511828,""hitStop"":null,""hitTarget"":true,""netReturnPct"":null,""netReturnReason"":""no_cost_basis"",""realizedPct"":-2.511828,""settlePrice"":6.532,""side"":""long""},""settleBasis"":""hl-candle-close"",""settleNote"":null,""settleQuality"":{""bars"":120.0,""coverage"":1.0,""droppedCandles"":0.0,""expectedBars"":120.0,""intervalSeconds"":60.0,""maxGapBars"":0.0,""stalenessSeconds"":0.001},""settleSource"":""hyperliquid-candle"",""settlementVersion"":""settlement/1""}",True,settlement/1,2026-09-01T20:59:59.999000000+00:00,psig:commodity:copper:price-outlook:next-day:2026-09-01:r76,terminal_close,"{""0.1"":0.10369341598670774,""0.25"":0.11854956087814439,""0.5"":0.0990476017326416,""0.75"":0.05962501142197185,""0.9"":0.02834113902145105}",6.690066081170859,sha256:0f2f004be8916598e63af4dc583d567bdd10dd91992e94db198507a13ec5fd47,True,next-day,6.770500045687887,KXCOPPERD,,,,,sha256:0f2f004be8916598e63af4dc583d567bdd10dd91992e94db198507a13ec5fd47,spot,verified,,terminal_close,,signal,"[{""clampedPercentiles"":[],""contributing"":true,""leg"":""house"",""median"":6.693230032786813,""rawWeight"":0.2,""scaleSource"":""own"",""support"":6115,""weight"":0.6666666666666666},{""clampedPercentiles"":[0.1],""contributing"":true,""leg"":""venue"",""median"":6.778819,""rawWeight"":0.1,""scaleSource"":""own"",""support"":40,""weight"":0.3333333333333333}]",,6.6922,6.730095203465283,6.6472149066518975,6.690066081170859,6.770500045687887,6.815411390214511,False,2026-08-31T20:30:39.929131Z,2026-08-31T20:30:39.929131Z,2026-09-01T21:00:00Z,2026-09-01,1.0203711906134258,blend/1,decide/3,3.032688356786332,3.032688356786332,24.488908574722224,commodity:copper|2026-09-01|hl-candle-close,0
kalshi,Gold — Long · Daily · to Sep 1,False,-0.316263,commodity,False,commodity:gold:price-outlook:daily,commodity:gold,asset-price/2,signal,2026-09-01T21:00:00.000000000+00:00,hyperliquid-candle,True,sha256:41d500799246285dfc4a1707649247b61ba6feb25a7ff84b5de0bdd816e0a6a5,hl-candle-close,False,2.2357274536909926,4347.65,5,0.9,True,4330.076781259272,long,True,2026-09-01T21:15:27.374000000+00:00,4329.89625650706,4319.892944834515,experimental,4339.682300417763,0.1,874997cc-f081-41d3-94d5-2d5b72bf509e,"{""legs"":{""venue"":{""brier"":0.01826818,""leg"":""venue"",""meanOutcome"":0.90909091,""meanProbability"":0.86272727,""n"":11,""reason"":null,""unscored"":{""grid_no_probability"":29}}},""scoredRungs"":11,""settleByObservable"":{""terminal_close"":4333.9},""version"":""settlement/1""}",4333.9,pout:pbh:81b465de68b34d8be1132c53259cc922d726d69bc59cf1b4b9b92e5d660126bd:2026-09-01,2026-09-01,po:commodity:gold:price-outlook:daily:2026-09-01:eb92e5a72f1face6:e4942f782d2d0d67,"{""distribution"":{""crps"":2.2357274536909926,""crpsGridPoints"":5,""crpsPHigh"":0.9,""crpsPLow"":0.1,""inBand"":true,""inWideBand"":true,""pinball"":{""0.1"":1.4007055165484417,""0.25"":2.202945890187493,""0.5"":1.911609370363749,""0.75"":0.25476019671350514,""0.9"":0.5782300417763507}},""excursion"":{""bars"":8.0,""coverage"":1.0,""droppedCandles"":0.0,""expectedBars"":7.0,""intervalSeconds"":3600.0,""maxGapBars"":0.0},""legBrier"":{""legs"":{""venue"":{""brier"":0.01826818,""leg"":""venue"",""meanOutcome"":0.90909091,""meanProbability"":0.86272727,""n"":11,""reason"":null,""unscored"":{""grid_no_probability"":29}}},""scoredRungs"":11,""settleByObservable"":{""terminal_close"":4333.9},""version"":""settlement/1""},""receipt"":{""barrierNote"":null,""costPct"":null,""entryRefPrice"":4347.65,""exitPrice"":4333.9,""exitReason"":""anchor"",""grossReturnPct"":-0.316263,""hitStop"":null,""hitTarget"":false,""netReturnPct"":null,""netReturnReason"":""no_cost_basis"",""realizedPct"":-0.316263,""settlePrice"":4333.9,""side"":""long""},""settleBasis"":""hl-candle-close"",""settleNote"":null,""settleQuality"":{""bars"":120.0,""coverage"":1.0,""droppedCandles"":0.0,""expectedBars"":120.0,""intervalSeconds"":60.0,""maxGapBars"":0.0,""stalenessSeconds"":0.001},""settleSource"":""hyperliquid-candle"",""settlementVersion"":""settlement/1""}",True,settlement/1,2026-09-01T20:59:59.999000000+00:00,psig:commodity:gold:price-outlook:daily:2026-09-01:r17,terminal_close,"{""0.1"":1.4007055165484417,""0.25"":2.202945890187493,""0.5"":1.911609370363749,""0.75"":0.25476019671350514,""0.9"":0.5782300417763507}",4325.08821643925,sha256:41d500799246285dfc4a1707649247b61ba6feb25a7ff84b5de0bdd816e0a6a5,True,daily,4334.919040786854,KXGOLDD,,,,,sha256:41d500799246285dfc4a1707649247b61ba6feb25a7ff84b5de0bdd816e0a6a5,spot,verified,,terminal_close,,signal,"[{""clampedPercentiles"":[],""contributing"":true,""leg"":""house"",""median"":4329.9708221224455,""rawWeight"":0.2,""scaleSource"":""own"",""support"":6115,""weight"":0.22222222222222227},{""clampedPercentiles"":[],""contributing"":true,""leg"":""q"",""median"":4330.107055298365,""rawWeight"":0.7,""scaleSource"":""own"",""support"":6115,""weight"":0.7777777777777778}]",,4329.95,4330.076781259272,4319.892944834515,4325.08821643925,4334.919040786854,4339.682300417763,False,2026-09-01T20:30:31.255202Z,2026-09-01T20:30:31.255202Z,2026-09-01T21:00:00Z,2026-09-01,0.020471583310185185,blend/1,decide/3,-0.08821658877056457,0.08821658877056457,0.49131799944444443,commodity:gold|2026-09-01|hl-candle-close,0
kalshi,Gold — Long · Next-day · to Sep 1,False,-2.874175,commodity,False,commodity:gold:price-outlook:next-day,commodity:gold,asset-price/2,signal,2026-09-01T21:00:00.000000000+00:00,hyperliquid-candle,True,sha256:41d500799246285dfc4a1707649247b61ba6feb25a7ff84b5de0bdd816e0a6a5,hl-candle-close,False,77.52662013275133,4462.15,5,0.9,False,4449.133141623641,long,False,2026-09-01T21:15:28.863000000+00:00,4447.200634822523,4385.430740035172,experimental,4495.608671189028,0.1,874997cc-f081-41d3-94d5-2d5b72bf509e,"{""legs"":{""venue"":{""brier"":0.32466591,""leg"":""venue"",""meanOutcome"":0.3030303,""meanProbability"":0.5480303,""n"":33,""reason"":null,""unscored"":{""grid_no_probability"":7}}},""scoredRungs"":33,""settleByObservable"":{""terminal_close"":4333.9},""version"":""settlement/1""}",4333.9,pout:pbh:ddd85f66af3112ea88acf80cb61dfaeb7b5fba13049eed41551f82c0d6fec56e:2026-09-01,2026-09-01,po:commodity:gold:price-outlook:next-day:2026-09-01:eb92e5a72f1face6:d21a8dac38849c6f,"{""distribution"":{""crps"":77.52662013275133,""crpsGridPoints"":5,""crpsPHigh"":0.9,""crpsPLow"":0.1,""inBand"":false,""inWideBand"":false,""pinball"":{""0.1"":46.37766603165492,""0.25"":60.44467360269664,""0.5"":57.616570811820566,""0.75"":37.89546328294682,""0.9"":16.170867118902876}},""excursion"":{""bars"":87.0,""coverage"":1.0,""droppedCandles"":0.0,""expectedBars"":86.0,""intervalSeconds"":3600.0,""maxGapBars"":0.0},""legBrier"":{""legs"":{""venue"":{""brier"":0.32466591,""leg"":""venue"",""meanOutcome"":0.3030303,""meanProbability"":0.5480303,""n"":33,""reason"":null,""unscored"":{""grid_no_probability"":7}}},""scoredRungs"":33,""settleByObservable"":{""terminal_close"":4333.9},""version"":""settlement/1""},""receipt"":{""barrierNote"":null,""costPct"":null,""entryRefPrice"":4462.15,""exitPrice"":4333.9,""exitReason"":""anchor"",""grossReturnPct"":-2.874175,""hitStop"":null,""hitTarget"":false,""netReturnPct"":null,""netReturnReason"":""no_cost_basis"",""realizedPct"":-2.874175,""settlePrice"":4333.9,""side"":""long""},""settleBasis"":""hl-candle-close"",""settleNote"":null,""settleQuality"":{""bars"":120.0,""coverage"":1.0,""droppedCandles"":0.0,""expectedBars"":120.0,""intervalSeconds"":60.0,""maxGapBars"":0.0,""stalenessSeconds"":0.001},""settleSource"":""hyperliquid-candle"",""settlementVersion"":""settlement/1""}",True,settlement/1,2026-09-01T20:59:59.999000000+00:00,psig:commodity:gold:price-outlook:next-day:2026-09-01:r22,terminal_close,"{""0.1"":46.37766603165492,""0.25"":60.44467360269664,""0.5"":57.616570811820566,""0.75"":37.89546328294682,""0.9"":16.170867118902876}",4414.4928981369285,sha256:41d500799246285dfc4a1707649247b61ba6feb25a7ff84b5de0bdd816e0a6a5,True,next-day,4485.481853131787,KXGOLDD,,,,,sha256:41d500799246285dfc4a1707649247b61ba6feb25a7ff84b5de0bdd816e0a6a5,spot,verified,,terminal_close,,signal,"[{""clampedPercentiles"":[],""contributing"":true,""leg"":""house"",""median"":4449.233692417315,""rawWeight"":0.2,""scaleSource"":""own"",""support"":6115,""weight"":0.2},{""clampedPercentiles"":[],""contributing"":true,""leg"":""venue"",""median"":4448.210166666667,""rawWeight"":0.1,""scaleSource"":""own"",""support"":31,""weight"":0.1},{""clampedPercentiles"":[0.75,0.9],""contributing"":true,""leg"":""q"",""median"":4449.67583906946,""rawWeight"":0.7,""scaleSource"":""own"",""support"":8,""weight"":0.7}]",,4448.25,4449.133141623641,4385.430740035172,4414.4928981369285,4485.481853131787,4495.608671189028,False,2026-08-31T20:30:39.929131Z,2026-08-31T20:30:39.929131Z,2026-09-01T21:00:00Z,2026-09-01,1.0203711906134258,blend/1,decide/3,2.65887864564575,2.65887864564575,24.488908574722224,commodity:gold|2026-09-01|hl-candle-close,0
kalshi,Silver — Long · Daily · to Sep 1,False,-1.220724,commodity,False,commodity:silver:price-outlook:daily,commodity:silver,asset-price/2,signal,2026-09-01T21:00:00.000000000+00:00,hyperliquid-candle,True,sha256:d235229f7a0265cadb35bded984071e4ca8f8bc0db78f2a4b897ac2a0482525e,hl-candle-close,True,0.035566543687452955,64.9205,5,0.9,True,64.09695234972207,long,True,2026-09-01T21:15:38.353000000+00:00,64.09310936781,63.87584068514537,experimental,64.3057305337757,0.1,874997cc-f081-41d3-94d5-2d5b72bf509e,"{""legs"":{""venue"":{""brier"":0.0058225,""leg"":""venue"",""meanOutcome"":0.9,""meanProbability"":0.8725,""n"":10,""reason"":null,""unscored"":{""grid_no_probability"":30}}},""scoredRungs"":10,""settleByObservable"":{""terminal_close"":64.128},""version"":""settlement/1""}",64.128,pout:pbh:9e7dc4c3c9728b993a5f35078e4b591c832b3ab4cfbf9f5d694e4bc116b49daa:2026-09-01,2026-09-01,po:commodity:silver:price-outlook:daily:2026-09-01:eb92e5a72f1face6:fde403f2f96ae4d4,"{""distribution"":{""crps"":0.035566543687452955,""crpsGridPoints"":5,""crpsPHigh"":0.9,""crpsPLow"":0.1,""inBand"":true,""inWideBand"":true,""pinball"":{""0.1"":0.025215931485463017,""0.25"":0.03484747203721028,""0.5"":0.015523825138963332,""0.75"":0.018543236434080512,""0.9"":0.017773053377570132}},""excursion"":{""bars"":5.0,""coverage"":1.0,""droppedCandles"":0.0,""expectedBars"":4.0,""intervalSeconds"":3600.0,""maxGapBars"":0.0},""legBrier"":{""legs"":{""venue"":{""brier"":0.0058225,""leg"":""venue"",""meanOutcome"":0.9,""meanProbability"":0.8725,""n"":10,""reason"":null,""unscored"":{""grid_no_probability"":30}}},""scoredRungs"":10,""settleByObservable"":{""terminal_close"":64.128},""version"":""settlement/1""},""receipt"":{""barrierNote"":null,""costPct"":null,""entryRefPrice"":64.9205,""exitPrice"":64.128,""exitReason"":""anchor"",""grossReturnPct"":-1.220724,""hitStop"":null,""hitTarget"":true,""netReturnPct"":null,""netReturnReason"":""no_cost_basis"",""realizedPct"":-1.220724,""settlePrice"":64.128,""side"":""long""},""settleBasis"":""hl-candle-close"",""settleNote"":null,""settleQuality"":{""bars"":120.0,""coverage"":1.0,""droppedCandles"":0.0,""expectedBars"":120.0,""intervalSeconds"":60.0,""maxGapBars"":0.0,""stalenessSeconds"":0.001},""settleSource"":""hyperliquid-candle"",""settlementVersion"":""settlement/1""}",True,settlement/1,2026-09-01T20:59:59.999000000+00:00,psig:commodity:silver:price-outlook:daily:2026-09-01:r20,terminal_close,"{""0.1"":0.025215931485463017,""0.25"":0.03484747203721028,""0.5"":0.015523825138963332,""0.75"":0.018543236434080512,""0.9"":0.017773053377570132}",63.98861011185116,sha256:d235229f7a0265cadb35bded984071e4ca8f8bc0db78f2a4b897ac2a0482525e,True,daily,64.20217294573632,KXSILVERD,,,,,sha256:d235229f7a0265cadb35bded984071e4ca8f8bc0db78f2a4b897ac2a0482525e,spot,verified,,terminal_close,,signal,"[{""clampedPercentiles"":[],""contributing"":true,""leg"":""house"",""median"":64.09695234972207,""rawWeight"":0.2,""scaleSource"":""own"",""support"":6115,""weight"":1.0}]",,64.0965,64.09695234972207,63.87584068514537,63.98861011185116,64.20217294573632,64.3057305337757,False,2026-09-01T20:30:31.255202Z,2026-09-01T20:30:31.255202Z,2026-09-01T21:00:00Z,2026-09-01,0.020471583310185185,blend/1,decide/3,-0.048415123312635144,0.048415123312635144,0.49131799944444443,commodity:silver|2026-09-01|hl-candle-close,0
kalshi,Silver — Next-day · to Sep 1,False,,commodity,False,commodity:silver:price-outlook:next-day,commodity:silver,asset-price/2,signal,2026-09-01T21:00:00.000000000+00:00,hyperliquid-candle,True,sha256:d235229f7a0265cadb35bded984071e4ca8f8bc0db78f2a4b897ac2a0482525e,hl-candle-close,,1.5276830791501088,,5,0.9,False,66.4743429338505,,False,2026-09-01T21:15:39.467000000+00:00,66.46899619093263,64.89963785287922,experimental,68.070402204815,0.1,874997cc-f081-41d3-94d5-2d5b72bf509e,"{""legs"":{""venue"":{""brier"":0.20891562,""leg"":""venue"",""meanOutcome"":0.28125,""meanProbability"":0.570625,""n"":32,""reason"":null,""unscored"":{""grid_no_probability"":8}}},""scoredRungs"":32,""settleByObservable"":{""terminal_close"":64.128},""version"":""settlement/1""}",64.128,pout:pbh:50532ae01557481d45d7ba4c3c20bb8dd65a9fcdd43e2fe89b4d06d06989c601:2026-09-01,2026-09-01,po:commodity:silver:price-outlook:next-day:2026-09-01:eb92e5a72f1face6:b0e02cf11f2b0b49,"{""distribution"":{""crps"":1.5276830791501088,""crpsGridPoints"":5,""crpsPHigh"":0.9,""crpsPLow"":0.1,""inBand"":false,""inWideBand"":false,""pinball"":{""0.1"":0.694474067591301,""0.25"":1.1602255019788714,""0.5"":1.1731714669252469,""0.75"":0.7842500042125415,""0.9"":0.39424022048149954}},""excursion"":null,""legBrier"":{""legs"":{""venue"":{""brier"":0.20891562,""leg"":""venue"",""meanOutcome"":0.28125,""meanProbability"":0.570625,""n"":32,""reason"":null,""unscored"":{""grid_no_probability"":8}}},""scoredRungs"":32,""settleByObservable"":{""terminal_close"":64.128},""version"":""settlement/1""},""receipt"":null,""settleBasis"":""hl-candle-close"",""settleNote"":null,""settleQuality"":{""bars"":120.0,""coverage"":1.0,""droppedCandles"":0.0,""expectedBars"":120.0,""intervalSeconds"":60.0,""maxGapBars"":0.0,""stalenessSeconds"":0.001},""settleSource"":""hyperliquid-candle"",""settlementVersion"":""settlement/1""}",True,settlement/1,2026-09-01T20:59:59.999000000+00:00,,terminal_close,"{""0.1"":0.694474067591301,""0.25"":1.1602255019788714,""0.5"":1.1731714669252469,""0.75"":0.7842500042125415,""0.9"":0.39424022048149954}",65.67496733597183,sha256:d235229f7a0265cadb35bded984071e4ca8f8bc0db78f2a4b897ac2a0482525e,True,next-day,67.26500001685017,KXSILVERD,,,,,sha256:d235229f7a0265cadb35bded984071e4ca8f8bc0db78f2a4b897ac2a0482525e,spot,verified,,terminal_close,,signal,"[{""clampedPercentiles"":[],""contributing"":true,""leg"":""house"",""median"":66.51534329774536,""rawWeight"":0.2,""scaleSource"":""own"",""support"":6115,""weight"":0.6666666666666666},{""clampedPercentiles"":[],""contributing"":true,""leg"":""venue"",""median"":66.433351,""rawWeight"":0.1,""scaleSource"":""own"",""support"":40,""weight"":0.3333333333333333}]",,66.4935,66.4743429338505,64.89963785287922,65.67496733597183,67.26500001685017,68.070402204815,False,2026-08-31T20:30:39.929131Z,2026-08-31T20:30:39.929131Z,2026-09-01T21:00:00Z,2026-09-01,1.0203711906134258,blend/1,decide/3,3.658843147845705,3.658843147845705,24.488908574722224,commodity:silver|2026-09-01|hl-candle-close,0
kalshi,Bitcoin — Long · Daily · to Sep 1,False,0.4586,crypto,False,crypto:btc:price-outlook:daily,crypto:btc,asset-price/2,signal,2026-09-01T21:00:00.000000000+00:00,hyperliquid-candle,True,sha256:f9d5ffd9409636486eafaa9b610b6bd5648edcb519051333e245de0740e38dab,hl-candle-close,True,59.69663438304473,77082.5,5,0.9,True,77410.18204117732,long,True,2026-09-01T21:16:01.296000000+00:00,77503.4275953589,77219.27807699799,experimental,77901.7368004607,0.1,874997cc-f081-41d3-94d5-2d5b72bf509e,"{""legs"":{""venue"":{""brier"":0.00224451,""leg"":""venue"",""meanOutcome"":0.92682927,""meanProbability"":0.92378049,""n"":41,""reason"":null,""unscored"":{""grid_no_probability"":39}}},""scoredRungs"":41,""settleByObservable"":{""terminal_close"":77436.0},""version"":""settlement/1""}",77436.0,pout:pbh:cc628804f79ff4b92a26159bca4be46d5e6894c9d31ef786b5dc1852a3fb4517:2026-09-01,2026-09-01,po:crypto:btc:price-outlook:daily:2026-09-01:eb92e5a72f1face6:960def8f1dfdad4c,"{""distribution"":{""crps"":59.69663438304473,""crpsGridPoints"":5,""crpsPHigh"":0.9,""crpsPLow"":0.1,""inBand"":true,""inWideBand"":true,""pinball"":{""0.1"":21.672192300201278,""0.25"":44.34587430736792,""0.5"":12.908979411338805,""0.75"":63.16728525621875,""0.9"":46.573680046069775}},""excursion"":{""bars"":3.0,""coverage"":1.0,""droppedCandles"":0.0,""expectedBars"":2.0,""intervalSeconds"":3600.0,""maxGapBars"":0.0},""legBrier"":{""legs"":{""venue"":{""brier"":0.00224451,""leg"":""venue"",""meanOutcome"":0.92682927,""meanProbability"":0.92378049,""n"":41,""reason"":null,""unscored"":{""grid_no_probability"":39}}},""scoredRungs"":41,""settleByObservable"":{""terminal_close"":77436.0},""version"":""settlement/1""},""receipt"":{""barrierNote"":null,""costPct"":null,""entryRefPrice"":77082.5,""exitPrice"":77436.0,""exitReason"":""anchor"",""grossReturnPct"":0.4586,""hitStop"":null,""hitTarget"":true,""netReturnPct"":null,""netReturnReason"":""no_cost_basis"",""realizedPct"":0.4586,""settlePrice"":77436.0,""side"":""long""},""settleBasis"":""hl-candle-close"",""settleNote"":null,""settleQuality"":{""bars"":120.0,""coverage"":1.0,""droppedCandles"":0.0,""expectedBars"":120.0,""intervalSeconds"":60.0,""maxGapBars"":0.0,""stalenessSeconds"":0.001},""settleSource"":""hyperliquid-candle"",""settlementVersion"":""settlement/1""}",True,settlement/1,2026-09-01T20:59:59.999000000+00:00,psig:crypto:btc:price-outlook:daily:2026-09-01:r22,terminal_close,"{""0.1"":21.672192300201278,""0.25"":44.34587430736792,""0.5"":12.908979411338805,""0.75"":63.16728525621875,""0.9"":46.573680046069775}",77258.61650277053,sha256:f9d5ffd9409636486eafaa9b610b6bd5648edcb519051333e245de0740e38dab,True,daily,77688.66914102487,KXBTCD,,,,,sha256:f9d5ffd9409636486eafaa9b610b6bd5648edcb519051333e245de0740e38dab,spot,verified,,terminal_close,,signal,"[{""clampedPercentiles"":[],""contributing"":true,""leg"":""house"",""median"":77402.9711617101,""rawWeight"":0.2,""scaleSource"":""own"",""support"":2748,""weight"":0.22222222222222227},{""clampedPercentiles"":[0.1,0.25],""contributing"":true,""leg"":""q"",""median"":77412.24229245367,""rawWeight"":0.7,""scaleSource"":""own"",""support"":11,""weight"":0.7777777777777778}]",,77402.5,77410.18204117732,77219.27807699799,77258.61650277053,77688.66914102487,77901.7368004607,False,2026-09-01T20:30:31.255202Z,2026-09-01T20:30:31.255202Z,2026-09-01T21:00:00Z,2026-09-01,0.020471583310185185,blend/1,decide/3,-0.03334102849149957,0.03334102849149957,0.49131799944444443,crypto:btc|2026-09-01|hl-candle-close,0
kalshi,Bitcoin — Next-day · to Sep 1,False,,crypto,False,crypto:btc:price-outlook:next-day,crypto:btc,asset-price/2,signal,2026-09-01T21:00:00.000000000+00:00,hyperliquid-candle,True,sha256:f9d5ffd9409636486eafaa9b610b6bd5648edcb519051333e245de0740e38dab,hl-candle-close,,845.269723881758,,5,0.9,False,78943.19381290575,,True,2026-09-01T21:16:02.778000000+00:00,78972.33481450887,76665.29180961772,experimental,81407.23374471792,0.1,874997cc-f081-41d3-94d5-2d5b72bf509e,"{""legs"":{""venue"":{""brier"":0.06842588,""leg"":""venue"",""meanOutcome"":0.66666667,""meanProbability"":0.76921053,""n"":57,""reason"":null,""unscored"":{""grid_no_probability"":23}}},""scoredRungs"":57,""settleByObservable"":{""terminal_close"":77436.0},""version"":""settlement/1""}",77436.0,pout:pbh:e7f3310d5e258224fe3d8ff4568956603a4cdb2770a0b40f6e94f06b4b68ab7b:2026-09-01,2026-09-01,po:crypto:btc:price-outlook:next-day:2026-09-01:eb92e5a72f1face6:1d0216d0b95a7017,"{""distribution"":{""crps"":845.269723881758,""crpsGridPoints"":5,""crpsPHigh"":0.9,""crpsPLow"":0.1,""inBand"":false,""inWideBand"":true,""pinball"":{""0.1"":77.07081903822836,""0.25"":340.6773808854268,""0.5"":753.5969064528763,""0.75"":652.6779731866154,""0.9"":397.1233744717915}},""excursion"":null,""legBrier"":{""legs"":{""venue"":{""brier"":0.06842588,""leg"":""venue"",""meanOutcome"":0.66666667,""meanProbability"":0.76921053,""n"":57,""reason"":null,""unscored"":{""grid_no_probability"":23}}},""scoredRungs"":57,""settleByObservable"":{""terminal_close"":77436.0},""version"":""settlement/1""},""receipt"":null,""settleBasis"":""hl-candle-close"",""settleNote"":null,""settleQuality"":{""bars"":120.0,""coverage"":1.0,""droppedCandles"":0.0,""expectedBars"":120.0,""intervalSeconds"":60.0,""maxGapBars"":0.0,""stalenessSeconds"":0.001},""settleSource"":""hyperliquid-candle"",""settlementVersion"":""settlement/1""}",True,settlement/1,2026-09-01T20:59:59.999000000+00:00,,terminal_close,"{""0.1"":77.07081903822836,""0.25"":340.6773808854268,""0.5"":753.5969064528763,""0.75"":652.6779731866154,""0.9"":397.1233744717915}",77890.23650784724,sha256:f9d5ffd9409636486eafaa9b610b6bd5648edcb519051333e245de0740e38dab,True,next-day,80046.71189274646,KXBTCD,,,,,sha256:f9d5ffd9409636486eafaa9b610b6bd5648edcb519051333e245de0740e38dab,spot,verified,,terminal_close,,signal,"[{""clampedPercentiles"":[],""contributing"":true,""leg"":""house"",""median"":78937.9690740745,""rawWeight"":0.2,""scaleSource"":""own"",""support"":2748,""weight"":0.6666666666666666},{""clampedPercentiles"":[],""contributing"":true,""leg"":""venue"",""median"":78948.418667,""rawWeight"":0.1,""scaleSource"":""own"",""support"":80,""weight"":0.3333333333333333}]",,78913.5,78943.19381290575,76665.29180961772,77890.23650784724,80046.71189274646,81407.23374471792,False,2026-08-31T20:30:39.929131Z,2026-08-31T20:30:39.929131Z,2026-09-01T21:00:00Z,2026-09-01,1.0203711906134258,blend/1,decide/3,1.9463735380259215,1.9463735380259215,24.488908574722224,crypto:btc|2026-09-01|hl-candle-close,0
kalshi,WTI Crude Oil — Daily · to Sep 1,False,,commodity,False,commodity:wti:price-outlook:daily,commodity:wti,asset-price/2,signal,2026-09-01T14:30:00.000000000-04:00,kalshi-settled-print,True,bridge:sha256:b426cee1da09d62e614047b5b3fbfaa2907ef06fc8546480218fab039ddaf700,venue-settlement-value,,0.8967218747891297,,5,0.9,False,88.7514484014383,,False,2026-09-02T14:15:27.931000000+00:00,,87.68635708629932,experimental,89.91290252432098,0.1,e21e5c15-027f-42e7-bbe4-ee32e2696c6c,"{""legs"":{},""scoredRungs"":0,""settleByObservable"":{""terminal_close"":90.22},""version"":""settlement/1""}",90.22,pout:pbh:d3a838fe5fd3d5d70cad8a2b7fdc96877f7c8f521d8975907e2f2463cdac577f:2026-09-01,2026-09-01,po:pbh:d3a838fe5fd3d5d70cad8a2b7fdc96877f7c8f521d8975907e2f2463cdac577f:2026-09-01:eb92e5a72f1face6:a4227dad9c0cc015,"{""distribution"":{""crps"":0.8967218747891297,""crpsGridPoints"":5,""crpsPHigh"":0.9,""crpsPLow"":0.1,""inBand"":false,""inWideBand"":false,""pinball"":{""0.1"":0.2533642913700675,""0.25"":0.5207126555194144,""0.5"":0.7342757992808515,""0.75"":0.6045902750469025,""0.9"":0.2763877281111135}},""excursion"":null,""legBrier"":{""legs"":{},""scoredRungs"":0,""settleByObservable"":{""terminal_close"":90.22},""version"":""settlement/1""},""receipt"":null,""settleBasis"":""venue-settlement-value"",""settleNote"":null,""settleQuality"":{""venueSettlement"":1.0},""settleSource"":""kalshi-settled-print"",""settlementVersion"":""settlement/1""}",True,settlement/1,2026-09-01T14:30:00.000000000-04:00,,terminal_close,"{""0.1"":0.2533642913700675,""0.25"":0.5207126555194144,""0.5"":0.7342757992808515,""0.75"":0.6045902750469025,""0.9"":0.2763877281111135}",88.13714937792234,bridge:sha256:b426cee1da09d62e614047b5b3fbfaa2907ef06fc8546480218fab039ddaf700,True,daily,89.4138796332708,KXWTI,,,,,bridge:sha256:b426cee1da09d62e614047b5b3fbfaa2907ef06fc8546480218fab039ddaf700,,estimated,,terminal_close,,signal,,,89.55820733286683,88.7514484014383,87.68635708629932,88.13714937792234,89.4138796332708,89.91290252432098,False,2026-09-01T17:30:33.160942Z,2026-09-01T17:30:33.160942Z,2026-09-01T14:30:00-04:00,2026-09-01,0.041282859467592595,blend/1,decide/3,-1.6277450660182922,1.6277450660182922,0.9907886272222223,commodity:wti|2026-09-01|venue-settlement-value,0
kalshi,Copper — Daily · to Sep 3,False,,commodity,False,commodity:copper:price-outlook:daily,commodity:copper,asset-price/2,signal,2026-09-03T21:00:00.000000000+00:00,kalshi-settled-print,True,bridge:sha256:3a29bdb2399a45f4571217e7bf4dbe74a2ebc9ef1483784dec88d34e145eeeb0,venue-settlement-value,,0.05456242868890546,,5,0.9,False,6.585981588895964,,False,2026-09-04T00:15:19.774000000+00:00,,6.529347974489753,experimental,6.642437113928607,0.1,cd546b04-af44-43c9-abe4-342ee24ee0af,"{""legs"":{},""scoredRungs"":0,""settleByObservable"":{""terminal_close"":6.67},""version"":""settlement/1""}",6.67,pout:pbh:f203af5314845972b579b445b6154cae7e8d6f24c7d23538f69133dbfcc406d3:2026-09-03,2026-09-03,po:pbh:f203af5314845972b579b445b6154cae7e8d6f24c7d23538f69133dbfcc406d3:2026-09-03:47f8c5a6ef3e223c:c2e70d70cb2a9527,"{""distribution"":{""crps"":0.05456242868890546,""crpsGridPoints"":5,""crpsPHigh"":0.9,""crpsPLow"":0.1,""inBand"":false,""inWideBand"":false,""pinball"":{""0.1"":0.014065202551024659,""0.25"":0.02836853998873634,""0.5"":0.042009205552017814,""0.75"":0.04094909978777572,""0.9"":0.02480659746425351}},""excursion"":null,""lean"":null,""legBrier"":{""legs"":{},""scoredRungs"":0,""settleByObservable"":{""terminal_close"":6.67},""version"":""settlement/1""},""receipt"":null,""settleBasis"":""venue-settlement-value"",""settleNote"":null,""settleQuality"":{""venueSettlement"":1.0},""settleSource"":""kalshi-settled-print"",""settlementVersion"":""settlement/1""}",True,settlement/1,2026-09-03T21:00:00.000000000+00:00,,terminal_close,"{""0.1"":0.014065202551024659,""0.25"":0.02836853998873634,""0.5"":0.042009205552017814,""0.75"":0.04094909978777572,""0.9"":0.02480659746425351}",6.556525840045055,bridge:sha256:3a29bdb2399a45f4571217e7bf4dbe74a2ebc9ef1483784dec88d34e145eeeb0,True,daily,6.615401200282966,KXCOPPERD,,,,,bridge:sha256:3a29bdb2399a45f4571217e7bf4dbe74a2ebc9ef1483784dec88d34e145eeeb0,,estimated,,terminal_close,,signal,,,6.585634728820125,6.585981588895964,6.529347974489753,6.556525840045055,6.615401200282966,6.642437113928607,False,2026-09-03T20:30:30.757455Z,2026-09-03T20:30:30.757455Z,2026-09-03T21:00:00Z,2026-09-03,0.020477344270833333,blend/1,decide/4,-1.25964634338884,1.25964634338884,0.4914562625,commodity:copper|2026-09-03|venue-settlement-value,0
,Copper — Next-day · to Sep 3,False,,commodity,False,commodity:copper:price-outlook:next-day,commodity:copper,asset-price/2,signal,2026-09-03T21:00:00.000000000+00:00,kalshi-settled-print,True,bridge:sha256:3a29bdb2399a45f4571217e7bf4dbe74a2ebc9ef1483784dec88d34e145eeeb0,venue-settlement-value,,0.0953500899594808,,5,0.9,False,6.519147548455483,,False,2026-09-04T00:15:20.332000000+00:00,,6.401923310345784,experimental,6.633755254557254,0.1,cd546b04-af44-43c9-abe4-342ee24ee0af,"{""legs"":{},""scoredRungs"":0,""settleByObservable"":{""terminal_close"":6.67},""version"":""settlement/1""}",6.67,pout:pbh:98f5d49caa9548b2887b163b59f53952ff3af776b59702c40e4a865421459dfd:2026-09-03,2026-09-03,po:pbh:98f5d49caa9548b2887b163b59f53952ff3af776b59702c40e4a865421459dfd:2026-09-03:47f8c5a6ef3e223c:47d5469cdadd5b0f,"{""distribution"":{""crps"":0.0953500899594808,""crpsGridPoints"":5,""crpsPHigh"":0.9,""crpsPLow"":0.1,""inBand"":false,""inWideBand"":false,""pinball"":{""0.1"":0.026807668965421617,""0.25"":0.05248079210362144,""0.5"":0.07542622577225844,""0.75"":0.0693261731307977,""0.9"":0.03262027089847113}},""excursion"":null,""lean"":null,""legBrier"":{""legs"":{},""scoredRungs"":0,""settleByObservable"":{""terminal_close"":6.67},""version"":""settlement/1""},""receipt"":null,""settleBasis"":""venue-settlement-value"",""settleNote"":null,""settleQuality"":{""venueSettlement"":1.0},""settleSource"":""kalshi-settled-print"",""settlementVersion"":""settlement/1""}",True,settlement/1,2026-09-03T21:00:00.000000000+00:00,,terminal_close,"{""0.1"":0.026807668965421617,""0.25"":0.05248079210362144,""0.5"":0.07542622577225844,""0.75"":0.0693261731307977,""0.9"":0.03262027089847113}",6.460076831585514,bridge:sha256:3a29bdb2399a45f4571217e7bf4dbe74a2ebc9ef1483784dec88d34e145eeeb0,True,next-day,6.57756510249227,,,,,,bridge:sha256:3a29bdb2399a45f4571217e7bf4dbe74a2ebc9ef1483784dec88d34e145eeeb0,,estimated,,terminal_close,,signal,,,6.519147548455483,6.519147548455483,6.401923310345784,6.460076831585514,6.57756510249227,6.633755254557254,False,2026-09-02T20:30:33.493538Z,2026-09-02T20:30:33.493538Z,2026-09-03T21:00:00Z,2026-09-03,1.0204456766435186,blend/1,decide/3,-2.2616559451951552,2.2616559451951552,24.490696239444446,commodity:copper|2026-09-03|venue-settlement-value,0
kalshi,Gold — Daily · to Sep 3,False,,commodity,False,commodity:gold:price-outlook:daily,commodity:gold,asset-price/2,signal,2026-09-03T21:00:00.000000000+00:00,kalshi-settled-print,True,bridge:sha256:aaed6a8ae8b9f3568fbf4641dbff8e977447cb25b1ece3f6d57fdfcbe093107f,venue-settlement-value,,4.140431463358368,,5,0.9,True,4469.828234022361,,True,2026-09-04T00:15:22.930000000+00:00,,4444.842423221615,experimental,4494.320500070801,0.1,cd546b04-af44-43c9-abe4-342ee24ee0af,"{""legs"":{},""scoredRungs"":0,""settleByObservable"":{""terminal_close"":4473.25},""version"":""settlement/1""}",4473.25,pout:pbh:99e6cb195d212f4d920a9b200e864a0b51fb4ae391ecac386027421be13420e4:2026-09-03,2026-09-03,po:pbh:99e6cb195d212f4d920a9b200e864a0b51fb4ae391ecac386027421be13420e4:2026-09-03:47f8c5a6ef3e223c:612aa2bd74f77557,"{""distribution"":{""crps"":4.140431463358368,""crpsGridPoints"":5,""crpsPHigh"":0.9,""crpsPLow"":0.1,""inBand"":true,""inWideBand"":true,""pinball"":{""0.1"":2.8407576778385195,""0.25"":4.049363565200338,""0.5"":1.7108829888193213,""0.75"":2.3076834753269395,""0.9"":2.107050007080124}},""excursion"":null,""lean"":null,""legBrier"":{""legs"":{},""scoredRungs"":0,""settleByObservable"":{""terminal_close"":4473.25},""version"":""settlement/1""},""receipt"":null,""settleBasis"":""venue-settlement-value"",""settleNote"":null,""settleQuality"":{""venueSettlement"":1.0},""settleSource"":""kalshi-settled-print"",""settlementVersion"":""settlement/1""}",True,settlement/1,2026-09-03T21:00:00.000000000+00:00,,terminal_close,"{""0.1"":2.8407576778385195,""0.25"":4.049363565200338,""0.5"":1.7108829888193213,""0.75"":2.3076834753269395,""0.9"":2.107050007080124}",4457.052545739199,bridge:sha256:aaed6a8ae8b9f3568fbf4641dbff8e977447cb25b1ece3f6d57fdfcbe093107f,True,daily,4482.480733901308,KXGOLDD,,,,,bridge:sha256:aaed6a8ae8b9f3568fbf4641dbff8e977447cb25b1ece3f6d57fdfcbe093107f,,estimated,,terminal_close,,signal,,,4469.664517699515,4469.828234022361,4444.842423221615,4457.052545739199,4482.480733901308,4494.320500070801,False,2026-09-03T20:30:30.757455Z,2026-09-03T20:30:30.757455Z,2026-09-03T21:00:00Z,2026-09-03,0.020477344270833333,blend/1,decide/4,-0.0764939580313786,0.0764939580313786,0.4914562625,commodity:gold|2026-09-03|venue-settlement-value,0
,Gold — Next-day · to Sep 3,False,,commodity,False,commodity:gold:price-outlook:next-day,commodity:gold,asset-price/2,signal,2026-09-03T21:00:00.000000000+00:00,kalshi-settled-print,True,bridge:sha256:aaed6a8ae8b9f3568fbf4641dbff8e977447cb25b1ece3f6d57fdfcbe093107f,venue-settlement-value,,49.36242589531816,,5,0.9,False,4387.482889860674,,True,2026-09-04T00:15:23.773000000+00:00,,4298.855175441055,experimental,4476.359477694592,0.1,cd546b04-af44-43c9-abe4-342ee24ee0af,"{""legs"":{},""scoredRungs"":0,""settleByObservable"":{""terminal_close"":4473.25},""version"":""settlement/1""}",4473.25,pout:pbh:d7e1c53a9e36f2cb835a83775dd417d41efcfe8924a78b2d9fe81e2860b6fc81:2026-09-03,2026-09-03,po:pbh:d7e1c53a9e36f2cb835a83775dd417d41efcfe8924a78b2d9fe81e2860b6fc81:2026-09-03:47f8c5a6ef3e223c:9e761dfd4b8017c7,"{""distribution"":{""crps"":49.36242589531816,""crpsGridPoints"":5,""crpsPHigh"":0.9,""crpsPLow"":0.1,""inBand"":false,""inWideBand"":true,""pinball"":{""0.1"":17.43948245589454,""0.25"":32.647157641891226,""0.5"":42.88355506966309,""0.75"":30.498051924817673,""0.9"":0.31094776945919866}},""excursion"":null,""lean"":null,""legBrier"":{""legs"":{},""scoredRungs"":0,""settleByObservable"":{""terminal_close"":4473.25},""version"":""settlement/1""},""receipt"":null,""settleBasis"":""venue-settlement-value"",""settleNote"":null,""settleQuality"":{""venueSettlement"":1.0},""settleSource"":""kalshi-settled-print"",""settlementVersion"":""settlement/1""}",True,settlement/1,2026-09-03T21:00:00.000000000+00:00,,terminal_close,"{""0.1"":17.43948245589454,""0.25"":32.647157641891226,""0.5"":42.88355506966309,""0.75"":30.498051924817673,""0.9"":0.31094776945919866}",4342.661369432435,bridge:sha256:aaed6a8ae8b9f3568fbf4641dbff8e977447cb25b1ece3f6d57fdfcbe093107f,True,next-day,4432.58593076691,,,,,,bridge:sha256:aaed6a8ae8b9f3568fbf4641dbff8e977447cb25b1ece3f6d57fdfcbe093107f,,estimated,,terminal_close,,signal,,,4387.482889860667,4387.482889860674,4298.855175441055,4342.661369432435,4432.58593076691,4476.359477694592,False,2026-09-02T20:30:33.493538Z,2026-09-02T20:30:33.493538Z,2026-09-03T21:00:00Z,2026-09-03,1.0204456766435186,blend/1,decide/3,-1.917333261930949,1.917333261930949,24.490696239444446,commodity:gold|2026-09-03|venue-settlement-value,0
kalshi,Silver — Daily · to Sep 3,False,,commodity,False,commodity:silver:price-outlook:daily,commodity:silver,asset-price/2,signal,2026-09-03T21:00:00.000000000+00:00,kalshi-settled-print,True,bridge:sha256:ed2613876006731c918d15ed0849d71920dfd4208b75f3394edaae94c1f8b5b9,venue-settlement-value,,0.08929680706415959,,5,0.9,True,67.01076590740118,,True,2026-09-04T00:15:30.869000000+00:00,,66.29389504267898,experimental,67.61290669472737,0.1,cd546b04-af44-43c9-abe4-342ee24ee0af,"{""legs"":{},""scoredRungs"":0,""settleByObservable"":{""terminal_close"":66.97},""version"":""settlement/1""}",66.97,pout:pbh:d097f6c54da1603553b6656f621fe08c92ce11dd8f767159aedcf1e1cfdb8c4a:2026-09-03,2026-09-03,po:pbh:d097f6c54da1603553b6656f621fe08c92ce11dd8f767159aedcf1e1cfdb8c4a:2026-09-03:47f8c5a6ef3e223c:d781e5ea7f3d9932,"{""distribution"":{""crps"":0.08929680706415959,""crpsGridPoints"":5,""crpsPHigh"":0.9,""crpsPLow"":0.1,""inBand"":true,""inWideBand"":true,""pinball"":{""0.1"":0.06761049573210158,""0.25"":0.06695639454548896,""0.5"":0.02038295370059018,""0.75"":0.0813439940373577,""0.9"":0.06429066947273723}},""excursion"":null,""lean"":null,""legBrier"":{""legs"":{},""scoredRungs"":0,""settleByObservable"":{""terminal_close"":66.97},""version"":""settlement/1""},""receipt"":null,""settleBasis"":""venue-settlement-value"",""settleNote"":null,""settleQuality"":{""venueSettlement"":1.0},""settleSource"":""kalshi-settled-print"",""settlementVersion"":""settlement/1""}",True,settlement/1,2026-09-03T21:00:00.000000000+00:00,,terminal_close,"{""0.1"":0.06761049573210158,""0.25"":0.06695639454548896,""0.5"":0.02038295370059018,""0.75"":0.0813439940373577,""0.9"":0.06429066947273723}",66.70217442181804,bridge:sha256:ed2613876006731c918d15ed0849d71920dfd4208b75f3394edaae94c1f8b5b9,True,daily,67.29537597614943,KXSILVERD,,,,,bridge:sha256:ed2613876006731c918d15ed0849d71920dfd4208b75f3394edaae94c1f8b5b9,,estimated,,terminal_close,,signal,,,66.98494799121336,67.01076590740118,66.29389504267898,66.70217442181804,67.29537597614943,67.61290669472737,False,2026-09-03T20:30:30.757455Z,2026-09-03T20:30:30.757455Z,2026-09-03T21:00:00Z,2026-09-03,0.020477344270833333,blend/1,decide/4,0.06087189398414269,0.06087189398414269,0.4914562625,commodity:silver|2026-09-03|venue-settlement-value,0
,Silver — Next-day · to Sep 3,False,,commodity,False,commodity:silver:price-outlook:next-day,commodity:silver,asset-price/2,signal,2026-09-03T21:00:00.000000000+00:00,kalshi-settled-print,True,bridge:sha256:ed2613876006731c918d15ed0849d71920dfd4208b75f3394edaae94c1f8b5b9,venue-settlement-value,,0.9542128415422809,,5,0.9,False,65.29717880890148,,True,2026-09-04T00:15:31.704000000+00:00,,63.41594221671075,experimental,67.18064258194418,0.1,cd546b04-af44-43c9-abe4-342ee24ee0af,"{""legs"":{},""scoredRungs"":0,""settleByObservable"":{""terminal_close"":66.97},""version"":""settlement/1""}",66.97,pout:pbh:633619e7c574153dd68fdae93e3072c1ef9412911e0b2c74bb183fa865c7f0a5:2026-09-03,2026-09-03,po:pbh:633619e7c574153dd68fdae93e3072c1ef9412911e0b2c74bb183fa865c7f0a5:2026-09-03:47f8c5a6ef3e223c:9d7acd6dfbfec467,"{""distribution"":{""crps"":0.9542128415422809,""crpsGridPoints"":5,""crpsPHigh"":0.9,""crpsPLow"":0.1,""inBand"":false,""inWideBand"":true,""pinball"":{""0.1"":0.3554057783289253,""0.25"":0.6543477547226715,""0.5"":0.8364105955492604,""0.75"":0.5444948410002013,""0.9"":0.021064258194418522}},""excursion"":null,""lean"":null,""legBrier"":{""legs"":{},""scoredRungs"":0,""settleByObservable"":{""terminal_close"":66.97},""version"":""settlement/1""},""receipt"":null,""settleBasis"":""venue-settlement-value"",""settleNote"":null,""settleQuality"":{""venueSettlement"":1.0},""settleSource"":""kalshi-settled-print"",""settlementVersion"":""settlement/1""}",True,settlement/1,2026-09-03T21:00:00.000000000+00:00,,terminal_close,"{""0.1"":0.3554057783289253,""0.25"":0.6543477547226715,""0.5"":0.8364105955492604,""0.75"":0.5444948410002013,""0.9"":0.021064258194418522}",64.35260898110931,bridge:sha256:ed2613876006731c918d15ed0849d71920dfd4208b75f3394edaae94c1f8b5b9,True,next-day,66.2440068786664,,,,,,bridge:sha256:ed2613876006731c918d15ed0849d71920dfd4208b75f3394edaae94c1f8b5b9,,estimated,,terminal_close,,signal,,,65.29717880890149,65.29717880890148,63.41594221671075,64.35260898110931,66.2440068786664,67.18064258194418,False,2026-09-02T20:30:33.493538Z,2026-09-02T20:30:33.493538Z,2026-09-03T21:00:00Z,2026-09-03,1.0204456766435186,blend/1,decide/3,-2.497866494099628,2.497866494099628,24.490696239444446,commodity:silver|2026-09-03|venue-settlement-value,0
kalshi,Bitcoin — Daily · to Sep 3,False,,crypto,False,crypto:btc:price-outlook:daily,crypto:btc,asset-price/2,signal,2026-09-03T21:00:00.000000000+00:00,kalshi-settled-print,True,bridge:sha256:d59e17c3866b80c541a4736bab3679c9b4faaa7c8f40f60ae2636d1c6972b904,venue-settlement-value,,126.55090412099831,,5,0.9,True,81422.81569848832,,True,2026-09-04T00:15:53.483000000+00:00,,80511.2387346026,experimental,82275.92006492223,0.1,cd546b04-af44-43c9-abe4-342ee24ee0af,"{""legs"":{},""scoredRungs"":0,""settleByObservable"":{""terminal_close"":81466.82},""version"":""settlement/1""}",81466.82,pout:pbh:1e1992ef3ac65bb6f03f3ad6ce7b4645fd7454c948461180e04b32bf8543e1ab:2026-09-03,2026-09-03,po:pbh:1e1992ef3ac65bb6f03f3ad6ce7b4645fd7454c948461180e04b32bf8543e1ab:2026-09-03:47f8c5a6ef3e223c:98b9dcf6d5fdc790,"{""distribution"":{""crps"":126.55090412099831,""crpsGridPoints"":5,""crpsPHigh"":0.9,""crpsPLow"":0.1,""inBand"":true,""inWideBand"":true,""pinball"":{""0.1"":95.55812653974135,""0.25"":112.61406188891851,""0.5"":22.002150755841285,""0.75"":110.08496008178918,""0.9"":80.91000649222258}},""excursion"":null,""lean"":null,""legBrier"":{""legs"":{},""scoredRungs"":0,""settleByObservable"":{""terminal_close"":81466.82},""version"":""settlement/1""},""receipt"":null,""settleBasis"":""venue-settlement-value"",""settleNote"":null,""settleQuality"":{""venueSettlement"":1.0},""settleSource"":""kalshi-settled-print"",""settlementVersion"":""settlement/1""}",True,settlement/1,2026-09-03T21:00:00.000000000+00:00,,terminal_close,"{""0.1"":95.55812653974135,""0.25"":112.61406188891851,""0.5"":22.002150755841285,""0.75"":110.08496008178918,""0.9"":80.91000649222258}",81016.36375244433,bridge:sha256:d59e17c3866b80c541a4736bab3679c9b4faaa7c8f40f60ae2636d1c6972b904,True,daily,81907.15984032716,KXBTCD,,,,,bridge:sha256:d59e17c3866b80c541a4736bab3679c9b4faaa7c8f40f60ae2636d1c6972b904,,estimated,,terminal_close,,signal,,,81527.66427467988,81422.81569848832,80511.2387346026,81016.36375244433,81907.15984032716,82275.92006492223,False,2026-09-03T20:30:30.757455Z,2026-09-03T20:30:30.757455Z,2026-09-03T21:00:00Z,2026-09-03,0.020477344270833333,blend/1,decide/4,-0.05401499839036625,0.05401499839036625,0.4914562625,crypto:btc|2026-09-03|venue-settlement-value,0
,Bitcoin — Next-day · to Sep 3,False,,crypto,False,crypto:btc:price-outlook:next-day,crypto:btc,asset-price/2,signal,2026-09-03T21:00:00.000000000+00:00,kalshi-settled-print,True,bridge:sha256:d59e17c3866b80c541a4736bab3679c9b4faaa7c8f40f60ae2636d1c6972b904,venue-settlement-value,,2739.022536498476,,5,0.9,False,77376.26695107028,,False,2026-09-04T00:15:54.418000000+00:00,,75090.39039947583,experimental,79860.05586850297,0.1,cd546b04-af44-43c9-abe4-342ee24ee0af,"{""legs"":{},""scoredRungs"":0,""settleByObservable"":{""terminal_close"":81466.82},""version"":""settlement/1""}",81466.82,pout:pbh:cf01395213f4dc6b81677567366995739d9e5bec426b6953f5ec57006695681d:2026-09-03,2026-09-03,po:pbh:cf01395213f4dc6b81677567366995739d9e5bec426b6953f5ec57006695681d:2026-09-03:47f8c5a6ef3e223c:411e57ac053aa1b9,"{""distribution"":{""crps"":2739.022536498476,""crpsGridPoints"":5,""crpsPHigh"":0.9,""crpsPLow"":0.1,""inBand"":false,""inWideBand"":false,""pinball"":{""0.1"":637.6429600524178,""0.25"":1295.8494565689434,""0.5"":2045.2765244648617,""0.75"":2213.712224696261,""0.9"":1446.0877183473349}},""excursion"":null,""lean"":null,""legBrier"":{""legs"":{},""scoredRungs"":0,""settleByObservable"":{""terminal_close"":81466.82},""version"":""settlement/1""},""receipt"":null,""settleBasis"":""venue-settlement-value"",""settleNote"":null,""settleQuality"":{""venueSettlement"":1.0},""settleSource"":""kalshi-settled-print"",""settlementVersion"":""settlement/1""}",True,settlement/1,2026-09-03T21:00:00.000000000+00:00,,terminal_close,"{""0.1"":637.6429600524178,""0.25"":1295.8494565689434,""0.5"":2045.2765244648617,""0.75"":2213.712224696261,""0.9"":1446.0877183473349}",76283.42217372423,bridge:sha256:d59e17c3866b80c541a4736bab3679c9b4faaa7c8f40f60ae2636d1c6972b904,True,next-day,78515.20370040499,,,,,,bridge:sha256:d59e17c3866b80c541a4736bab3679c9b4faaa7c8f40f60ae2636d1c6972b904,,estimated,,terminal_close,,signal,,,77376.2669510702,77376.26695107028,75090.39039947583,76283.42217372423,78515.20370040499,79860.05586850297,False,2026-09-02T20:30:33.493538Z,2026-09-02T20:30:33.493538Z,2026-09-03T21:00:00Z,2026-09-03,1.0204456766435186,blend/1,decide/3,-5.021127679869821,5.021127679869821,24.490696239444446,crypto:btc|2026-09-03|venue-settlement-value,0
kalshi,WTI Crude Oil — Long · Daily · to Sep 4,False,0.591227,commodity,False,commodity:wti:price-outlook:daily,commodity:wti,asset-price/2,signal,2026-09-04T14:30:00.000000000-04:00,hyperliquid-candle,True,sha256:46c2ae7e0818d1019f57a01bdc99207a8d1a27d52940e85a78a6901163e048cd,hl-candle-close,True,0.20102908277727494,90.828,5,0.9,True,91.07118552544168,long,True,2026-09-04T19:15:32.673000000+00:00,90.96367874665889,89.99897820876707,experimental,91.75379894881839,0.1,cce545b0-09b2-42bd-b88c-df9b070db362,"{""legs"":{""venue"":{""brier"":0.01369868,""leg"":""venue"",""meanOutcome"":0.84210526,""meanProbability"":0.81710526,""n"":19,""reason"":null,""unscored"":{""grid_no_probability"":17,""no_settle_for_observable"":9}}},""scoredRungs"":19,""settleByObservable"":{""terminal_close"":91.365},""version"":""settlement/1""}",91.365,pout:pbh:9e7347f4ac614c707838462efa869e21be85320b73729a5557c9091ab16b9b63:2026-09-04,2026-09-04,po:commodity:wti:price-outlook:daily:2026-09-04:47f8c5a6ef3e223c:32e04b403b9add36,"{""distribution"":{""crps"":0.20102908277727494,""crpsGridPoints"":5,""crpsPHigh"":0.9,""crpsPLow"":0.1,""inBand"":true,""inWideBand"":true,""pinball"":{""0.1"":0.13660217912329245,""0.25"":0.22125669560804084,""0.5"":0.14690723727915866,""0.75"":0.03187618698427386,""0.9"":0.038879894881839044}},""excursion"":{""bars"":1.0,""coverage"":1.0,""droppedCandles"":0.0,""expectedBars"":1.0,""intervalSeconds"":3600.0,""maxGapBars"":1.0},""lean"":null,""legBrier"":{""legs"":{""venue"":{""brier"":0.01369868,""leg"":""venue"",""meanOutcome"":0.84210526,""meanProbability"":0.81710526,""n"":19,""reason"":null,""unscored"":{""grid_no_probability"":17,""no_settle_for_observable"":9}}},""scoredRungs"":19,""settleByObservable"":{""terminal_close"":91.365},""version"":""settlement/1""},""receipt"":{""barrierNote"":null,""costPct"":null,""entryRefPrice"":90.828,""exitPrice"":91.365,""exitReason"":""anchor"",""grossReturnPct"":0.591227,""hitStop"":null,""hitTarget"":true,""netReturnPct"":null,""netReturnReason"":""no_cost_basis"",""realizedPct"":0.591227,""settlePrice"":91.365,""side"":""long""},""settleBasis"":""hl-candle-close"",""settleNote"":null,""settleQuality"":{""bars"":120.0,""coverage"":1.0,""droppedCandles"":0.0,""expectedBars"":120.0,""intervalSeconds"":60.0,""maxGapBars"":0.0,""stalenessSeconds"":0.001},""settleSource"":""hyperliquid-candle"",""settlementVersion"":""settlement/1""}",True,settlement/1,2026-09-04T18:29:59.999000000+00:00,psig:commodity:wti:price-outlook:daily:2026-09-04:r26,terminal_close,"{""0.1"":0.13660217912329245,""0.25"":0.22125669560804084,""0.5"":0.14690723727915866,""0.75"":0.03187618698427386,""0.9"":0.038879894881839044}",90.47997321756783,sha256:46c2ae7e0818d1019f57a01bdc99207a8d1a27d52940e85a78a6901163e048cd,True,daily,91.49250474793709,KXWTI,,,,,sha256:46c2ae7e0818d1019f57a01bdc99207a8d1a27d52940e85a78a6901163e048cd,spot,verified,,terminal_close,,signal,"[{""clampedPercentiles"":[],""contributing"":true,""leg"":""house"",""median"":90.828,""rawWeight"":0.2,""scaleSource"":""own"",""support"":6115,""weight"":0.2},{""clampedPercentiles"":[],""contributing"":true,""leg"":""venue"",""median"":91.07357856756757,""rawWeight"":0.1,""scaleSource"":""own"",""support"":30,""weight"":0.1},{""clampedPercentiles"":[],""contributing"":true,""leg"":""q"",""median"":91.23815422979882,""rawWeight"":0.7,""scaleSource"":""own"",""support"":13,""weight"":0.7}]","{""expectedDownsideLog"":0.0026943411451479343,""expectedLogReturn"":0.0014570626353797964,""expectedPrice"":90.96367874665889,""expectedReturnPct"":0.0014937986816716542,""expectedUpsideLog"":0.004151403780527731,""label"":""Strongly bullish"",""payoffBalance"":0.21284208675595467,""probabilityAboveSpot"":0.6219007535271691,""rangeStatus"":""complete"",""score"":0.3716793436710005,""side"":""bullish"",""strength"":""strong"",""truncatedPercentiles"":[],""version"":""directional-take/2""}",90.828,91.07118552544168,89.99897820876707,90.47997321756783,91.49250474793709,91.75379894881839,False,2026-09-04T17:30:42.064703Z,2026-09-04T17:30:42.064703Z,2026-09-04T14:30:00-04:00,2026-09-04,0.04117980667824074,blend/1,decide/4,-0.32158318235464056,0.32158318235464056,0.9883153602777778,commodity:wti|2026-09-04|hl-candle-close,0
polymarket,WTI Crude Oil — Short · Weekly · to Sep 4,False,1.006566,commodity,False,commodity:wti:price-outlook:weekly,commodity:wti,asset-price/2,signal,2026-09-04T14:30:00.000000000-04:00,hyperliquid-candle,True,sha256:46c2ae7e0818d1019f57a01bdc99207a8d1a27d52940e85a78a6901163e048cd,hl-candle-close,True,0.31765614552510296,92.294,5,0.9,True,90.91332358426524,short,True,2026-09-04T19:15:35.066000000+00:00,90.15536704061307,86.95456145749425,experimental,91.76790114446585,0.1,cce545b0-09b2-42bd-b88c-df9b070db362,"{""legs"":{""venue"":{""brier"":0.3696125,""leg"":""venue"",""meanOutcome"":0.75,""meanProbability"":0.255,""n"":4,""reason"":null,""unscored"":{""grid_no_probability"":29,""no_settle_for_observable"":9}}},""scoredRungs"":4,""settleByObservable"":{""terminal_close"":91.365},""version"":""settlement/1""}",91.365,pout:pbh:de43da524dbc5205656a80d069f77ea7c1aa4f895208ffc92e76b4de918e90fd:2026-09-04,2026-09-04,po:commodity:wti:price-outlook:weekly:2026-09-04:47f8c5a6ef3e223c:1598fa1c70367713,"{""distribution"":{""crps"":0.31765614552510296,""crpsGridPoints"":5,""crpsPHigh"":0.9,""crpsPLow"":0.1,""inBand"":true,""inWideBand"":true,""pinball"":{""0.1"":0.44104385425057446,""0.25"":0.3108165142014876,""0.5"":0.22583820786737618,""0.75"":0.02052585151561459,""0.9"":0.040290114446585784}},""excursion"":{""bars"":31.0,""coverage"":1.0,""droppedCandles"":0.0,""expectedBars"":31.0,""intervalSeconds"":3600.0,""maxGapBars"":1.0},""lean"":{""entryRefPrice"":90.828,""hitTarget"":true,""realizedPct"":0.591227,""side"":""long"",""sigma"":0.2395166099236189},""legBrier"":{""legs"":{""venue"":{""brier"":0.3696125,""leg"":""venue"",""meanOutcome"":0.75,""meanProbability"":0.255,""n"":4,""reason"":null,""unscored"":{""grid_no_probability"":29,""no_settle_for_observable"":9}}},""scoredRungs"":4,""settleByObservable"":{""terminal_close"":91.365},""version"":""settlement/1""},""receipt"":{""barrierNote"":null,""costPct"":null,""entryRefPrice"":92.294,""exitPrice"":91.365,""exitReason"":""anchor"",""grossReturnPct"":1.006566,""hitStop"":null,""hitTarget"":true,""netReturnPct"":null,""netReturnReason"":""no_cost_basis"",""realizedPct"":1.006566,""settlePrice"":91.365,""side"":""short""},""settleBasis"":""hl-candle-close"",""settleNote"":null,""settleQuality"":{""bars"":120.0,""coverage"":1.0,""droppedCandles"":0.0,""expectedBars"":120.0,""intervalSeconds"":60.0,""maxGapBars"":0.0,""stalenessSeconds"":0.001},""settleSource"":""hyperliquid-candle"",""settlementVersion"":""settlement/1""}",True,settlement/1,2026-09-04T18:29:59.999000000+00:00,psig:commodity:wti:price-outlook:weekly:2026-09-04:r135,terminal_close,"{""0.1"":0.44104385425057446,""0.25"":0.3108165142014876,""0.5"":0.22583820786737618,""0.75"":0.02052585151561459,""0.9"":0.040290114446585784}",90.12173394319404,sha256:46c2ae7e0818d1019f57a01bdc99207a8d1a27d52940e85a78a6901163e048cd,True,weekly,91.44710340606245,,0.591227,0.2395166099236189,long,True,sha256:46c2ae7e0818d1019f57a01bdc99207a8d1a27d52940e85a78a6901163e048cd,spot,verified,,terminal_close,,signal,"[{""clampedPercentiles"":[],""contributing"":true,""leg"":""house"",""median"":90.828,""rawWeight"":0.2,""scaleSource"":""own"",""support"":6115,""weight"":0.22222222222222227},{""clampedPercentiles"":[],""contributing"":true,""leg"":""q"",""median"":91.00438394510465,""rawWeight"":0.7,""scaleSource"":""own"",""support"":15,""weight"":0.7777777777777778}]","{""expectedDownsideLog"":0.012949992752827148,""expectedLogReturn"":-0.008001378150147734,""expectedPrice"":90.15536704061307,""expectedReturnPct"":-0.007405568320197897,""expectedUpsideLog"":0.004948614602679414,""label"":""Strongly bearish"",""payoffBalance"":-0.44703914618731977,""probabilityAboveSpot"":0.5269351432585452,""rangeStatus"":""complete"",""score"":-2.0410563740351546,""side"":""bearish"",""strength"":""strong"",""truncatedPercentiles"":[],""version"":""directional-take/2""}",90.828,90.91332358426524,86.95456145749425,90.12173394319404,91.44710340606245,91.76790114446585,False,2026-09-04T17:30:42.064703Z,2026-09-04T17:30:42.064703Z,2026-09-04T14:30:00-04:00,2026-09-04,0.04117980667824074,blend/1,decide/4,-0.4943648177472253,0.4943648177472253,0.9883153602777778,commodity:wti|2026-09-04|hl-candle-close,0
kalshi,Copper — Long · Weekly · to Sep 4,False,0.0135,commodity,False,commodity:copper:price-outlook:weekly,commodity:copper,asset-price/2,signal,2026-09-04T21:00:00.000000000+00:00,hyperliquid-candle,True,sha256:0f2f004be8916598e63af4dc583d567bdd10dd91992e94db198507a13ec5fd47,hl-candle-close,False,0.0013583520292477446,6.6665,5,0.9,True,6.6674,long,True,2026-09-04T21:15:25.327000000+00:00,6.66720585848321,6.656588276614709,experimental,6.677590510175636,0.1,580e664f-2a77-4e47-9439-a7bdf67693cc,"{""legs"":{},""scoredRungs"":0,""settleByObservable"":{""terminal_close"":6.6674},""version"":""settlement/1""}",6.6674,pout:pbh:65e7cde67e3ba897f16d3b3646f2dc0ef2094accc3b95fb1b193bbf53d94f309:2026-09-04,2026-09-04,po:commodity:copper:price-outlook:weekly:2026-09-04:47f8c5a6ef3e223c:435e2a6a576e7a15,"{""distribution"":{""crps"":0.0013583520292477446,""crpsGridPoints"":5,""crpsPHigh"":0.9,""crpsPLow"":0.1,""inBand"":true,""inWideBand"":true,""pinball"":{""0.1"":0.0010811723385290683,""0.25"":0.0013237868736404312,""0.5"":0.0,""0.75"":0.0012845094409441593,""0.9"":0.0010190510175636545}},""excursion"":{""bars"":4.0,""coverage"":1.0,""droppedCandles"":0.0,""expectedBars"":3.0,""intervalSeconds"":3600.0,""maxGapBars"":0.0},""lean"":null,""legBrier"":{""legs"":{},""scoredRungs"":0,""settleByObservable"":{""terminal_close"":6.6674},""version"":""settlement/1""},""receipt"":{""barrierNote"":null,""costPct"":null,""entryRefPrice"":6.6665,""exitPrice"":6.6674,""exitReason"":""anchor"",""grossReturnPct"":0.0135,""hitStop"":null,""hitTarget"":false,""netReturnPct"":null,""netReturnReason"":""no_cost_basis"",""realizedPct"":0.0135,""settlePrice"":6.6674,""side"":""long""},""settleBasis"":""hl-candle-close"",""settleNote"":null,""settleQuality"":{""bars"":120.0,""coverage"":1.0,""droppedCandles"":0.0,""expectedBars"":120.0,""intervalSeconds"":60.0,""maxGapBars"":0.0,""stalenessSeconds"":0.001},""settleSource"":""hyperliquid-candle"",""settlementVersion"":""settlement/1""}",True,settlement/1,2026-09-04T20:59:59.999000000+00:00,psig:commodity:copper:price-outlook:weekly:2026-09-04:r167,terminal_close,"{""0.1"":0.0010811723385290683,""0.25"":0.0013237868736404312,""0.5"":0.0,""0.75"":0.0012845094409441593,""0.9"":0.0010190510175636545}",6.662104852505438,sha256:0f2f004be8916598e63af4dc583d567bdd10dd91992e94db198507a13ec5fd47,True,weekly,6.672538037763776,KXCOPPERW,,,,,sha256:0f2f004be8916598e63af4dc583d567bdd10dd91992e94db198507a13ec5fd47,spot,verified,,terminal_close,,signal,"[{""clampedPercentiles"":[],""contributing"":true,""leg"":""house"",""median"":6.6674,""rawWeight"":0.2,""scaleSource"":""own"",""support"":6115,""weight"":1.0}]","{""expectedDownsideLog"":0.0005140498746935082,""expectedLogReturn"":-2.9968468979229103e-05,""expectedPrice"":6.66720585848321,""expectedReturnPct"":-2.911802453575696e-05,""expectedUpsideLog"":0.0004840814057142791,""label"":""Neutral"",""payoffBalance"":-0.03002457649357053,""probabilityAboveSpot"":0.5,""rangeStatus"":""complete"",""score"":-0.023857010502525047,""side"":""neutral"",""strength"":""neutral"",""truncatedPercentiles"":[],""version"":""directional-take/2""}",6.6674,6.6674,6.656588276614709,6.662104852505438,6.672538037763776,6.677590510175636,False,2026-09-04T20:32:12.650755Z,2026-09-04T20:32:12.650755Z,2026-09-04T21:00:00Z,2026-09-04,0.019298023668981482,blend/1,decide/4,0.0,0.0,0.4631525680555556,commodity:copper|2026-09-04|hl-candle-close,0
kalshi,Gold — Short · Weekly · to Sep 4,False,0.700006,commodity,False,commodity:gold:price-outlook:weekly,commodity:gold,asset-price/2,signal,2026-09-04T21:00:00.000000000+00:00,hyperliquid-candle,True,sha256:41d500799246285dfc4a1707649247b61ba6feb25a7ff84b5de0bdd816e0a6a5,hl-candle-close,True,1.2933203152456008,4464.25,5,0.9,True,4432.95,short,True,2026-09-04T21:15:28.614000000+00:00,4432.769174070256,4422.758758650259,experimental,4442.5620088525475,0.1,580e664f-2a77-4e47-9439-a7bdf67693cc,"{""legs"":{""venue"":{""brier"":0.00961875,""leg"":""venue"",""meanOutcome"":0.95,""meanProbability"":0.92075,""n"":20,""reason"":null,""unscored"":{""grid_no_probability"":20}}},""scoredRungs"":20,""settleByObservable"":{""terminal_close"":4433.0},""version"":""settlement/1""}",4433.0,pout:pbh:cfeade016ad2cd23d1703349f9f7de81a71d8641ac5d26c2b0d1abf252342a50:2026-09-04,2026-09-04,po:commodity:gold:price-outlook:weekly:2026-09-04:47f8c5a6ef3e223c:e6b876cd2d29e3ef,"{""distribution"":{""crps"":1.2933203152456008,""crpsGridPoints"":5,""crpsPHigh"":0.9,""crpsPLow"":0.1,""inBand"":true,""inWideBand"":true,""pinball"":{""0.1"":1.024124134974136,""0.25"":1.2605311506215457,""0.5"":0.02500000000009095,""0.75"":1.1988977549065112,""0.9"":0.9562008852547477}},""excursion"":{""bars"":148.0,""coverage"":1.0,""droppedCandles"":0.0,""expectedBars"":147.0,""intervalSeconds"":3600.0,""maxGapBars"":0.0},""lean"":null,""legBrier"":{""legs"":{""venue"":{""brier"":0.00961875,""leg"":""venue"",""meanOutcome"":0.95,""meanProbability"":0.92075,""n"":20,""reason"":null,""unscored"":{""grid_no_probability"":20}}},""scoredRungs"":20,""settleByObservable"":{""terminal_close"":4433.0},""version"":""settlement/1""},""receipt"":{""barrierNote"":null,""costPct"":null,""entryRefPrice"":4464.25,""exitPrice"":4433.0,""exitReason"":""anchor"",""grossReturnPct"":0.700006,""hitStop"":null,""hitTarget"":true,""netReturnPct"":null,""netReturnReason"":""no_cost_basis"",""realizedPct"":0.700006,""settlePrice"":4433.0,""side"":""short""},""settleBasis"":""hl-candle-close"",""settleNote"":null,""settleQuality"":{""bars"":120.0,""coverage"":1.0,""droppedCandles"":0.0,""expectedBars"":120.0,""intervalSeconds"":60.0,""maxGapBars"":0.0,""stalenessSeconds"":0.001},""settleSource"":""hyperliquid-candle"",""settlementVersion"":""settlement/1""}",True,settlement/1,2026-09-04T20:59:59.999000000+00:00,psig:commodity:gold:price-outlook:weekly:2026-09-04:r21,terminal_close,"{""0.1"":1.024124134974136,""0.25"":1.2605311506215457,""0.5"":0.02500000000009095,""0.75"":1.1988977549065112,""0.9"":0.9562008852547477}",4427.957875397514,sha256:41d500799246285dfc4a1707649247b61ba6feb25a7ff84b5de0bdd816e0a6a5,True,weekly,4437.795591019626,KXGOLDW,,,,,sha256:41d500799246285dfc4a1707649247b61ba6feb25a7ff84b5de0bdd816e0a6a5,spot,verified,,terminal_close,,signal,"[{""clampedPercentiles"":[],""contributing"":true,""leg"":""house"",""median"":4432.95,""rawWeight"":0.2,""scaleSource"":""own"",""support"":6115,""weight"":1.0}]","{""expectedDownsideLog"":0.000729035088545691,""expectedLogReturn"":-4.250183982415566e-05,""expectedPrice"":4432.769174070256,""expectedReturnPct"":-4.0791330771616785e-05,""expectedUpsideLog"":0.0006865332487215354,""label"":""Neutral"",""payoffBalance"":-0.03002457649357009,""probabilityAboveSpot"":0.5,""rangeStatus"":""complete"",""score"":-0.023857010502524728,""side"":""neutral"",""strength"":""neutral"",""truncatedPercentiles"":[],""version"":""directional-take/2""}",4432.95,4432.95,4422.758758650259,4427.957875397514,4437.795591019626,4442.5620088525475,False,2026-09-04T20:32:12.650755Z,2026-09-04T20:32:12.650755Z,2026-09-04T21:00:00Z,2026-09-04,0.019298023668981482,blend/1,decide/4,-0.0011279043537149086,0.0011279043537149086,0.4631525680555556,commodity:gold|2026-09-04|hl-candle-close,0
kalshi,Silver — Long · Weekly · to Sep 4,False,1.056421,commodity,False,commodity:silver:price-outlook:weekly,commodity:silver,asset-price/2,signal,2026-09-04T21:00:00.000000000+00:00,hyperliquid-candle,True,sha256:d235229f7a0265cadb35bded984071e4ca8f8bc0db78f2a4b897ac2a0482525e,hl-candle-close,False,0.1839060754820337,65.5515,5,0.9,True,66.03868553065271,long,True,2026-09-04T21:15:38.092000000+00:00,66.12992581290978,65.31721565494723,experimental,66.89979389145357,0.1,580e664f-2a77-4e47-9439-a7bdf67693cc,"{""legs"":{""venue"":{""brier"":0.000305,""leg"":""venue"",""meanOutcome"":1.0,""meanProbability"":0.9915,""n"":20,""reason"":null,""unscored"":{""grid_no_probability"":20}}},""scoredRungs"":20,""settleByObservable"":{""terminal_close"":66.244},""version"":""settlement/1""}",66.244,pout:pbh:632340305a5d8bf334bc897886fa82086e14954b242a30d267fdd4c2f58fda87:2026-09-04,2026-09-04,po:commodity:silver:price-outlook:weekly:2026-09-04:47f8c5a6ef3e223c:9df0ca61b1e51675,"{""distribution"":{""crps"":0.1839060754820337,""crpsGridPoints"":5,""crpsPHigh"":0.9,""crpsPLow"":0.1,""inBand"":true,""inWideBand"":true,""pinball"":{""0.1"":0.09267843450527664,""0.25"":0.1626919414586574,""0.5"":0.10265723467364296,""0.75"":0.10940502003538555,""0.9"":0.06557938914535695}},""excursion"":{""bars"":8.0,""coverage"":1.0,""droppedCandles"":0.0,""expectedBars"":7.0,""intervalSeconds"":3600.0,""maxGapBars"":0.0},""lean"":{""entryRefPrice"":66.1625,""hitTarget"":true,""realizedPct"":-0.123182,""side"":""short"",""sigma"":-0.7387668883805905},""legBrier"":{""legs"":{""venue"":{""brier"":0.000305,""leg"":""venue"",""meanOutcome"":1.0,""meanProbability"":0.9915,""n"":20,""reason"":null,""unscored"":{""grid_no_probability"":20}}},""scoredRungs"":20,""settleByObservable"":{""terminal_close"":66.244},""version"":""settlement/1""},""receipt"":{""barrierNote"":null,""costPct"":null,""entryRefPrice"":65.5515,""exitPrice"":66.244,""exitReason"":""anchor"",""grossReturnPct"":1.056421,""hitStop"":null,""hitTarget"":false,""netReturnPct"":null,""netReturnReason"":""no_cost_basis"",""realizedPct"":1.056421,""settlePrice"":66.244,""side"":""long""},""settleBasis"":""hl-candle-close"",""settleNote"":null,""settleQuality"":{""bars"":120.0,""coverage"":1.0,""droppedCandles"":0.0,""expectedBars"":120.0,""intervalSeconds"":60.0,""maxGapBars"":0.0,""stalenessSeconds"":0.001},""settleSource"":""hyperliquid-candle"",""settlementVersion"":""settlement/1""}",True,settlement/1,2026-09-04T20:59:59.999000000+00:00,psig:commodity:silver:price-outlook:weekly:2026-09-04:r164,terminal_close,"{""0.1"":0.09267843450527664,""0.25"":0.1626919414586574,""0.5"":0.10265723467364296,""0.75"":0.10940502003538555,""0.9"":0.06557938914535695}",65.59323223416537,sha256:d235229f7a0265cadb35bded984071e4ca8f8bc0db78f2a4b897ac2a0482525e,True,weekly,66.68162008014154,KXSILVERW,-0.123182,-0.7387668883805905,short,True,sha256:d235229f7a0265cadb35bded984071e4ca8f8bc0db78f2a4b897ac2a0482525e,spot,verified,,terminal_close,,signal,"[{""clampedPercentiles"":[],""contributing"":true,""leg"":""house"",""median"":66.1625,""rawWeight"":0.2,""scaleSource"":""own"",""support"":6115,""weight"":0.22222222222222227},{""clampedPercentiles"":[],""contributing"":true,""leg"":""q"",""median"":66.00330996798206,""rawWeight"":0.7,""scaleSource"":""own"",""support"":9,""weight"":0.7777777777777778}]","{""expectedDownsideLog"":0.004959571239568079,""expectedLogReturn"":-0.0005580891770602852,""expectedPrice"":66.12992581290978,""expectedReturnPct"":-0.0004923360980951808,""expectedUpsideLog"":0.004401482062507794,""label"":""Bearish"",""payoffBalance"":-0.0596182031071787,""probabilityAboveSpot"":0.4733671747510442,""rangeStatus"":""complete"",""score"":-0.22011257219660746,""side"":""bearish"",""strength"":""moderate"",""truncatedPercentiles"":[],""version"":""directional-take/2""}",66.1625,66.03868553065271,65.31721565494723,65.59323223416537,66.68162008014154,66.89979389145357,False,2026-09-04T20:32:12.650755Z,2026-09-04T20:32:12.650755Z,2026-09-04T21:00:00Z,2026-09-04,0.019298023668981482,blend/1,decide/4,-0.30993670271614926,0.30993670271614926,0.4631525680555556,commodity:silver|2026-09-04|hl-candle-close,0
kalshi,Bitcoin — Long · Daily · to Sep 4,False,-0.663325,crypto,False,crypto:btc:price-outlook:daily,crypto:btc,asset-price/2,signal,2026-09-04T21:00:00.000000000+00:00,hyperliquid-candle,True,sha256:f9d5ffd9409636486eafaa9b610b6bd5648edcb519051333e245de0740e38dab,hl-candle-close,True,57.518806297176056,80202.0,5,0.9,True,79727.65495865745,long,True,2026-09-04T21:16:00.561000000+00:00,79736.73118363357,79381.38906582209,experimental,80100.35378509722,0.1,580e664f-2a77-4e47-9439-a7bdf67693cc,"{""legs"":{""venue"":{""brier"":0.00019643,""leg"":""venue"",""meanOutcome"":0.96428571,""meanProbability"":0.96107143,""n"":28,""reason"":null,""unscored"":{""grid_no_probability"":22}}},""scoredRungs"":28,""settleByObservable"":{""terminal_close"":79670.0},""version"":""settlement/1""}",79670.0,pout:pbh:cc628804f79ff4b92a26159bca4be46d5e6894c9d31ef786b5dc1852a3fb4517:2026-09-04,2026-09-04,po:crypto:btc:price-outlook:daily:2026-09-04:47f8c5a6ef3e223c:ad811a3ad93c64ad,"{""distribution"":{""crps"":57.518806297176056,""crpsGridPoints"":5,""crpsPHigh"":0.9,""crpsPLow"":0.1,""inBand"":true,""inWideBand"":true,""pinball"":{""0.1"":28.861093417790837,""0.25"":25.00059683875952,""0.5"":28.82747932872735,""0.75"":55.800892770454084,""0.9"":43.03537850972206}},""excursion"":{""bars"":9.0,""coverage"":1.0,""droppedCandles"":0.0,""expectedBars"":8.0,""intervalSeconds"":3600.0,""maxGapBars"":0.0},""lean"":null,""legBrier"":{""legs"":{""venue"":{""brier"":0.00019643,""leg"":""venue"",""meanOutcome"":0.96428571,""meanProbability"":0.96107143,""n"":28,""reason"":null,""unscored"":{""grid_no_probability"":22}}},""scoredRungs"":28,""settleByObservable"":{""terminal_close"":79670.0},""version"":""settlement/1""},""receipt"":{""barrierNote"":null,""costPct"":null,""entryRefPrice"":80202.0,""exitPrice"":79670.0,""exitReason"":""anchor"",""grossReturnPct"":-0.663325,""hitStop"":null,""hitTarget"":true,""netReturnPct"":null,""netReturnReason"":""no_cost_basis"",""realizedPct"":-0.663325,""settlePrice"":79670.0,""side"":""long""},""settleBasis"":""hl-candle-close"",""settleNote"":null,""settleQuality"":{""bars"":120.0,""coverage"":1.0,""droppedCandles"":0.0,""expectedBars"":120.0,""intervalSeconds"":60.0,""maxGapBars"":0.0,""stalenessSeconds"":0.001},""settleSource"":""hyperliquid-candle"",""settlementVersion"":""settlement/1""}",True,settlement/1,2026-09-04T20:59:59.999000000+00:00,psig:crypto:btc:price-outlook:daily:2026-09-04:r19,terminal_close,"{""0.1"":28.861093417790837,""0.25"":25.00059683875952,""0.5"":28.82747932872735,""0.75"":55.800892770454084,""0.9"":43.03537850972206}",79569.99761264496,sha256:f9d5ffd9409636486eafaa9b610b6bd5648edcb519051333e245de0740e38dab,True,daily,79893.20357108182,KXBTCD,,,,,sha256:f9d5ffd9409636486eafaa9b610b6bd5648edcb519051333e245de0740e38dab,spot,verified,,terminal_close,,signal,"[{""clampedPercentiles"":[],""contributing"":true,""leg"":""house"",""median"":79727.5,""rawWeight"":0.2,""scaleSource"":""own"",""support"":2748,""weight"":0.22222222222222227},{""clampedPercentiles"":[],""contributing"":true,""leg"":""q"",""median"":79727.69923255958,""rawWeight"":0.7,""scaleSource"":""own"",""support"":2748,""weight"":0.7777777777777778}]","{""expectedDownsideLog"":0.0013963310281472985,""expectedLogReturn"":0.00010738393011645452,""expectedPrice"":79736.73118363357,""expectedReturnPct"":0.00011578418530078238,""expectedUpsideLog"":0.001503714958263753,""label"":""Neutral"",""payoffBalance"":0.03702835424666744,""probabilityAboveSpot"":0.5002788774718919,""rangeStatus"":""complete"",""score"":0.031713901575656955,""side"":""neutral"",""strength"":""neutral"",""truncatedPercentiles"":[],""version"":""directional-take/2""}",79727.5,79727.65495865745,79381.38906582209,79569.99761264496,79893.20357108182,80100.35378509722,False,2026-09-04T20:32:12.650755Z,2026-09-04T20:32:12.650755Z,2026-09-04T21:00:00Z,2026-09-04,0.019298023668981482,blend/1,decide/4,0.07236721307575587,0.07236721307575587,0.4631525680555556,crypto:btc|2026-09-04|hl-candle-close,0
,Bitcoin — Long · Weekly · to Sep 4,False,2.737032,crypto,False,crypto:btc:price-outlook:weekly,crypto:btc,asset-price/2,coverage,2026-09-04T21:00:00.000000000+00:00,hyperliquid-candle,True,sha256:f9d5ffd9409636486eafaa9b610b6bd5648edcb519051333e245de0740e38dab,hl-candle-close,True,1066.2805759021378,77547.5,5,0.9,False,81539.5,long,True,2026-09-04T21:16:03.168000000+00:00,81641.75719111173,78936.71430597636,experimental,84423.69267625778,0.1,580e664f-2a77-4e47-9439-a7bdf67693cc,"{""legs"":{},""scoredRungs"":0,""settleByObservable"":{""terminal_close"":79670.0},""version"":""settlement/1""}",79670.0,pout:pbh:31454a3b89e5a50ead99a8bb8f9b9bf962d9d14884b3d4c54bf61a99c65a4775:2026-09-04,2026-09-04,po:crypto:btc:price-outlook:weekly:2026-09-04:47f8c5a6ef3e223c:7cbbebcd133b81e8,"{""distribution"":{""crps"":1066.2805759021378,""crpsGridPoints"":5,""crpsPHigh"":0.9,""crpsPLow"":0.1,""inBand"":false,""inWideBand"":true,""pinball"":{""0.1"":73.3285694023638,""0.25"":506.5233170596548,""0.5"":934.75,""0.75"":784.9789338101364,""0.9"":475.36926762577775}},""excursion"":{""bars"":77.0,""coverage"":1.0,""droppedCandles"":0.0,""expectedBars"":76.0,""intervalSeconds"":3600.0,""maxGapBars"":0.0},""lean"":null,""legBrier"":{""legs"":{},""scoredRungs"":0,""settleByObservable"":{""terminal_close"":79670.0},""version"":""settlement/1""},""receipt"":{""barrierNote"":null,""costPct"":null,""entryRefPrice"":77547.5,""exitPrice"":79670.0,""exitReason"":""anchor"",""grossReturnPct"":2.737032,""hitStop"":null,""hitTarget"":true,""netReturnPct"":null,""netReturnReason"":""no_cost_basis"",""realizedPct"":2.737032,""settlePrice"":79670.0,""side"":""long""},""settleBasis"":""hl-candle-close"",""settleNote"":null,""settleQuality"":{""bars"":120.0,""coverage"":1.0,""droppedCandles"":0.0,""expectedBars"":120.0,""intervalSeconds"":60.0,""maxGapBars"":0.0,""stalenessSeconds"":0.001},""settleSource"":""hyperliquid-candle"",""settlementVersion"":""settlement/1""}",True,settlement/1,2026-09-04T20:59:59.999000000+00:00,psig:crypto:btc:price-outlook:weekly:2026-09-04:r116,terminal_close,"{""0.1"":73.3285694023638,""0.25"":506.5233170596548,""0.5"":934.75,""0.75"":784.9789338101364,""0.9"":475.36926762577775}",80345.3644227462,sha256:f9d5ffd9409636486eafaa9b610b6bd5648edcb519051333e245de0740e38dab,True,weekly,82809.91573524055,,,,,,sha256:f9d5ffd9409636486eafaa9b610b6bd5648edcb519051333e245de0740e38dab,spot,verified,,terminal_close,,coverage,"[{""clampedPercentiles"":[],""contributing"":true,""leg"":""house"",""median"":81539.5,""rawWeight"":0.2,""scaleSource"":""own"",""support"":2748,""weight"":1.0}]",,81539.5,81539.5,78936.71430597636,80345.3644227462,82809.91573524055,84423.69267625778,False,2026-09-03T20:30:30.757455Z,2026-09-03T20:30:30.757455Z,2026-09-04T21:00:00Z,2026-09-04,1.0204773442708333,blend/1,decide/4,2.3465545374670516,2.3465545374670516,24.4914562625,crypto:btc|2026-09-04|hl-candle-close,0
polymarket,WTI Crude Oil — Short · Daily · to Aug 26,False,0.135983,commodity,False,commodity:wti:price-outlook:daily,commodity:wti,asset-price/2,signal,2026-08-26T14:30:00.000000000-04:00,hyperliquid-candle,True,sha256:46c2ae7e0818d1019f57a01bdc99207a8d1a27d52940e85a78a6901163e048cd,hl-candle-close,False,0.5680297599446782,82.363,5,0.9,False,81.43800520674333,short,False,2026-08-26T19:15:20.253000000+00:00,81.4974483035248,80.4638876084147,experimental,81.85134552862922,0.1,afb11164-9ca0-4d74-b7e3-455464354315,"{""legs"":{""venue"":{""brier"":0.03818571,""leg"":""venue"",""meanOutcome"":0.71428571,""meanProbability"":0.775,""n"":14,""reason"":null,""unscored"":{""grid_no_probability"":16}}},""scoredRungs"":14,""settleByObservable"":{""terminal_close"":82.251},""version"":""settlement/1""}",82.251,pout:pbh:9e7347f4ac614c707838462efa869e21be85320b73729a5557c9091ab16b9b63:2026-08-26,2026-08-26,po:commodity:wti:price-outlook:daily:2026-08-26:949218dc08e39f43:68260376b12b89c8,"{""distribution"":{""crps"":0.5680297599446782,""crpsGridPoints"":5,""crpsPHigh"":0.9,""crpsPLow"":0.1,""inBand"":false,""inWideBand"":false,""pinball"":{""0.1"":0.17871123915853104,""0.25"":0.2571189481290759,""0.5"":0.40649739662833895,""0.75"":0.4529336071751082,""0.9"":0.3596890242337025}},""excursion"":{""bars"":3.0,""coverage"":1.0,""droppedCandles"":0.0,""expectedBars"":3.0,""intervalSeconds"":3600.0,""maxGapBars"":1.0},""legBrier"":{""legs"":{""venue"":{""brier"":0.03818571,""leg"":""venue"",""meanOutcome"":0.71428571,""meanProbability"":0.775,""n"":14,""reason"":null,""unscored"":{""grid_no_probability"":16}}},""scoredRungs"":14,""settleByObservable"":{""terminal_close"":82.251},""version"":""settlement/1""},""receipt"":{""barrierNote"":null,""costPct"":null,""entryRefPrice"":82.363,""exitPrice"":82.251,""exitReason"":""anchor"",""grossReturnPct"":0.135983,""hitStop"":null,""hitTarget"":false,""netReturnPct"":null,""netReturnReason"":""no_cost_basis"",""realizedPct"":0.135983,""settlePrice"":82.251,""side"":""short""},""settleBasis"":""hl-candle-close"",""settleNote"":null,""settleQuality"":{""bars"":120.0,""coverage"":1.0,""droppedCandles"":0.0,""expectedBars"":120.0,""intervalSeconds"":60.0,""maxGapBars"":0.0,""stalenessSeconds"":0.001},""settleSource"":""hyperliquid-candle"",""settlementVersion"":""settlement/1""}",True,settlement/1,2026-08-26T18:29:59.999000000+00:00,psig:commodity:wti:price-outlook:daily:2026-08-26:r19,terminal_close,"{""0.1"":0.17871123915853104,""0.25"":0.2571189481290759,""0.5"":0.40649739662833895,""0.75"":0.4529336071751082,""0.9"":0.3596890242337025}",81.2225242074837,sha256:46c2ae7e0818d1019f57a01bdc99207a8d1a27d52940e85a78a6901163e048cd,True,daily,81.64708852376653,,,,,,sha256:46c2ae7e0818d1019f57a01bdc99207a8d1a27d52940e85a78a6901163e048cd,spot,verified,,terminal_close,,signal,"[{""clampedPercentiles"":[],""contributing"":true,""leg"":""house"",""median"":82.66831518122683,""rawWeight"":0.2,""scaleSource"":""own"",""support"":6115,""weight"":0.2},{""clampedPercentiles"":[],""contributing"":true,""leg"":""venue"",""median"":82.74251546875,""rawWeight"":0.1,""scaleSource"":""own"",""support"":30,""weight"":0.1},{""clampedPercentiles"":[],""contributing"":true,""leg"":""q"",""median"":80.75192716988171,""rawWeight"":0.7,""scaleSource"":""own"",""support"":17,""weight"":0.7}]",,82.667,81.43800520674333,80.4638876084147,81.2225242074837,81.64708852376653,81.85134552862922,False,2026-08-26T17:30:38.033331Z,2026-08-26T17:30:38.033331Z,2026-08-26T14:30:00-04:00,2026-08-26,0.041226466076388885,blend/1,decide/3,-0.98843150023304,0.98843150023304,0.9894351858333333,commodity:wti|2026-08-26|hl-candle-close,0
,Bitcoin — Short · Monthly · to Sep 1,False,-1.391297,crypto,False,crypto:btc:price-outlook:monthly,crypto:btc,asset-price/2,signal,2026-09-01T03:59:59.000000000+00:00,hyperliquid-candle,True,sha256:f9d5ffd9409636486eafaa9b610b6bd5648edcb519051333e245de0740e38dab,hl-candle-close,False,4339.556972044851,77589.5,5,0.9,False,70591.6320406002,short,True,2026-09-01T05:15:44.803000000+00:00,70668.96221539337,60839.81167428849,experimental,80433.16263339229,0.1,5e1055e3-1df1-4fb3-8abc-b7081e644f92,"{""legs"":{""venue"":{""brier"":0.00115833,""leg"":""venue"",""meanOutcome"":0.0,""meanProbability"":0.02833333,""n"":3,""reason"":null,""unscored"":{""grid_no_probability"":26}}},""scoredRungs"":3,""settleByObservable"":{""terminal_close"":78669.0},""version"":""settlement/1""}",78669.0,pout:pbh:4ef6537e69f745215e670a3efc33591c2d63ec151f28c6680b0b3d436d4ced2c:2026-09-01,2026-09-01,po:crypto:btc:price-outlook:monthly:2026-09-01:949218dc08e39f43:fff07c0bc131aef0,"{""distribution"":{""crps"":4339.556972044851,""crpsGridPoints"":5,""crpsPHigh"":0.9,""crpsPLow"":0.1,""inBand"":false,""inWideBand"":true,""pinball"":{""0.1"":1782.9188325711511,""0.25"":3515.9745038181827,""0.5"":4038.6839796998975,""0.75"":1549.812290702681,""0.9"":176.416263339229}},""excursion"":{""bars"":66.0,""coverage"":1.0,""droppedCandles"":0.0,""expectedBars"":66.0,""intervalSeconds"":3600.0,""maxGapBars"":1.0},""legBrier"":{""legs"":{""venue"":{""brier"":0.00115833,""leg"":""venue"",""meanOutcome"":0.0,""meanProbability"":0.02833333,""n"":3,""reason"":null,""unscored"":{""grid_no_probability"":26}}},""scoredRungs"":3,""settleByObservable"":{""terminal_close"":78669.0},""version"":""settlement/1""},""receipt"":{""barrierNote"":null,""costPct"":null,""entryRefPrice"":77589.5,""exitPrice"":78669.0,""exitReason"":""anchor"",""grossReturnPct"":-1.391297,""hitStop"":null,""hitTarget"":false,""netReturnPct"":null,""netReturnReason"":""no_cost_basis"",""realizedPct"":-1.391297,""settlePrice"":78669.0,""side"":""short""},""settleBasis"":""hl-candle-close"",""settleNote"":null,""settleQuality"":{""bars"":120.0,""coverage"":1.0,""droppedCandles"":0.0,""expectedBars"":120.0,""intervalSeconds"":60.0,""maxGapBars"":1.0,""stalenessSeconds"":59.001},""settleSource"":""hyperliquid-candle"",""settlementVersion"":""settlement/1""}",True,settlement/1,2026-09-01T03:58:59.999000000+00:00,psig:crypto:btc:price-outlook:monthly:2026-09-01:r79,terminal_close,"{""0.1"":1782.9188325711511,""0.25"":3515.9745038181827,""0.5"":4038.6839796998975,""0.75"":1549.812290702681,""0.9"":176.416263339229}",64605.10198472727,sha256:f9d5ffd9409636486eafaa9b610b6bd5648edcb519051333e245de0740e38dab,True,monthly,76602.58361239643,,,,,,sha256:f9d5ffd9409636486eafaa9b610b6bd5648edcb519051333e245de0740e38dab,spot,verified,,terminal_close,,signal,"[{""clampedPercentiles"":[],""contributing"":true,""leg"":""house"",""median"":78131.23306273778,""rawWeight"":0.2,""scaleSource"":""own"",""support"":2748,""weight"":0.2},{""clampedPercentiles"":[],""contributing"":true,""leg"":""venue"",""median"":63585.0074470532,""rawWeight"":0.1,""scaleSource"":""own"",""support"":29,""weight"":0.1},{""clampedPercentiles"":[],""contributing"":true,""leg"":""q"",""median"":69811.07020940969,""rawWeight"":0.7,""scaleSource"":""own"",""support"":6,""weight"":0.7}]",,78083.5,70591.6320406002,60839.81167428849,64605.10198472727,76602.58361239643,80433.16263339229,False,2026-08-30T04:30:40.102109Z,2026-08-30T04:30:40.102109Z,2026-09-01T03:59:59Z,2026-09-01,1.9786909478125,blend/1,decide/3,-10.267536080793953,10.267536080793953,47.4885827475,crypto:btc|2026-09-01|hl-candle-close,0
,Bitcoin — Long · Weekly · to Sep 1,False,-0.212465,crypto,False,crypto:btc:price-outlook:weekly,crypto:btc,asset-price/2,signal,2026-09-01T03:59:59.000000000+00:00,hyperliquid-candle,True,sha256:f9d5ffd9409636486eafaa9b610b6bd5648edcb519051333e245de0740e38dab,hl-candle-close,True,2725.7897965842967,78836.5,5,0.9,True,80522.57751287147,long,True,2026-09-01T05:15:46.982000000+00:00,74888.56753078816,59681.68428564114,experimental,85435.40211798908,0.1,5e1055e3-1df1-4fb3-8abc-b7081e644f92,"{""legs"":{""venue"":{""brier"":0.03054688,""leg"":""venue"",""meanOutcome"":0.0,""meanProbability"":0.109375,""n"":8,""reason"":null,""unscored"":{""grid_no_probability"":21}}},""scoredRungs"":8,""settleByObservable"":{""terminal_close"":78669.0},""version"":""settlement/1""}",78669.0,pout:pbh:31454a3b89e5a50ead99a8bb8f9b9bf962d9d14884b3d4c54bf61a99c65a4775:2026-09-01,2026-09-01,po:crypto:btc:price-outlook:weekly:2026-09-01:28c5fee0172ce716:43967dbdd5ac44dd,"{""distribution"":{""crps"":2725.7897965842967,""crpsGridPoints"":5,""crpsPHigh"":0.9,""crpsPLow"":0.1,""inBand"":true,""inWideBand"":true,""pinball"":{""0.1"":1898.7315714358863,""0.25"":3633.662102830749,""0.5"":926.788756435737,""0.75"":1056.5620243722733,""0.9"":676.6402117989082}},""excursion"":{""bars"":154.0,""coverage"":1.0,""droppedCandles"":0.0,""expectedBars"":154.0,""intervalSeconds"":3600.0,""maxGapBars"":1.0},""legBrier"":{""legs"":{""venue"":{""brier"":0.03054688,""leg"":""venue"",""meanOutcome"":0.0,""meanProbability"":0.109375,""n"":8,""reason"":null,""unscored"":{""grid_no_probability"":21}}},""scoredRungs"":8,""settleByObservable"":{""terminal_close"":78669.0},""version"":""settlement/1""},""receipt"":{""barrierNote"":null,""costPct"":null,""entryRefPrice"":78836.5,""exitPrice"":78669.0,""exitReason"":""anchor"",""grossReturnPct"":-0.212465,""hitStop"":null,""hitTarget"":true,""netReturnPct"":null,""netReturnReason"":""no_cost_basis"",""realizedPct"":-0.212465,""settlePrice"":78669.0,""side"":""long""},""settleBasis"":""hl-candle-close"",""settleNote"":null,""settleQuality"":{""bars"":120.0,""coverage"":1.0,""droppedCandles"":0.0,""expectedBars"":120.0,""intervalSeconds"":60.0,""maxGapBars"":1.0,""stalenessSeconds"":59.001},""settleSource"":""hyperliquid-candle"",""settlementVersion"":""settlement/1""}",True,settlement/1,2026-09-01T03:58:59.999000000+00:00,psig:crypto:btc:price-outlook:weekly:2026-09-01:r81,terminal_close,"{""0.1"":1898.7315714358863,""0.25"":3633.662102830749,""0.5"":926.788756435737,""0.75"":1056.5620243722733,""0.9"":676.6402117989082}",64134.351588677004,sha256:f9d5ffd9409636486eafaa9b610b6bd5648edcb519051333e245de0740e38dab,True,weekly,82895.2480974891,,,,,,sha256:f9d5ffd9409636486eafaa9b610b6bd5648edcb519051333e245de0740e38dab,spot,verified,,terminal_close,,signal,"[{""clampedPercentiles"":[],""contributing"":true,""leg"":""house"",""median"":79272.18482018674,""rawWeight"":0.2,""scaleSource"":""own"",""support"":2748,""weight"":0.2},{""clampedPercentiles"":[],""contributing"":true,""leg"":""venue"",""median"":78719.91219376578,""rawWeight"":0.1,""scaleSource"":""own"",""support"":29,""weight"":0.1},{""clampedPercentiles"":[0.1],""contributing"":true,""leg"":""q"",""median"":82527.486653,""rawWeight"":0.7,""scaleSource"":""own"",""support"":5,""weight"":0.7}]",,79113.5,80522.57751287147,59681.68428564114,64134.351588677004,82895.2480974891,85435.40211798908,False,2026-08-26T02:30:41.066829Z,2026-08-26T02:30:41.066829Z,2026-09-01T03:59:59Z,2026-09-01,6.062013115405092,blend/1,decide/3,2.356172714628982,2.356172714628982,145.48831476972222,crypto:btc|2026-09-01|hl-candle-close,0
kalshi,Copper — Daily · to Aug 31,False,,commodity,False,commodity:copper:price-outlook:daily,commodity:copper,asset-price/2,signal,2026-08-31T21:00:00.000000000+00:00,kalshi-settled-print,True,bridge:sha256:3a29bdb2399a45f4571217e7bf4dbe74a2ebc9ef1483784dec88d34e145eeeb0,venue-settlement-value,,0.06864212864616477,,5,0.9,False,6.594664271684084,,False,2026-09-01T00:15:15.507000000+00:00,,6.560127045797384,experimental,6.628794035139299,0.1,85831227-582d-42bb-8612-18d10ef17b26,"{""legs"":{},""scoredRungs"":0,""settleByObservable"":{""terminal_close"":6.69},""version"":""settlement/1""}",6.69,pout:pbh:f203af5314845972b579b445b6154cae7e8d6f24c7d23538f69133dbfcc406d3:2026-08-31,2026-08-31,po:pbh:f203af5314845972b579b445b6154cae7e8d6f24c7d23538f69133dbfcc406d3:2026-08-31:eb92e5a72f1face6:46e4802f0f1775a0,"{""distribution"":{""crps"":0.06864212864616477,""crpsGridPoints"":5,""crpsPHigh"":0.9,""crpsPLow"":0.1,""inBand"":false,""inWideBand"":false,""pinball"":{""0.1"":0.012987295420261625,""0.25"":0.02829275009849197,""0.5"":0.047667864157958206,""0.75"":0.05820049239638725,""0.9"":0.055085368374631564}},""excursion"":null,""legBrier"":{""legs"":{},""scoredRungs"":0,""settleByObservable"":{""terminal_close"":6.69},""version"":""settlement/1""},""receipt"":null,""settleBasis"":""venue-settlement-value"",""settleNote"":null,""settleQuality"":{""venueSettlement"":1.0},""settleSource"":""kalshi-settled-print"",""settlementVersion"":""settlement/1""}",True,settlement/1,2026-08-31T21:00:00.000000000+00:00,,terminal_close,"{""0.1"":0.012987295420261625,""0.25"":0.02829275009849197,""0.5"":0.047667864157958206,""0.75"":0.05820049239638725,""0.9"":0.055085368374631564}",6.5768289996060325,bridge:sha256:3a29bdb2399a45f4571217e7bf4dbe74a2ebc9ef1483784dec88d34e145eeeb0,True,daily,6.612399343471484,KXCOPPERD,,,,,bridge:sha256:3a29bdb2399a45f4571217e7bf4dbe74a2ebc9ef1483784dec88d34e145eeeb0,,estimated,,terminal_close,,signal,,,6.5946440089070695,6.594664271684084,6.560127045797384,6.5768289996060325,6.612399343471484,6.628794035139299,False,2026-08-31T20:30:39.929131Z,2026-08-31T20:30:39.929131Z,2026-08-31T21:00:00Z,2026-08-31,0.020371190613425925,blend/1,decide/3,-1.4250482558432946,1.4250482558432946,0.4889085747222222,commodity:copper|2026-08-31|venue-settlement-value,0
,Copper — Monthly · to Aug 31,False,,commodity,False,commodity:copper:price-outlook:monthly,commodity:copper,asset-price/2,signal,2026-08-31T21:00:00.000000000+00:00,kalshi-settled-print,True,bridge:sha256:3a29bdb2399a45f4571217e7bf4dbe74a2ebc9ef1483784dec88d34e145eeeb0,venue-settlement-value,,0.06864212864616477,,5,0.9,False,6.594664271684084,,False,2026-09-01T00:15:15.941000000+00:00,,6.560127045797384,experimental,6.628794035139299,0.1,85831227-582d-42bb-8612-18d10ef17b26,"{""legs"":{},""scoredRungs"":0,""settleByObservable"":{""terminal_close"":6.69},""version"":""settlement/1""}",6.69,pout:pbh:51a15b97ed8a664f96950f988c2b45b106a0997b82310c0c27f464d254bd0923:2026-08-31,2026-08-31,po:pbh:51a15b97ed8a664f96950f988c2b45b106a0997b82310c0c27f464d254bd0923:2026-08-31:eb92e5a72f1face6:5a89c3ffc87298de,"{""distribution"":{""crps"":0.06864212864616477,""crpsGridPoints"":5,""crpsPHigh"":0.9,""crpsPLow"":0.1,""inBand"":false,""inWideBand"":false,""pinball"":{""0.1"":0.012987295420261625,""0.25"":0.02829275009849197,""0.5"":0.047667864157958206,""0.75"":0.05820049239638725,""0.9"":0.055085368374631564}},""excursion"":null,""legBrier"":{""legs"":{},""scoredRungs"":0,""settleByObservable"":{""terminal_close"":6.69},""version"":""settlement/1""},""receipt"":null,""settleBasis"":""venue-settlement-value"",""settleNote"":null,""settleQuality"":{""venueSettlement"":1.0},""settleSource"":""kalshi-settled-print"",""settlementVersion"":""settlement/1""}",True,settlement/1,2026-08-31T21:00:00.000000000+00:00,,terminal_close,"{""0.1"":0.012987295420261625,""0.25"":0.02829275009849197,""0.5"":0.047667864157958206,""0.75"":0.05820049239638725,""0.9"":0.055085368374631564}",6.5768289996060325,bridge:sha256:3a29bdb2399a45f4571217e7bf4dbe74a2ebc9ef1483784dec88d34e145eeeb0,True,monthly,6.612399343471484,,,,,,bridge:sha256:3a29bdb2399a45f4571217e7bf4dbe74a2ebc9ef1483784dec88d34e145eeeb0,,estimated,,terminal_close,,signal,,,6.5946440089070695,6.594664271684084,6.560127045797384,6.5768289996060325,6.612399343471484,6.628794035139299,False,2026-08-31T20:30:39.929131Z,2026-08-31T20:30:39.929131Z,2026-08-31T21:00:00Z,2026-08-31,0.020371190613425925,blend/1,decide/3,-1.4250482558432946,1.4250482558432946,0.4889085747222222,commodity:copper|2026-08-31|venue-settlement-value,0
kalshi,Gold — Daily · to Aug 31,False,,commodity,False,commodity:gold:price-outlook:daily,commodity:gold,asset-price/2,signal,2026-08-31T21:00:00.000000000+00:00,kalshi-settled-print,True,bridge:sha256:aaed6a8ae8b9f3568fbf4641dbff8e977447cb25b1ece3f6d57fdfcbe093107f,venue-settlement-value,,3.3768594248255526,,5,0.9,True,4447.170566863995,,True,2026-09-01T00:15:18.611000000+00:00,,4423.31236001377,experimental,4470.586451277584,0.1,85831227-582d-42bb-8612-18d10ef17b26,"{""legs"":{},""scoredRungs"":0,""settleByObservable"":{""terminal_close"":4448.11},""version"":""settlement/1""}",4448.11,pout:pbh:99e6cb195d212f4d920a9b200e864a0b51fb4ae391ecac386027421be13420e4:2026-08-31,2026-08-31,po:pbh:99e6cb195d212f4d920a9b200e864a0b51fb4ae391ecac386027421be13420e4:2026-08-31:eb92e5a72f1face6:d16b4cbc636f7f95,"{""distribution"":{""crps"":3.3768594248255526,""crpsGridPoints"":5,""crpsPHigh"":0.9,""crpsPLow"":0.1,""inBand"":true,""inWideBand"":true,""pinball"":{""0.1"":2.4797639986230027,""0.25"":3.289755295758823,""0.5"":0.4697165680022408,""0.75"":2.792469133909208,""0.9"":2.2476451277584597}},""excursion"":null,""legBrier"":{""legs"":{},""scoredRungs"":0,""settleByObservable"":{""terminal_close"":4448.11},""version"":""settlement/1""},""receipt"":null,""settleBasis"":""venue-settlement-value"",""settleNote"":null,""settleQuality"":{""venueSettlement"":1.0},""settleSource"":""kalshi-settled-print"",""settlementVersion"":""settlement/1""}",True,settlement/1,2026-08-31T21:00:00.000000000+00:00,,terminal_close,"{""0.1"":2.4797639986230027,""0.25"":3.289755295758823,""0.5"":0.4697165680022408,""0.75"":2.792469133909208,""0.9"":2.2476451277584597}",4434.950978816964,bridge:sha256:aaed6a8ae8b9f3568fbf4641dbff8e977447cb25b1ece3f6d57fdfcbe093107f,True,daily,4459.2798765356365,KXGOLDD,,,,,bridge:sha256:aaed6a8ae8b9f3568fbf4641dbff8e977447cb25b1ece3f6d57fdfcbe093107f,,estimated,,terminal_close,,signal,,,4447.150934926037,4447.170566863995,4423.31236001377,4434.950978816964,4459.2798765356365,4470.586451277584,False,2026-08-31T20:30:39.929131Z,2026-08-31T20:30:39.929131Z,2026-08-31T21:00:00Z,2026-08-31,0.020371190613425925,blend/1,decide/3,-0.021119826982796776,0.021119826982796776,0.4889085747222222,commodity:gold|2026-08-31|venue-settlement-value,0
,Gold — Monthly · to Aug 31,False,,commodity,False,commodity:gold:price-outlook:monthly,commodity:gold,asset-price/2,signal,2026-08-31T21:00:00.000000000+00:00,kalshi-settled-print,True,bridge:sha256:aaed6a8ae8b9f3568fbf4641dbff8e977447cb25b1ece3f6d57fdfcbe093107f,venue-settlement-value,,3.3768594248255526,,5,0.9,True,4447.170566863995,,True,2026-09-01T00:15:18.957000000+00:00,,4423.31236001377,experimental,4470.586451277584,0.1,85831227-582d-42bb-8612-18d10ef17b26,"{""legs"":{},""scoredRungs"":0,""settleByObservable"":{""terminal_close"":4448.11},""version"":""settlement/1""}",4448.11,pout:pbh:de726586c7af5d10e9d3bb97805625598989ea8c7db211325dbd050a5bae2078:2026-08-31,2026-08-31,po:pbh:de726586c7af5d10e9d3bb97805625598989ea8c7db211325dbd050a5bae2078:2026-08-31:eb92e5a72f1face6:2674ab6db1df62b2,"{""distribution"":{""crps"":3.3768594248255526,""crpsGridPoints"":5,""crpsPHigh"":0.9,""crpsPLow"":0.1,""inBand"":true,""inWideBand"":true,""pinball"":{""0.1"":2.4797639986230027,""0.25"":3.289755295758823,""0.5"":0.4697165680022408,""0.75"":2.792469133909208,""0.9"":2.2476451277584597}},""excursion"":null,""legBrier"":{""legs"":{},""scoredRungs"":0,""settleByObservable"":{""terminal_close"":4448.11},""version"":""settlement/1""},""receipt"":null,""settleBasis"":""venue-settlement-value"",""settleNote"":null,""settleQuality"":{""venueSettlement"":1.0},""settleSource"":""kalshi-settled-print"",""settlementVersion"":""settlement/1""}",True,settlement/1,2026-08-31T21:00:00.000000000+00:00,,terminal_close,"{""0.1"":2.4797639986230027,""0.25"":3.289755295758823,""0.5"":0.4697165680022408,""0.75"":2.792469133909208,""0.9"":2.2476451277584597}",4434.950978816964,bridge:sha256:aaed6a8ae8b9f3568fbf4641dbff8e977447cb25b1ece3f6d57fdfcbe093107f,True,monthly,4459.2798765356365,,,,,,bridge:sha256:aaed6a8ae8b9f3568fbf4641dbff8e977447cb25b1ece3f6d57fdfcbe093107f,,estimated,,terminal_close,,signal,,,4447.150934926037,4447.170566863995,4423.31236001377,4434.950978816964,4459.2798765356365,4470.586451277584,False,2026-08-31T20:30:39.929131Z,2026-08-31T20:30:39.929131Z,2026-08-31T21:00:00Z,2026-08-31,0.020371190613425925,blend/1,decide/3,-0.021119826982796776,0.021119826982796776,0.4889085747222222,commodity:gold|2026-08-31|venue-settlement-value,0
kalshi,Silver — Daily · to Aug 31,False,,commodity,False,commodity:silver:price-outlook:daily,commodity:silver,asset-price/2,signal,2026-08-31T21:00:00.000000000+00:00,kalshi-settled-print,True,bridge:sha256:ed2613876006731c918d15ed0849d71920dfd4208b75f3394edaae94c1f8b5b9,venue-settlement-value,,0.06623944800084927,,5,0.9,True,66.49808900192409,,True,2026-09-01T00:15:26.269000000+00:00,,66.07180765569026,experimental,66.91442494260053,0.1,85831227-582d-42bb-8612-18d10ef17b26,"{""legs"":{},""scoredRungs"":0,""settleByObservable"":{""terminal_close"":66.54},""version"":""settlement/1""}",66.54,pout:pbh:d097f6c54da1603553b6656f621fe08c92ce11dd8f767159aedcf1e1cfdb8c4a:2026-08-31,2026-08-31,po:pbh:d097f6c54da1603553b6656f621fe08c92ce11dd8f767159aedcf1e1cfdb8c4a:2026-08-31:eb92e5a72f1face6:164b4091247e4430,"{""distribution"":{""crps"":0.06623944800084927,""crpsGridPoints"":5,""crpsPHigh"":0.9,""crpsPLow"":0.1,""inBand"":true,""inWideBand"":true,""pinball"":{""0.1"":0.04681923443097418,""0.25"":0.06469196624217588,""0.5"":0.020955499037960124,""0.75"":0.04311413170336209,""0.9"":0.037442494260052674}},""excursion"":null,""legBrier"":{""legs"":{},""scoredRungs"":0,""settleByObservable"":{""terminal_close"":66.54},""version"":""settlement/1""},""receipt"":null,""settleBasis"":""venue-settlement-value"",""settleNote"":null,""settleQuality"":{""venueSettlement"":1.0},""settleSource"":""kalshi-settled-print"",""settlementVersion"":""settlement/1""}",True,settlement/1,2026-08-31T21:00:00.000000000+00:00,,terminal_close,"{""0.1"":0.04681923443097418,""0.25"":0.06469196624217588,""0.5"":0.020955499037960124,""0.75"":0.04311413170336209,""0.9"":0.037442494260052674}",66.2812321350313,bridge:sha256:ed2613876006731c918d15ed0849d71920dfd4208b75f3394edaae94c1f8b5b9,True,daily,66.71245652681345,KXSILVERD,,,,,bridge:sha256:ed2613876006731c918d15ed0849d71920dfd4208b75f3394edaae94c1f8b5b9,,estimated,,terminal_close,,signal,,,66.49765295457165,66.49808900192409,66.07180765569026,66.2812321350313,66.71245652681345,66.91442494260053,False,2026-08-31T20:30:39.929131Z,2026-08-31T20:30:39.929131Z,2026-08-31T21:00:00Z,2026-08-31,0.020371190613425925,blend/1,decide/3,-0.06298617083847347,0.06298617083847347,0.4889085747222222,commodity:silver|2026-08-31|venue-settlement-value,0
,Silver — Monthly · to Aug 31,False,,commodity,False,commodity:silver:price-outlook:monthly,commodity:silver,asset-price/2,signal,2026-08-31T21:00:00.000000000+00:00,kalshi-settled-print,True,bridge:sha256:ed2613876006731c918d15ed0849d71920dfd4208b75f3394edaae94c1f8b5b9,venue-settlement-value,,0.06623944800084927,,5,0.9,True,66.49808900192409,,True,2026-09-01T00:15:26.616000000+00:00,,66.07180765569026,experimental,66.91442494260053,0.1,85831227-582d-42bb-8612-18d10ef17b26,"{""legs"":{},""scoredRungs"":0,""settleByObservable"":{""terminal_close"":66.54},""version"":""settlement/1""}",66.54,pout:pbh:2c78434127a10cadffc4f2b584504fce1dd7a9ac68ade3ba1d4356a2afedda5b:2026-08-31,2026-08-31,po:pbh:2c78434127a10cadffc4f2b584504fce1dd7a9ac68ade3ba1d4356a2afedda5b:2026-08-31:eb92e5a72f1face6:21eb220b53da7fca,"{""distribution"":{""crps"":0.06623944800084927,""crpsGridPoints"":5,""crpsPHigh"":0.9,""crpsPLow"":0.1,""inBand"":true,""inWideBand"":true,""pinball"":{""0.1"":0.04681923443097418,""0.25"":0.06469196624217588,""0.5"":0.020955499037960124,""0.75"":0.04311413170336209,""0.9"":0.037442494260052674}},""excursion"":null,""legBrier"":{""legs"":{},""scoredRungs"":0,""settleByObservable"":{""terminal_close"":66.54},""version"":""settlement/1""},""receipt"":null,""settleBasis"":""venue-settlement-value"",""settleNote"":null,""settleQuality"":{""venueSettlement"":1.0},""settleSource"":""kalshi-settled-print"",""settlementVersion"":""settlement/1""}",True,settlement/1,2026-08-31T21:00:00.000000000+00:00,,terminal_close,"{""0.1"":0.04681923443097418,""0.25"":0.06469196624217588,""0.5"":0.020955499037960124,""0.75"":0.04311413170336209,""0.9"":0.037442494260052674}",66.2812321350313,bridge:sha256:ed2613876006731c918d15ed0849d71920dfd4208b75f3394edaae94c1f8b5b9,True,monthly,66.71245652681345,,,,,,bridge:sha256:ed2613876006731c918d15ed0849d71920dfd4208b75f3394edaae94c1f8b5b9,,estimated,,terminal_close,,signal,,,66.49765295457165,66.49808900192409,66.07180765569026,66.2812321350313,66.71245652681345,66.91442494260053,False,2026-08-31T20:30:39.929131Z,2026-08-31T20:30:39.929131Z,2026-08-31T21:00:00Z,2026-08-31,0.020371190613425925,blend/1,decide/3,-0.06298617083847347,0.06298617083847347,0.4889085747222222,commodity:silver|2026-08-31|venue-settlement-value,0
kalshi,Bitcoin — Daily · to Aug 31,False,,crypto,False,crypto:btc:price-outlook:daily,crypto:btc,asset-price/2,signal,2026-08-31T21:00:00.000000000+00:00,kalshi-settled-print,True,bridge:sha256:d59e17c3866b80c541a4736bab3679c9b4faaa7c8f40f60ae2636d1c6972b904,venue-settlement-value,,94.88809173132212,,5,0.9,True,78882.56948079223,,True,2026-09-01T00:15:49.247000000+00:00,,78163.00574104208,experimental,79490.76343899769,0.1,85831227-582d-42bb-8612-18d10ef17b26,"{""legs"":{},""scoredRungs"":0,""settleByObservable"":{""terminal_close"":78846.9},""version"":""settlement/1""}",78846.9,pout:pbh:1e1992ef3ac65bb6f03f3ad6ce7b4645fd7454c948461180e04b32bf8543e1ab:2026-08-31,2026-08-31,po:pbh:1e1992ef3ac65bb6f03f3ad6ce7b4645fd7454c948461180e04b32bf8543e1ab:2026-08-31:eb92e5a72f1face6:2fd131753cb9c133,"{""distribution"":{""crps"":94.88809173132212,""crpsGridPoints"":5,""crpsPHigh"":0.9,""crpsPLow"":0.1,""inBand"":true,""inWideBand"":true,""pinball"":{""0.1"":68.38942589579092,""0.25"":74.45687116319459,""0.5"":17.834740396116104,""0.75"":90.67901899663048,""0.9"":64.3863438997694}},""excursion"":null,""legBrier"":{""legs"":{},""scoredRungs"":0,""settleByObservable"":{""terminal_close"":78846.9},""version"":""settlement/1""},""receipt"":null,""settleBasis"":""venue-settlement-value"",""settleNote"":null,""settleQuality"":{""venueSettlement"":1.0},""settleSource"":""kalshi-settled-print"",""settlementVersion"":""settlement/1""}",True,settlement/1,2026-08-31T21:00:00.000000000+00:00,,terminal_close,"{""0.1"":68.38942589579092,""0.25"":74.45687116319459,""0.5"":17.834740396116104,""0.75"":90.67901899663048,""0.9"":64.3863438997694}",78549.07251534722,bridge:sha256:d59e17c3866b80c541a4736bab3679c9b4faaa7c8f40f60ae2636d1c6972b904,True,daily,79209.61607598652,KXBTCD,,,,,bridge:sha256:d59e17c3866b80c541a4736bab3679c9b4faaa7c8f40f60ae2636d1c6972b904,,estimated,,terminal_close,,signal,,,78902.57616693112,78882.56948079223,78163.00574104208,78549.07251534722,79209.61607598652,79490.76343899769,False,2026-08-31T20:30:39.929131Z,2026-08-31T20:30:39.929131Z,2026-08-31T21:00:00Z,2026-08-31,0.020371190613425925,blend/1,decide/3,0.045238913377992296,0.045238913377992296,0.4889085747222222,crypto:btc|2026-08-31|venue-settlement-value,0
kalshi,WTI Crude Oil — Daily · to Sep 2,False,,commodity,False,commodity:wti:price-outlook:daily,commodity:wti,asset-price/2,signal,2026-09-02T14:30:00.000000000-04:00,kalshi-settled-print,True,bridge:sha256:b426cee1da09d62e614047b5b3fbfaa2907ef06fc8546480218fab039ddaf700,venue-settlement-value,,0.1024953127987063,,5,0.9,True,91.00133512955645,,True,2026-09-03T15:15:27.073000000+00:00,,90.22803802702535,experimental,91.7524763284987,0.1,279a8024-009f-4046-af21-01dbf2497f87,"{""legs"":{},""scoredRungs"":0,""settleByObservable"":{""terminal_close"":91.01},""version"":""settlement/1""}",91.01,pout:pbh:d3a838fe5fd3d5d70cad8a2b7fdc96877f7c8f521d8975907e2f2463cdac577f:2026-09-02,2026-09-02,po:pbh:d3a838fe5fd3d5d70cad8a2b7fdc96877f7c8f521d8975907e2f2463cdac577f:2026-09-02:47f8c5a6ef3e223c:4cb029e84aab6571,"{""distribution"":{""crps"":0.1024953127987063,""crpsGridPoints"":5,""crpsPHigh"":0.9,""crpsPLow"":0.1,""inBand"":true,""inWideBand"":true,""pinball"":{""0.1"":0.07819619729746563,""0.25"":0.09969005652519769,""0.5"":0.0043324352217766204,""0.75"":0.09396624513909657,""0.9"":0.07424763284986964}},""excursion"":null,""legBrier"":{""legs"":{},""scoredRungs"":0,""settleByObservable"":{""terminal_close"":91.01},""version"":""settlement/1""},""receipt"":null,""settleBasis"":""venue-settlement-value"",""settleNote"":null,""settleQuality"":{""venueSettlement"":1.0},""settleSource"":""kalshi-settled-print"",""settlementVersion"":""settlement/1""}",True,settlement/1,2026-09-02T14:30:00.000000000-04:00,,terminal_close,"{""0.1"":0.07819619729746563,""0.25"":0.09969005652519769,""0.5"":0.0043324352217766204,""0.75"":0.09396624513909657,""0.9"":0.07424763284986964}",90.61123977389921,bridge:sha256:b426cee1da09d62e614047b5b3fbfaa2907ef06fc8546480218fab039ddaf700,True,daily,91.38586498055639,KXWTI,,,,,bridge:sha256:b426cee1da09d62e614047b5b3fbfaa2907ef06fc8546480218fab039ddaf700,,estimated,,terminal_close,,signal,,,91.00133512955645,91.00133512955645,90.22803802702535,90.61123977389921,91.38586498055639,91.7524763284987,False,2026-09-02T17:30:36.836506Z,2026-09-02T17:30:36.836506Z,2026-09-02T14:30:00-04:00,2026-09-02,0.041240318217592595,blend/1,decide/3,-0.009520789411661621,0.009520789411661621,0.9897676372222222,commodity:wti|2026-09-02|venue-settlement-value,0
,WTI Crude Oil — Next-day · to Sep 2,False,,commodity,False,commodity:wti:price-outlook:next-day,commodity:wti,asset-price/2,signal,2026-09-02T14:30:00.000000000-04:00,kalshi-settled-print,True,bridge:sha256:b426cee1da09d62e614047b5b3fbfaa2907ef06fc8546480218fab039ddaf700,venue-settlement-value,,0.4382478806275567,,5,0.9,True,90.59057894937632,,True,2026-09-03T15:15:28.038000000+00:00,,87.99461149574516,experimental,93.12107457745002,0.1,279a8024-009f-4046-af21-01dbf2497f87,"{""legs"":{},""scoredRungs"":0,""settleByObservable"":{""terminal_close"":91.01},""version"":""settlement/1""}",91.01,pout:pbh:94e874a6a932917258bd6ed0308abd448ee0da7d874b981c3b25a77630e21b90:2026-09-02,2026-09-02,po:pbh:94e874a6a932917258bd6ed0308abd448ee0da7d874b981c3b25a77630e21b90:2026-09-02:eb92e5a72f1face6:be33511c5c5111e8,"{""distribution"":{""crps"":0.4382478806275567,""crpsGridPoints"":5,""crpsPHigh"":0.9,""crpsPLow"":0.1,""inBand"":true,""inWideBand"":true,""pinball"":{""0.1"":0.3015388504254844,""0.25"":0.42756733656887747,""0.5"":0.20971052531184142,""0.75"":0.2136718427962805,""0.9"":0.21110745774500111}},""excursion"":null,""legBrier"":{""legs"":{},""scoredRungs"":0,""settleByObservable"":{""terminal_close"":91.01},""version"":""settlement/1""},""receipt"":null,""settleBasis"":""venue-settlement-value"",""settleNote"":null,""settleQuality"":{""venueSettlement"":1.0},""settleSource"":""kalshi-settled-print"",""settlementVersion"":""settlement/1""}",True,settlement/1,2026-09-02T14:30:00.000000000-04:00,,terminal_close,"{""0.1"":0.3015388504254844,""0.25"":0.42756733656887747,""0.5"":0.20971052531184142,""0.75"":0.2136718427962805,""0.9"":0.21110745774500111}",89.2997306537245,bridge:sha256:b426cee1da09d62e614047b5b3fbfaa2907ef06fc8546480218fab039ddaf700,True,next-day,91.86468737118513,,,,,,bridge:sha256:b426cee1da09d62e614047b5b3fbfaa2907ef06fc8546480218fab039ddaf700,,estimated,,terminal_close,,signal,,,90.55857295848978,90.59057894937632,87.99461149574516,89.2997306537245,91.86468737118513,93.12107457745002,False,2026-09-01T20:30:31.255202Z,2026-09-01T20:30:31.255202Z,2026-09-02T14:30:00-04:00,2026-09-02,0.9163049166435185,blend/1,decide/3,-0.4608516103985088,0.4608516103985088,21.991317999444444,commodity:wti|2026-09-02|venue-settlement-value,0
kalshi,WTI Crude Oil — Daily · to Sep 3,False,,commodity,False,commodity:wti:price-outlook:daily,commodity:wti,asset-price/2,signal,2026-09-03T14:30:00.000000000-04:00,kalshi-settled-print,True,bridge:sha256:b426cee1da09d62e614047b5b3fbfaa2907ef06fc8546480218fab039ddaf700,venue-settlement-value,,0.12831929608016915,,5,0.9,True,91.4099735415602,,True,2026-09-04T14:15:21.350000000+00:00,,90.63367479159538,experimental,92.16468344168466,0.1,eccf3c5f-24ed-4778-a774-ac3c17ede11c,"{""legs"":{},""scoredRungs"":0,""settleByObservable"":{""terminal_close"":91.3},""version"":""settlement/1""}",91.3,pout:pbh:d3a838fe5fd3d5d70cad8a2b7fdc96877f7c8f521d8975907e2f2463cdac577f:2026-09-03,2026-09-03,po:pbh:d3a838fe5fd3d5d70cad8a2b7fdc96877f7c8f521d8975907e2f2463cdac577f:2026-09-03:47f8c5a6ef3e223c:892e58f2b6227b88,"{""distribution"":{""crps"":0.12831929608016915,""crpsGridPoints"":5,""crpsPHigh"":0.9,""crpsPLow"":0.1,""inBand"":true,""inWideBand"":true,""pinball"":{""0.1"":0.06663252084046149,""0.25"":0.07051000057376555,""0.5"":0.054986770780104166,""0.75"":0.12414195177317922,""0.9"":0.08646834416846615}},""excursion"":null,""lean"":null,""legBrier"":{""legs"":{},""scoredRungs"":0,""settleByObservable"":{""terminal_close"":91.3},""version"":""settlement/1""},""receipt"":null,""settleBasis"":""venue-settlement-value"",""settleNote"":null,""settleQuality"":{""venueSettlement"":1.0},""settleSource"":""kalshi-settled-print"",""settlementVersion"":""settlement/1""}",True,settlement/1,2026-09-03T14:30:00.000000000-04:00,,terminal_close,"{""0.1"":0.06663252084046149,""0.25"":0.07051000057376555,""0.5"":0.054986770780104166,""0.75"":0.12414195177317922,""0.9"":0.08646834416846615}",91.01795999770493,bridge:sha256:b426cee1da09d62e614047b5b3fbfaa2907ef06fc8546480218fab039ddaf700,True,daily,91.79656780709271,KXWTI,,,,,bridge:sha256:b426cee1da09d62e614047b5b3fbfaa2907ef06fc8546480218fab039ddaf700,,estimated,,terminal_close,,signal,,,91.51040782367511,91.4099735415602,90.63367479159538,91.01795999770493,91.79656780709271,92.16468344168466,False,2026-09-03T17:30:34.53717Z,2026-09-03T17:30:34.53717Z,2026-09-03T14:30:00-04:00,2026-09-03,0.041266930902777776,blend/1,decide/4,0.12045294803965864,0.12045294803965864,0.9904063416666666,commodity:wti|2026-09-03|venue-settlement-value,0
,WTI Crude Oil — Next-day · to Sep 3,False,,commodity,False,commodity:wti:price-outlook:next-day,commodity:wti,asset-price/2,signal,2026-09-03T14:30:00.000000000-04:00,kalshi-settled-print,True,bridge:sha256:b426cee1da09d62e614047b5b3fbfaa2907ef06fc8546480218fab039ddaf700,venue-settlement-value,,0.5418230792660175,,5,0.9,True,90.5206555684078,,True,2026-09-04T14:15:22.325000000+00:00,,87.86924575999933,experimental,93.18947363690602,0.1,eccf3c5f-24ed-4778-a774-ac3c17ede11c,"{""legs"":{},""scoredRungs"":0,""settleByObservable"":{""terminal_close"":91.3},""version"":""settlement/1""}",91.3,pout:pbh:94e874a6a932917258bd6ed0308abd448ee0da7d874b981c3b25a77630e21b90:2026-09-03,2026-09-03,po:pbh:94e874a6a932917258bd6ed0308abd448ee0da7d874b981c3b25a77630e21b90:2026-09-03:47f8c5a6ef3e223c:a09e1f09cbd4381c,"{""distribution"":{""crps"":0.5418230792660175,""crpsGridPoints"":5,""crpsPHigh"":0.9,""crpsPLow"":0.1,""inBand"":true,""inWideBand"":true,""pinball"":{""0.1"":0.3430754240000667,""0.25"":0.5258809548843075,""0.5"":0.38967221579609657,""0.75"":0.14207792815161469,""0.9"":0.18894736369060178}},""excursion"":null,""lean"":null,""legBrier"":{""legs"":{},""scoredRungs"":0,""settleByObservable"":{""terminal_close"":91.3},""version"":""settlement/1""},""receipt"":null,""settleBasis"":""venue-settlement-value"",""settleNote"":null,""settleQuality"":{""venueSettlement"":1.0},""settleSource"":""kalshi-settled-print"",""settlementVersion"":""settlement/1""}",True,settlement/1,2026-09-03T14:30:00.000000000-04:00,,terminal_close,"{""0.1"":0.3430754240000667,""0.25"":0.5258809548843075,""0.5"":0.38967221579609657,""0.75"":0.14207792815161469,""0.9"":0.18894736369060178}",89.19647618046277,bridge:sha256:b426cee1da09d62e614047b5b3fbfaa2907ef06fc8546480218fab039ddaf700,True,next-day,91.86831171260646,,,,,,bridge:sha256:b426cee1da09d62e614047b5b3fbfaa2907ef06fc8546480218fab039ddaf700,,estimated,,terminal_close,,signal,,,90.52065556840783,90.5206555684078,87.86924575999933,89.19647618046277,91.86831171260646,93.18947363690602,False,2026-09-02T20:30:33.493538Z,2026-09-02T20:30:33.493538Z,2026-09-03T14:30:00-04:00,2026-09-03,0.9162790099768519,blend/1,decide/3,-0.8536083588085358,0.8536083588085358,21.990696239444446,commodity:wti|2026-09-03|venue-settlement-value,0
,Copper — Weekly · to Sep 4,False,,commodity,False,commodity:copper:price-outlook:weekly,commodity:copper,asset-price/2,signal,2026-09-04T21:00:00.000000000+00:00,kalshi-settled-print,True,bridge:sha256:3a29bdb2399a45f4571217e7bf4dbe74a2ebc9ef1483784dec88d34e145eeeb0,venue-settlement-value,,0.04697225434426144,,5,0.9,False,6.594085928188566,,False,2026-09-05T00:15:21.906000000+00:00,,6.532680693650647,experimental,6.655431699405694,0.1,e5d69a2d-91ad-4b04-8fd4-7413ba15f3b2,"{""legs"":{},""scoredRungs"":0,""settleByObservable"":{""terminal_close"":6.67},""version"":""settlement/1""}",6.67,pout:pbh:258eb02a33fd035b0692d4344ffa0f246cc253bd54a31752a658be213d2fb4e8:2026-09-04,2026-09-04,po:pbh:258eb02a33fd035b0692d4344ffa0f246cc253bd54a31752a658be213d2fb4e8:2026-09-04:47f8c5a6ef3e223c:3b09dd86cc94d6fe,"{""distribution"":{""crps"":0.04697225434426144,""crpsGridPoints"":5,""crpsPHigh"":0.9,""crpsPLow"":0.1,""inBand"":false,""inWideBand"":false,""pinball"":{""0.1"":0.013731930634935274,""0.25"":0.026978082696597072,""0.5"":0.037957035905717085,""0.75"":0.0329399828432313,""0.9"":0.013111470534875025}},""excursion"":null,""lean"":null,""legBrier"":{""legs"":{},""scoredRungs"":0,""settleByObservable"":{""terminal_close"":6.67},""version"":""settlement/1""},""receipt"":null,""settleBasis"":""venue-settlement-value"",""settleNote"":null,""settleQuality"":{""venueSettlement"":1.0},""settleSource"":""kalshi-settled-print"",""settlementVersion"":""settlement/1""}",True,settlement/1,2026-09-04T21:00:00.000000000+00:00,,terminal_close,"{""0.1"":0.013731930634935274,""0.25"":0.026978082696597072,""0.5"":0.037957035905717085,""0.75"":0.0329399828432313,""0.9"":0.013111470534875025}",6.562087669213612,bridge:sha256:3a29bdb2399a45f4571217e7bf4dbe74a2ebc9ef1483784dec88d34e145eeeb0,True,weekly,6.6260800228756915,,,,,,bridge:sha256:3a29bdb2399a45f4571217e7bf4dbe74a2ebc9ef1483784dec88d34e145eeeb0,,estimated,,terminal_close,,signal,,,6.594085928188566,6.594085928188566,6.532680693650647,6.562087669213612,6.6260800228756915,6.655431699405694,False,2026-09-04T20:32:12.650755Z,2026-09-04T20:32:12.650755Z,2026-09-04T21:00:00Z,2026-09-04,0.019298023668981482,blend/1,decide/4,-1.1381420061684284,1.1381420061684284,0.4631525680555556,commodity:copper|2026-09-04|venue-settlement-value,0
,Gold — Weekly · to Sep 4,False,,commodity,False,commodity:gold:price-outlook:weekly,commodity:gold,asset-price/2,signal,2026-09-04T21:00:00.000000000+00:00,kalshi-settled-print,True,bridge:sha256:aaed6a8ae8b9f3568fbf4641dbff8e977447cb25b1ece3f6d57fdfcbe093107f,venue-settlement-value,,3.510909795666048,,5,0.9,True,4431.42032928377,,True,2026-09-05T00:15:24.405000000+00:00,,4407.052742340578,experimental,4455.318203593393,0.1,e5d69a2d-91ad-4b04-8fd4-7413ba15f3b2,"{""legs"":{},""scoredRungs"":0,""settleByObservable"":{""terminal_close"":4430.2},""version"":""settlement/1""}",4430.2,pout:pbh:dab1ce2420b338eba7fd8d421e046ab28afc8a7ac7e5bb4e13c5a8ae186298f7:2026-09-04,2026-09-04,po:pbh:dab1ce2420b338eba7fd8d421e046ab28afc8a7ac7e5bb4e13c5a8ae186298f7:2026-09-04:47f8c5a6ef3e223c:a6c0a39c3697419d,"{""distribution"":{""crps"":3.510909795666048,""crpsGridPoints"":5,""crpsPHigh"":0.9,""crpsPLow"":0.1,""inBand"":true,""inWideBand"":true,""pinball"":{""0.1"":2.3147257659421485,""0.25"":2.8118732972704947,""0.5"":0.6101646418851487,""0.75"":3.3927405925576295,""0.9"":2.511820359339344}},""excursion"":null,""lean"":null,""legBrier"":{""legs"":{},""scoredRungs"":0,""settleByObservable"":{""terminal_close"":4430.2},""version"":""settlement/1""},""receipt"":null,""settleBasis"":""venue-settlement-value"",""settleNote"":null,""settleQuality"":{""venueSettlement"":1.0},""settleSource"":""kalshi-settled-print"",""settlementVersion"":""settlement/1""}",True,settlement/1,2026-09-04T21:00:00.000000000+00:00,,terminal_close,"{""0.1"":2.3147257659421485,""0.25"":2.8118732972704947,""0.5"":0.6101646418851487,""0.75"":3.3927405925576295,""0.9"":2.511820359339344}",4418.952506810918,bridge:sha256:aaed6a8ae8b9f3568fbf4641dbff8e977447cb25b1ece3f6d57fdfcbe093107f,True,weekly,4443.77096237023,,,,,,bridge:sha256:aaed6a8ae8b9f3568fbf4641dbff8e977447cb25b1ece3f6d57fdfcbe093107f,,estimated,,terminal_close,,signal,,,4431.42032928377,4431.42032928377,4407.052742340578,4418.952506810918,4443.77096237023,4455.318203593393,False,2026-09-04T20:32:12.650755Z,2026-09-04T20:32:12.650755Z,2026-09-04T21:00:00Z,2026-09-04,0.019298023668981482,blend/1,decide/4,0.027545692830352974,0.027545692830352974,0.4631525680555556,commodity:gold|2026-09-04|venue-settlement-value,0
,Silver — Weekly · to Sep 4,False,,commodity,False,commodity:silver:price-outlook:weekly,commodity:silver,asset-price/2,signal,2026-09-04T21:00:00.000000000+00:00,kalshi-settled-print,True,bridge:sha256:ed2613876006731c918d15ed0849d71920dfd4208b75f3394edaae94c1f8b5b9,venue-settlement-value,,0.2085598099474123,,5,0.9,True,66.03093445830433,,True,2026-09-05T00:15:31.506000000+00:00,,65.10008721987418,experimental,67.10716915332131,0.1,e5d69a2d-91ad-4b04-8fd4-7413ba15f3b2,"{""legs"":{},""scoredRungs"":0,""settleByObservable"":{""terminal_close"":66.22},""version"":""settlement/1""}",66.22,pout:pbh:d6967e054818568665f771ebe987c40324784bcf1205b65dc640bddda88972bc:2026-09-04,2026-09-04,po:pbh:d6967e054818568665f771ebe987c40324784bcf1205b65dc640bddda88972bc:2026-09-04:47f8c5a6ef3e223c:d36c7cda37efc288,"{""distribution"":{""crps"":0.2085598099474123,""crpsGridPoints"":5,""crpsPHigh"":0.9,""crpsPLow"":0.1,""inBand"":true,""inWideBand"":true,""pinball"":{""0.1"":0.11199127801258157,""0.25"":0.18631450238412128,""0.5"":0.09453277084783451,""0.75"":0.14165348642034914,""0.9"":0.08871691533213093}},""excursion"":null,""lean"":null,""legBrier"":{""legs"":{},""scoredRungs"":0,""settleByObservable"":{""terminal_close"":66.22},""version"":""settlement/1""},""receipt"":null,""settleBasis"":""venue-settlement-value"",""settleNote"":null,""settleQuality"":{""venueSettlement"":1.0},""settleSource"":""kalshi-settled-print"",""settlementVersion"":""settlement/1""}",True,settlement/1,2026-09-04T21:00:00.000000000+00:00,,terminal_close,"{""0.1"":0.11199127801258157,""0.25"":0.18631450238412128,""0.5"":0.09453277084783451,""0.75"":0.14165348642034914,""0.9"":0.08871691533213093}",65.47474199046351,bridge:sha256:ed2613876006731c918d15ed0849d71920dfd4208b75f3394edaae94c1f8b5b9,True,weekly,66.7866139456814,,,,,,bridge:sha256:ed2613876006731c918d15ed0849d71920dfd4208b75f3394edaae94c1f8b5b9,,estimated,,terminal_close,,signal,,,66.15473439533767,66.03093445830433,65.10008721987418,65.47474199046351,66.7866139456814,67.10716915332131,False,2026-09-04T20:32:12.650755Z,2026-09-04T20:32:12.650755Z,2026-09-04T21:00:00Z,2026-09-04,0.019298023668981482,blend/1,decide/4,-0.2855112378370115,0.2855112378370115,0.4631525680555556,commodity:silver|2026-09-04|venue-settlement-value,0
kalshi,Bitcoin — Daily · to Sep 4,False,,crypto,False,crypto:btc:price-outlook:daily,crypto:btc,asset-price/2,signal,2026-09-04T21:00:00.000000000+00:00,kalshi-settled-print,True,bridge:sha256:d59e17c3866b80c541a4736bab3679c9b4faaa7c8f40f60ae2636d1c6972b904,venue-settlement-value,,79.07365358748314,,5,0.9,True,79720.12286316649,,True,2026-09-05T00:15:52.867000000+00:00,,79119.32021700137,experimental,80350.48811100915,0.1,e5d69a2d-91ad-4b04-8fd4-7413ba15f3b2,"{""legs"":{},""scoredRungs"":0,""settleByObservable"":{""terminal_close"":79714.8},""version"":""settlement/1""}",79714.8,pout:pbh:1e1992ef3ac65bb6f03f3ad6ce7b4645fd7454c948461180e04b32bf8543e1ab:2026-09-04,2026-09-04,po:pbh:1e1992ef3ac65bb6f03f3ad6ce7b4645fd7454c948461180e04b32bf8543e1ab:2026-09-04:47f8c5a6ef3e223c:68c2d338a5b51b42,"{""distribution"":{""crps"":79.07365358748314,""crpsGridPoints"":5,""crpsPHigh"":0.9,""crpsPLow"":0.1,""inBand"":true,""inWideBand"":true,""pinball"":{""0.1"":59.547978299863466,""0.25"":71.68045849477858,""0.5"":2.6614315832412103,""0.75"":76.50808996958585,""0.9"":63.568811100914886}},""excursion"":null,""lean"":null,""legBrier"":{""legs"":{},""scoredRungs"":0,""settleByObservable"":{""terminal_close"":79714.8},""version"":""settlement/1""},""receipt"":null,""settleBasis"":""venue-settlement-value"",""settleNote"":null,""settleQuality"":{""venueSettlement"":1.0},""settleSource"":""kalshi-settled-print"",""settlementVersion"":""settlement/1""}",True,settlement/1,2026-09-04T21:00:00.000000000+00:00,,terminal_close,"{""0.1"":59.547978299863466,""0.25"":71.68045849477858,""0.5"":2.6614315832412103,""0.75"":76.50808996958585,""0.9"":63.568811100914886}",79428.07816602089,bridge:sha256:d59e17c3866b80c541a4736bab3679c9b4faaa7c8f40f60ae2636d1c6972b904,True,daily,80020.83235987835,KXBTCD,,,,,bridge:sha256:d59e17c3866b80c541a4736bab3679c9b4faaa7c8f40f60ae2636d1c6972b904,,estimated,,terminal_close,,signal,,,79719.9679191484,79720.12286316649,79119.32021700137,79428.07816602089,80020.83235987835,80350.48811100915,False,2026-09-04T20:32:12.650755Z,2026-09-04T20:32:12.650755Z,2026-09-04T21:00:00Z,2026-09-04,0.019298023668981482,blend/1,decide/4,0.0066773838314621884,0.0066773838314621884,0.4631525680555556,crypto:btc|2026-09-04|venue-settlement-value,0
kalshi,Bitcoin — Daily · to Aug 15,,,crypto,,crypto:btc:price-outlook:daily,crypto:btc,asset-price/1,signal,2026-08-15T21:00:00.000000000+00:00,hyperliquid-candle,,,hl-candle-close,,24.671251148556912,,5,0.9,True,63053.57593435739,,True,2026-08-15T21:15:21.637000000+00:00,,62885.50051270652,experimental,63200.03184624671,0.1,,"{""legs"":{},""scoredRungs"":0,""settleByObservable"":{""terminal_close"":63072.0},""version"":""settlement/1""}",63072.0,pout:crypto:btc:price-outlook:daily:2026-08-15,2026-08-15,po:crypto:btc:price-outlook:daily:2026-08-15:55cc8a070a78d2ab:bbb2bae9a6cfc51a,"{""distribution"":{""crps"":24.671251148556912,""crpsGridPoints"":5,""crpsPHigh"":0.9,""crpsPLow"":0.1,""inBand"":true,""inWideBand"":true,""pinball"":{""0.1"":18.64994872934767,""0.25"":24.718865250773888,""0.5"":9.212032821305911,""0.75"":13.649296586228957,""0.9"":12.803184624671118}},""excursion"":null,""legBrier"":{""legs"":{},""scoredRungs"":0,""settleByObservable"":{""terminal_close"":63072.0},""version"":""settlement/1""},""receipt"":null,""settleBasis"":""hl-candle-close"",""settleNote"":null,""settleQuality"":{""bars"":120.0,""coverage"":1.0,""droppedCandles"":0.0,""expectedBars"":120.0,""intervalSeconds"":60.0,""maxGapBars"":0.0,""stalenessSeconds"":0.001},""settleSource"":""hyperliquid-candle"",""settlementVersion"":""settlement/1""}",,settlement/1,2026-08-15T20:59:59.999000000+00:00,,terminal_close,"{""0.1"":18.64994872934767,""0.25"":24.718865250773888,""0.5"":9.212032821305911,""0.75"":13.649296586228957,""0.9"":12.803184624671118}",62973.124538996904,,,daily,63126.597186344916,KXBTCD,,,,,,venue,,,terminal_close,,signal,"[{""clampedPercentiles"":[],""contributing"":true,""leg"":""house"",""median"":63048.69569556351,""rawWeight"":0.6,""scaleSource"":""own"",""support"":2748,""weight"":0.7058823529411765},{""clampedPercentiles"":[],""contributing"":true,""leg"":""venue"",""median"":63065.28850746268,""rawWeight"":0.25,""scaleSource"":""own"",""support"":80,""weight"":0.29411764705882354}]",,63048.5,63053.57593435739,62885.50051270652,62973.124538996904,63126.597186344916,63200.03184624671,False,2026-08-15T20:30:35.800397Z,2026-08-15T20:30:35.800397Z,2026-08-15T21:00:00Z,2026-08-15,0.020418976886574073,blend/1,decide/1,-0.029211164451122245,0.029211164451122245,0.4900554452777778,crypto:btc|2026-08-15|hl-candle-close,0
kalshi,Bitcoin — Daily · to Aug 16,,,crypto,,crypto:btc:price-outlook:daily,crypto:btc,asset-price/1,signal,2026-08-16T05:00:00.000000000+00:00,hyperliquid-candle,,,hl-candle-close,,26.399669036652192,,5,0.9,True,63109.534126852384,,True,2026-08-16T05:15:09.233000000+00:00,63071.13565421368,63000.68386389113,experimental,63237.875471940206,0.1,,"{""legs"":{},""scoredRungs"":0,""settleByObservable"":{""terminal_close"":63061.0},""version"":""settlement/1""}",63061.0,pout:crypto:btc:price-outlook:daily:2026-08-16,2026-08-16,po:crypto:btc:price-outlook:daily:2026-08-16:55cc8a070a78d2ab:ebab4bdd422bc74f,"{""distribution"":{""crps"":26.399669036652192,""crpsGridPoints"":5,""crpsPHigh"":0.9,""crpsPLow"":0.1,""inBand"":true,""inWideBand"":true,""pinball"":{""0.1"":6.031613610887144,""0.25"":0.9432125287512463,""0.5"":24.26706342619218,""0.75"":25.827445478298614,""0.9"":17.687547194020585}},""excursion"":null,""legBrier"":{""legs"":{},""scoredRungs"":0,""settleByObservable"":{""terminal_close"":63061.0},""version"":""settlement/1""},""receipt"":null,""settleBasis"":""hl-candle-close"",""settleNote"":null,""settleQuality"":{""bars"":120.0,""coverage"":1.0,""droppedCandles"":0.0,""expectedBars"":120.0,""intervalSeconds"":60.0,""maxGapBars"":0.0,""stalenessSeconds"":0.001},""settleSource"":""hyperliquid-candle"",""settlementVersion"":""settlement/1""}",,settlement/1,2026-08-16T04:59:59.999000000+00:00,,terminal_close,"{""0.1"":6.031613610887144,""0.25"":0.9432125287512463,""0.5"":24.26706342619218,""0.75"":25.827445478298614,""0.9"":17.687547194020585}",63057.227149884995,,,daily,63164.309781913194,KXBTCD,,,,,,venue,,,terminal_close,,signal,"[{""clampedPercentiles"":[],""contributing"":true,""leg"":""house"",""median"":63127.68908711495,""rawWeight"":0.6,""scaleSource"":""own"",""support"":2748,""weight"":0.7058823529411765},{""clampedPercentiles"":[],""contributing"":true,""leg"":""venue"",""median"":63065.96222222222,""rawWeight"":0.25,""scaleSource"":""own"",""support"":188,""weight"":0.29411764705882354}]",,63127.5,63109.534126852384,63000.68386389113,63057.227149884995,63164.309781913194,63237.875471940206,False,2026-08-16T04:30:44.57398Z,2026-08-16T04:30:44.57398Z,2026-08-16T05:00:00Z,2026-08-16,0.020317430787037037,blend/1,decide/1,0.0769637761094565,0.0769637761094565,0.4876183388888889,crypto:btc|2026-08-16|hl-candle-close,0
kalshi,Gold — Daily · to Aug 17,,,commodity,,commodity:gold:price-outlook:daily,commodity:gold,asset-price/1,signal,2026-08-17T00:00:00.000000000+00:00,hyperliquid-candle,,,hl-candle-close,,1.7722807753876806,,5,0.9,True,4375.045188752906,,True,2026-08-17T00:15:17.944000000+00:00,4374.85768622277,4366.262617524782,experimental,4383.251846857665,0.1,,"{""legs"":{},""scoredRungs"":0,""settleByObservable"":{""terminal_close"":4372.4},""version"":""settlement/1""}",4372.4,pout:commodity:gold:price-outlook:daily:2026-08-17,2026-08-17,po:commodity:gold:price-outlook:daily:2026-08-17:55cc8a070a78d2ab:952360ed3fff1f6c,"{""distribution"":{""crps"":1.7722807753876806,""crpsGridPoints"":5,""crpsPHigh"":0.9,""crpsPLow"":0.1,""inBand"":true,""inWideBand"":true,""pinball"":{""0.1"":0.6137382475217237,""0.25"":0.412427244326409,""0.5"":1.322594376453253,""0.75"":1.7279356235931118,""0.9"":1.0851846857665803}},""excursion"":null,""legBrier"":{""legs"":{},""scoredRungs"":0,""settleByObservable"":{""terminal_close"":4372.4},""version"":""settlement/1""},""receipt"":null,""settleBasis"":""hl-candle-close"",""settleNote"":null,""settleQuality"":{""bars"":120.0,""coverage"":1.0,""droppedCandles"":0.0,""expectedBars"":120.0,""intervalSeconds"":60.0,""maxGapBars"":0.0,""stalenessSeconds"":0.001},""settleSource"":""hyperliquid-candle"",""settlementVersion"":""settlement/1""}",,settlement/1,2026-08-16T23:59:59.999000000+00:00,,terminal_close,"{""0.1"":0.6137382475217237,""0.25"":0.412427244326409,""0.5"":1.322594376453253,""0.75"":1.7279356235931118,""0.9"":1.0851846857665803}",4370.750291022694,,,daily,4379.311742494372,KXGOLDH,,,,,,venue,,,terminal_close,,signal,"[{""clampedPercentiles"":[],""contributing"":true,""leg"":""house"",""median"":4375.068184066617,""rawWeight"":0.6,""scaleSource"":""own"",""support"":6115,""weight"":0.7058823529411765},{""clampedPercentiles"":[],""contributing"":true,""leg"":""venue"",""median"":4374.99,""rawWeight"":0.25,""scaleSource"":""own"",""support"":38,""weight"":0.29411764705882354}]",,4375.05,4375.045188752906,4366.262617524782,4370.750291022694,4379.311742494372,4383.251846857665,False,2026-08-16T23:30:49.889239Z,2026-08-16T23:30:49.889239Z,2026-08-17T00:00:00Z,2026-08-17,0.020255911585648146,blend/1,decide/1,0.06049740995577958,0.06049740995577958,0.48614187805555553,commodity:gold|2026-08-17|hl-candle-close,0
kalshi,Silver — Daily · to Aug 17,,,commodity,,commodity:silver:price-outlook:daily,commodity:silver,asset-price/1,signal,2026-08-17T00:00:00.000000000+00:00,hyperliquid-candle,,,hl-candle-close,,0.11007082570777911,,5,0.9,False,65.03945863687784,,False,2026-08-17T00:15:18.583000000+00:00,65.03489707836034,64.84930112699692,experimental,65.22052799214171,0.1,,"{""legs"":{},""scoredRungs"":0,""settleByObservable"":{""terminal_close"":64.848},""version"":""settlement/1""}",64.848,pout:commodity:silver:price-outlook:daily:2026-08-17,2026-08-17,po:commodity:silver:price-outlook:daily:2026-08-17:55cc8a070a78d2ab:96699ccc68216777,"{""distribution"":{""crps"":0.11007082570777911,""crpsGridPoints"":5,""crpsPHigh"":0.9,""crpsPLow"":0.1,""inBand"":false,""inWideBand"":false,""pinball"":{""0.1"":0.0011710142972290783,""0.25"":0.06907046039641784,""0.5"":0.09572931843892007,""0.75"":0.0720360257576047,""0.9"":0.03725279921417125}},""excursion"":null,""legBrier"":{""legs"":{},""scoredRungs"":0,""settleByObservable"":{""terminal_close"":64.848},""version"":""settlement/1""},""receipt"":null,""settleBasis"":""hl-candle-close"",""settleNote"":null,""settleQuality"":{""bars"":120.0,""coverage"":1.0,""droppedCandles"":0.0,""expectedBars"":120.0,""intervalSeconds"":60.0,""maxGapBars"":0.0,""stalenessSeconds"":0.001},""settleSource"":""hyperliquid-candle"",""settlementVersion"":""settlement/1""}",,settlement/1,2026-08-16T23:59:59.999000000+00:00,,terminal_close,"{""0.1"":0.0011710142972290783,""0.25"":0.06907046039641784,""0.5"":0.09572931843892007,""0.75"":0.0720360257576047,""0.9"":0.03725279921417125}",64.94009394719522,,,daily,65.13614410303042,KXSILVERH,,,,,,venue,,,terminal_close,,signal,"[{""clampedPercentiles"":[],""contributing"":true,""leg"":""house"",""median"":65.04589973557694,""rawWeight"":0.6,""scaleSource"":""own"",""support"":6115,""weight"":0.7058823529411765},{""clampedPercentiles"":[],""contributing"":true,""leg"":""venue"",""median"":65.024,""rawWeight"":0.25,""scaleSource"":""own"",""support"":36,""weight"":0.29411764705882354}]",,65.0455,65.03945863687784,64.84930112699692,64.94009394719522,65.13614410303042,65.22052799214171,False,2026-08-16T23:30:49.889239Z,2026-08-16T23:30:49.889239Z,2026-08-17T00:00:00Z,2026-08-17,0.020255911585648146,blend/1,decide/1,0.2952421614819889,0.2952421614819889,0.48614187805555553,commodity:silver|2026-08-17|hl-candle-close,0
kalshi,WTI Crude Oil — Daily · to Aug 17,,,commodity,,commodity:wti:price-outlook:daily,commodity:wti,asset-price/1,signal,2026-08-17T00:00:00.000000000+00:00,hyperliquid-candle,,,hl-candle-close,,0.07122865570287047,,5,0.9,True,81.64060180300581,,True,2026-08-17T00:15:19.209000000+00:00,81.63321017279748,81.32163110971524,experimental,81.96876658914141,0.1,,"{""legs"":{},""scoredRungs"":0,""settleByObservable"":{""terminal_close"":81.527},""version"":""settlement/1""}",81.527,pout:commodity:wti:price-outlook:daily:2026-08-17,2026-08-17,po:commodity:wti:price-outlook:daily:2026-08-17:55cc8a070a78d2ab:7f29ff6e02c71131,"{""distribution"":{""crps"":0.07122865570287047,""crpsGridPoints"":5,""crpsPHigh"":0.9,""crpsPLow"":0.1,""inBand"":true,""inWideBand"":true,""pinball"":{""0.1"":0.02053688902847597,""0.25"":0.013416173225927253,""0.5"":0.0568009015029034,""0.75"":0.06938675867413835,""0.9"":0.044176658914140875}},""excursion"":null,""legBrier"":{""legs"":{},""scoredRungs"":0,""settleByObservable"":{""terminal_close"":81.527},""version"":""settlement/1""},""receipt"":null,""settleBasis"":""hl-candle-close"",""settleNote"":null,""settleQuality"":{""bars"":120.0,""coverage"":1.0,""droppedCandles"":0.0,""expectedBars"":120.0,""intervalSeconds"":60.0,""maxGapBars"":0.0,""stalenessSeconds"":0.001},""settleSource"":""hyperliquid-candle"",""settlementVersion"":""settlement/1""}",,settlement/1,2026-08-16T23:59:59.999000000+00:00,,terminal_close,"{""0.1"":0.02053688902847597,""0.25"":0.013416173225927253,""0.5"":0.0568009015029034,""0.75"":0.06938675867413835,""0.9"":0.044176658914140875}",81.47333530709629,,,daily,81.80454703469655,KXWTIH,,,,,,venue,,,terminal_close,,signal,"[{""clampedPercentiles"":[],""contributing"":true,""leg"":""house"",""median"":81.66168588759156,""rawWeight"":0.6,""scaleSource"":""own"",""support"":6115,""weight"":0.7058823529411765},{""clampedPercentiles"":[],""contributing"":true,""leg"":""venue"",""median"":81.59,""rawWeight"":0.25,""scaleSource"":""own"",""support"":35,""weight"":0.29411764705882354}]",,81.661,81.64060180300581,81.32163110971524,81.47333530709629,81.80454703469655,81.96876658914141,False,2026-08-16T23:30:49.889239Z,2026-08-16T23:30:49.889239Z,2026-08-17T00:00:00Z,2026-08-17,0.020255911585648146,blend/1,decide/1,0.1393425527810502,0.1393425527810502,0.48614187805555553,commodity:wti|2026-08-17|hl-candle-close,0
kalshi,Bitcoin — Daily · to Aug 17,,,crypto,,crypto:btc:price-outlook:daily,crypto:btc,asset-price/1,signal,2026-08-17T00:00:00.000000000+00:00,hyperliquid-candle,,,hl-candle-close,,37.99441023043484,,5,0.9,False,62799.47720368498,,True,2026-08-17T00:15:19.892000000+00:00,62748.00934900641,62668.77440906934,experimental,62936.371432211134,0.1,,"{""legs"":{},""scoredRungs"":0,""settleByObservable"":{""terminal_close"":62873.0},""version"":""settlement/1""}",62873.0,pout:crypto:btc:price-outlook:daily:2026-08-17,2026-08-17,po:crypto:btc:price-outlook:daily:2026-08-17:55cc8a070a78d2ab:3f72a3c63b0e652d,"{""distribution"":{""crps"":37.99441023043484,""crpsGridPoints"":5,""crpsPHigh"":0.9,""crpsPLow"":0.1,""inBand"":false,""inWideBand"":true,""pinball"":{""0.1"":20.42255909306623,""0.25"":33.244354898572055,""0.5"":36.761398157508665,""0.75"":5.755034612811869,""0.9"":6.337143221113363}},""excursion"":null,""legBrier"":{""legs"":{},""scoredRungs"":0,""settleByObservable"":{""terminal_close"":62873.0},""version"":""settlement/1""},""receipt"":null,""settleBasis"":""hl-candle-close"",""settleNote"":null,""settleQuality"":{""bars"":120.0,""coverage"":1.0,""droppedCandles"":0.0,""expectedBars"":120.0,""intervalSeconds"":60.0,""maxGapBars"":0.0,""stalenessSeconds"":0.001},""settleSource"":""hyperliquid-candle"",""settlementVersion"":""settlement/1""}",,settlement/1,2026-08-16T23:59:59.999000000+00:00,,terminal_close,"{""0.1"":20.42255909306623,""0.25"":33.244354898572055,""0.5"":36.761398157508665,""0.75"":5.755034612811869,""0.9"":6.337143221113363}",62740.02258040571,,,daily,62865.32662051625,KXBTCD,,,,,,venue,,,terminal_close,,signal,"[{""clampedPercentiles"":[],""contributing"":true,""leg"":""house"",""median"":62808.68814172832,""rawWeight"":0.6,""scaleSource"":""own"",""support"":2748,""weight"":0.7058823529411765},{""clampedPercentiles"":[],""contributing"":true,""leg"":""venue"",""median"":62777.37095238095,""rawWeight"":0.25,""scaleSource"":""own"",""support"":188,""weight"":0.29411764705882354}]",,62808.5,62799.47720368498,62668.77440906934,62740.02258040571,62865.32662051625,62936.371432211134,False,2026-08-16T23:30:49.889239Z,2026-08-16T23:30:49.889239Z,2026-08-17T00:00:00Z,2026-08-17,0.020255911585648146,blend/1,decide/1,-0.11693858463095021,0.11693858463095021,0.48614187805555553,crypto:btc|2026-08-17|hl-candle-close,0
kalshi,Copper — Daily · to Aug 17,,,commodity,,commodity:copper:price-outlook:daily,commodity:copper,asset-price/1,signal,2026-08-17T21:00:00.000000000+00:00,hyperliquid-candle,,,hl-candle-close,,0.023225573235636874,,5,0.9,False,6.68496456037782,,False,2026-08-17T21:15:16.728000000+00:00,6.684144818121854,6.672983138038961,experimental,6.694639878132449,0.1,,"{""legs"":{},""scoredRungs"":0,""settleByObservable"":{""terminal_close"":6.7167},""version"":""settlement/1""}",6.7167,pout:commodity:copper:price-outlook:daily:2026-08-17,2026-08-17,po:commodity:copper:price-outlook:daily:2026-08-17:55cc8a070a78d2ab:a03c68a43030d1f2,"{""distribution"":{""crps"":0.023225573235636874,""crpsGridPoints"":5,""crpsPHigh"":0.9,""crpsPLow"":0.1,""inBand"":false,""inWideBand"":false,""pinball"":{""0.1"":0.0043716861961039305,""0.25"":0.009268281615389506,""0.5"":0.015867719811090364,""0.75"":0.019876328256002163,""0.9"":0.019854109680796216}},""excursion"":null,""legBrier"":{""legs"":{},""scoredRungs"":0,""settleByObservable"":{""terminal_close"":6.7167},""version"":""settlement/1""},""receipt"":null,""settleBasis"":""hl-candle-close"",""settleNote"":null,""settleQuality"":{""bars"":120.0,""coverage"":1.0,""droppedCandles"":0.0,""expectedBars"":120.0,""intervalSeconds"":60.0,""maxGapBars"":0.0,""stalenessSeconds"":0.001},""settleSource"":""hyperliquid-candle"",""settlementVersion"":""settlement/1""}",,settlement/1,2026-08-17T20:59:59.999000000+00:00,,terminal_close,"{""0.1"":0.0043716861961039305,""0.25"":0.009268281615389506,""0.5"":0.015867719811090364,""0.75"":0.019876328256002163,""0.9"":0.019854109680796216}",6.679626873538442,,,daily,6.6901982289919975,KXCOPPERD,,,,,,venue,,,terminal_close,,signal,"[{""clampedPercentiles"":[],""contributing"":true,""leg"":""house"",""median"":6.716720627201911,""rawWeight"":0.6,""scaleSource"":""own"",""support"":6115,""weight"":0.7058823529411765},{""clampedPercentiles"":[],""contributing"":true,""leg"":""venue"",""median"":6.60875,""rawWeight"":0.25,""scaleSource"":""own"",""support"":50,""weight"":0.29411764705882354}]",,6.7167,6.68496456037782,6.672983138038961,6.679626873538442,6.6901982289919975,6.694639878132449,False,2026-08-17T20:30:41.794378Z,2026-08-17T20:30:41.794378Z,2026-08-17T21:00:00Z,2026-08-17,0.02034960210648148,blend/1,decide/1,-0.47248558997991164,0.47248558997991164,0.4883904505555555,commodity:copper|2026-08-17|hl-candle-close,0
kalshi,Copper — Weekly · to Aug 17,,,commodity,,commodity:copper:price-outlook:weekly,commodity:copper,asset-price/1,signal,2026-08-17T21:00:00.000000000+00:00,hyperliquid-candle,,,hl-candle-close,,0.015497669052621798,,5,0.9,True,6.739630894017428,,True,2026-08-17T21:15:17.319000000+00:00,6.737748456083499,6.663552770090041,experimental,6.812804413105736,0.1,,"{""legs"":{},""scoredRungs"":0,""settleByObservable"":{""terminal_close"":6.7167},""version"":""settlement/1""}",6.7167,pout:commodity:copper:price-outlook:weekly:2026-08-17,2026-08-17,po:commodity:copper:price-outlook:weekly:2026-08-17:55cc8a070a78d2ab:5e436b9511b5605f,"{""distribution"":{""crps"":0.015497669052621798,""crpsGridPoints"":5,""crpsPHigh"":0.9,""crpsPLow"":0.1,""inBand"":true,""inWideBand"":true,""pinball"":{""0.1"":0.005314722990995957,""0.25"":0.003943930670772922,""0.5"":0.01146544700871388,""0.75"":0.014871496586800648,""0.9"":0.009610441310573578}},""excursion"":null,""legBrier"":{""legs"":{},""scoredRungs"":0,""settleByObservable"":{""terminal_close"":6.7167},""version"":""settlement/1""},""receipt"":null,""settleBasis"":""hl-candle-close"",""settleNote"":null,""settleQuality"":{""bars"":120.0,""coverage"":1.0,""droppedCandles"":0.0,""expectedBars"":120.0,""intervalSeconds"":60.0,""maxGapBars"":0.0,""stalenessSeconds"":0.001},""settleSource"":""hyperliquid-candle"",""settlementVersion"":""settlement/1""}",,settlement/1,2026-08-17T20:59:59.999000000+00:00,,terminal_close,"{""0.1"":0.005314722990995957,""0.25"":0.003943930670772922,""0.5"":0.01146544700871388,""0.75"":0.014871496586800648,""0.9"":0.009610441310573578}",6.700924277316909,,,weekly,6.776185986347203,KXCOPPERD,,,,,,venue,,,terminal_close,,signal,"[{""clampedPercentiles"":[],""contributing"":true,""leg"":""house"",""median"":6.772523076869517,""rawWeight"":0.6,""scaleSource"":""own"",""support"":6115,""weight"":0.7058823529411765},{""clampedPercentiles"":[],""contributing"":true,""leg"":""venue"",""median"":6.660689655172414,""rawWeight"":0.25,""scaleSource"":""own"",""support"":44,""weight"":0.29411764705882354}]",,6.7715,6.739630894017428,6.663552770090041,6.700924277316909,6.776185986347203,6.812804413105736,False,2026-08-16T21:30:47.241356Z,2026-08-16T21:30:47.241356Z,2026-08-17T21:00:00Z,2026-08-17,0.9786198917129629,blend/1,decide/1,0.3414011942982083,0.3414011942982083,23.486877401111112,commodity:copper|2026-08-17|hl-candle-close,0
kalshi,Gold — Weekly · to Aug 17,,,commodity,,commodity:gold:price-outlook:weekly,commodity:gold,asset-price/1,signal,2026-08-17T21:00:00.000000000+00:00,hyperliquid-candle,,,hl-candle-close,,22.175309106034476,,5,0.9,False,4377.490001310182,,True,2026-08-17T21:15:17.833000000+00:00,4376.150269017299,4317.147999255646,experimental,4435.444786871723,0.1,,"{""legs"":{""q"":{""brier"":0.27606746,""leg"":""q"",""meanOutcome"":1.0,""meanProbability"":0.47457878,""n"":1,""reason"":null,""unscored"":{""grid_no_probability"":40}}},""scoredRungs"":1,""settleByObservable"":{""terminal_close"":4417.9},""version"":""settlement/1""}",4417.9,pout:commodity:gold:price-outlook:weekly:2026-08-17,2026-08-17,po:commodity:gold:price-outlook:weekly:2026-08-17:55cc8a070a78d2ab:9a124fad0ec71d79,"{""distribution"":{""crps"":22.175309106034476,""crpsGridPoints"":5,""crpsPHigh"":0.9,""crpsPLow"":0.1,""inBand"":false,""inWideBand"":true,""pinball"":{""0.1"":10.075200074435362,""0.25"":17.634041114314186,""0.5"":20.20499934490863,""0.75"":8.111852934033323,""0.9"":1.7544786871723768}},""excursion"":null,""legBrier"":{""legs"":{""q"":{""brier"":0.27606746,""leg"":""q"",""meanOutcome"":1.0,""meanProbability"":0.47457878,""n"":1,""reason"":null,""unscored"":{""grid_no_probability"":40}}},""scoredRungs"":1,""settleByObservable"":{""terminal_close"":4417.9},""version"":""settlement/1""},""receipt"":null,""settleBasis"":""hl-candle-close"",""settleNote"":null,""settleQuality"":{""bars"":120.0,""coverage"":1.0,""droppedCandles"":0.0,""expectedBars"":120.0,""intervalSeconds"":60.0,""maxGapBars"":0.0,""stalenessSeconds"":0.001},""settleSource"":""hyperliquid-candle"",""settlementVersion"":""settlement/1""}",,settlement/1,2026-08-17T20:59:59.999000000+00:00,,terminal_close,"{""0.1"":10.075200074435362,""0.25"":17.634041114314186,""0.5"":20.20499934490863,""0.75"":8.111852934033323,""0.9"":1.7544786871723768}",4347.363835542743,,,weekly,4407.084196087955,KXGOLDD,,,,,,venue,,,terminal_close,,signal,"[{""clampedPercentiles"":[],""contributing"":true,""leg"":""house"",""median"":4377.628379049073,""rawWeight"":0.6,""scaleSource"":""own"",""support"":6115,""weight"":0.7058823529411765},{""clampedPercentiles"":[],""contributing"":true,""leg"":""venue"",""median"":4377.1578947368425,""rawWeight"":0.25,""scaleSource"":""own"",""support"":40,""weight"":0.29411764705882354}]",,4376.75,4377.490001310182,4317.147999255646,4347.363835542743,4407.084196087955,4435.444786871723,False,2026-08-16T21:30:47.241356Z,2026-08-16T21:30:47.241356Z,2026-08-17T21:00:00Z,2026-08-17,0.9786198917129629,blend/1,decide/1,-0.9146879442680291,0.9146879442680291,23.486877401111112,commodity:gold|2026-08-17|hl-candle-close,1
kalshi,Silver — Weekly · to Aug 17,,,commodity,,commodity:silver:price-outlook:weekly,commodity:silver,asset-price/1,signal,2026-08-17T21:00:00.000000000+00:00,hyperliquid-candle,,,hl-candle-close,,0.5854626007157248,,5,0.9,False,64.79785696826649,,True,2026-08-17T21:15:20.183000000+00:00,64.76599848010967,63.32528550452282,experimental,66.18285002015378,0.1,,"{""legs"":{},""scoredRungs"":0,""settleByObservable"":{""terminal_close"":65.837},""version"":""settlement/1""}",65.837,pout:commodity:silver:price-outlook:weekly:2026-08-17,2026-08-17,po:commodity:silver:price-outlook:weekly:2026-08-17:55cc8a070a78d2ab:54d6a44a004bf641,"{""distribution"":{""crps"":0.5854626007157248,""crpsGridPoints"":5,""crpsPHigh"":0.9,""crpsPLow"":0.1,""inBand"":false,""inWideBand"":true,""pinball"":{""0.1"":0.2511714495477186,""0.25"":0.4458870207094492,""0.5"":0.5195715158667582,""0.75"":0.261146416910254,""0.9"":0.03458500201537759}},""excursion"":null,""legBrier"":{""legs"":{},""scoredRungs"":0,""settleByObservable"":{""terminal_close"":65.837},""version"":""settlement/1""},""receipt"":null,""settleBasis"":""hl-candle-close"",""settleNote"":null,""settleQuality"":{""bars"":120.0,""coverage"":1.0,""droppedCandles"":0.0,""expectedBars"":120.0,""intervalSeconds"":60.0,""maxGapBars"":0.0,""stalenessSeconds"":0.001},""settleSource"":""hyperliquid-candle"",""settlementVersion"":""settlement/1""}",,settlement/1,2026-08-17T20:59:59.999000000+00:00,,terminal_close,"{""0.1"":0.2511714495477186,""0.25"":0.4458870207094492,""0.5"":0.5195715158667582,""0.75"":0.261146416910254,""0.9"":0.03458500201537759}",64.0534519171622,,,weekly,65.488804777453,KXSILVERD,,,,,,venue,,,terminal_close,,signal,"[{""clampedPercentiles"":[],""contributing"":true,""leg"":""house"",""median"":64.77372685889034,""rawWeight"":0.6,""scaleSource"":""own"",""support"":6115,""weight"":0.7058823529411765},{""clampedPercentiles"":[],""contributing"":true,""leg"":""venue"",""median"":64.85576923076923,""rawWeight"":0.25,""scaleSource"":""own"",""support"":40,""weight"":0.29411764705882354}]",,64.7545,64.79785696826649,63.32528550452282,64.0534519171622,65.488804777453,66.18285002015378,False,2026-08-16T21:30:47.241356Z,2026-08-16T21:30:47.241356Z,2026-08-17T21:00:00Z,2026-08-17,0.9786198917129629,blend/1,decide/1,-1.5783572029915038,1.5783572029915038,23.486877401111112,commodity:silver|2026-08-17|hl-candle-close,0
kalshi,Gold — Daily · to Aug 18,,,commodity,,commodity:gold:price-outlook:daily,commodity:gold,asset-price/1,signal,2026-08-18T00:00:00.000000000+00:00,hyperliquid-candle,,,hl-candle-close,,2.2263405975724484,,5,0.9,False,4421.188519432567,,True,2026-08-18T00:15:21.312000000+00:00,4420.979448473343,4413.278072454219,experimental,4428.965049788768,0.1,,"{""legs"":{},""scoredRungs"":0,""settleByObservable"":{""terminal_close"":4425.4},""version"":""settlement/1""}",4425.4,pout:commodity:gold:price-outlook:daily:2026-08-18,2026-08-18,po:commodity:gold:price-outlook:daily:2026-08-18:55cc8a070a78d2ab:5cd45138ab2d8abf,"{""distribution"":{""crps"":2.2263405975724484,""crpsGridPoints"":5,""crpsPHigh"":0.9,""crpsPLow"":0.1,""inBand"":false,""inWideBand"":true,""pinball"":{""0.1"":1.2121927545780637,""0.25"":2.028085649616287,""0.5"":2.1057402837163863,""0.75"":0.31732883962376945,""0.9"":0.35650497887681915}},""excursion"":null,""legBrier"":{""legs"":{},""scoredRungs"":0,""settleByObservable"":{""terminal_close"":4425.4},""version"":""settlement/1""},""receipt"":null,""settleBasis"":""hl-candle-close"",""settleNote"":null,""settleQuality"":{""bars"":120.0,""coverage"":1.0,""droppedCandles"":0.0,""expectedBars"":120.0,""intervalSeconds"":60.0,""maxGapBars"":0.0,""stalenessSeconds"":0.001},""settleSource"":""hyperliquid-candle"",""settlementVersion"":""settlement/1""}",,settlement/1,2026-08-17T23:59:59.999000000+00:00,,terminal_close,"{""0.1"":1.2121927545780637,""0.25"":2.028085649616287,""0.5"":2.1057402837163863,""0.75"":0.31732883962376945,""0.9"":0.35650497887681915}",4417.2876574015345,,,daily,4424.976894880501,KXGOLDH,,,,,,venue,,,terminal_close,,signal,"[{""clampedPercentiles"":[],""contributing"":true,""leg"":""house"",""median"":4421.068244409811,""rawWeight"":0.6,""scaleSource"":""own"",""support"":6115,""weight"":0.7058823529411765},{""clampedPercentiles"":[],""contributing"":true,""leg"":""venue"",""median"":4421.4771794871795,""rawWeight"":0.25,""scaleSource"":""own"",""support"":38,""weight"":0.29411764705882354}]",,4421.05,4421.188519432567,4413.278072454219,4417.2876574015345,4424.976894880501,4428.965049788768,False,2026-08-17T23:30:47.826685Z,2026-08-17T23:30:47.826685Z,2026-08-18T00:00:00Z,2026-08-18,0.020279783738425927,blend/1,decide/1,-0.09516609950361037,0.09516609950361037,0.4867148097222222,commodity:gold|2026-08-18|hl-candle-close,0
kalshi,Silver — Daily · to Aug 18,,,commodity,,commodity:silver:price-outlook:daily,commodity:silver,asset-price/1,signal,2026-08-18T00:00:00.000000000+00:00,hyperliquid-candle,,,hl-candle-close,,0.07804884503936968,,5,0.9,False,65.86324798933435,,True,2026-08-18T00:15:22.568000000+00:00,65.8718979015862,65.68107336454172,experimental,66.08208837545675,0.1,,"{""legs"":{},""scoredRungs"":0,""settleByObservable"":{""terminal_close"":66.001},""version"":""settlement/1""}",66.001,pout:commodity:silver:price-outlook:daily:2026-08-18,2026-08-18,po:commodity:silver:price-outlook:daily:2026-08-18:55cc8a070a78d2ab:2e4e351480f62f65,"{""distribution"":{""crps"":0.07804884503936968,""crpsGridPoints"":5,""crpsPHigh"":0.9,""crpsPLow"":0.1,""inBand"":false,""inWideBand"":true,""pinball"":{""0.1"":0.03199266354582875,""0.25"":0.05592900507286913,""0.5"":0.06887600533282523,""0.75"":0.038060037950209846,""0.9"":0.008108837545674418}},""excursion"":null,""legBrier"":{""legs"":{},""scoredRungs"":0,""settleByObservable"":{""terminal_close"":66.001},""version"":""settlement/1""},""receipt"":null,""settleBasis"":""hl-candle-close"",""settleNote"":null,""settleQuality"":{""bars"":120.0,""coverage"":1.0,""droppedCandles"":0.0,""expectedBars"":120.0,""intervalSeconds"":60.0,""maxGapBars"":0.0,""stalenessSeconds"":0.001},""settleSource"":""hyperliquid-candle"",""settlementVersion"":""settlement/1""}",,settlement/1,2026-08-17T23:59:59.999000000+00:00,,terminal_close,"{""0.1"":0.03199266354582875,""0.25"":0.05592900507286913,""0.5"":0.06887600533282523,""0.75"":0.038060037950209846,""0.9"":0.008108837545674418}",65.77728397970853,,,daily,65.95025328273306,KXSILVERH,,,,,,venue,,,terminal_close,,signal,"[{""clampedPercentiles"":[],""contributing"":true,""leg"":""house"",""median"":65.87140096361372,""rawWeight"":0.6,""scaleSource"":""own"",""support"":6115,""weight"":0.7058823529411765},{""clampedPercentiles"":[],""contributing"":true,""leg"":""venue"",""median"":65.84368085106384,""rawWeight"":0.25,""scaleSource"":""own"",""support"":16,""weight"":0.29411764705882354}]",,65.871,65.86324798933435,65.68107336454172,65.77728397970853,65.95025328273306,66.08208837545675,False,2026-08-17T23:30:47.826685Z,2026-08-17T23:30:47.826685Z,2026-08-18T00:00:00Z,2026-08-18,0.020279783738425927,blend/1,decide/1,-0.20871200537211626,0.20871200537211626,0.4867148097222222,commodity:silver|2026-08-18|hl-candle-close,0
kalshi,WTI Crude Oil — Daily · to Aug 18,,,commodity,,commodity:wti:price-outlook:daily,commodity:wti,asset-price/1,signal,2026-08-18T00:00:00.000000000+00:00,hyperliquid-candle,,,hl-candle-close,,0.10238606925436479,,5,0.9,True,84.17685888526587,,True,2026-08-18T00:15:23.524000000+00:00,84.06348158378168,83.45788579789728,experimental,84.5703794557437,0.1,,"{""legs"":{},""scoredRungs"":0,""settleByObservable"":{""terminal_close"":84.06},""version"":""settlement/1""}",84.06,pout:commodity:wti:price-outlook:daily:2026-08-18,2026-08-18,po:commodity:wti:price-outlook:daily:2026-08-18:55cc8a070a78d2ab:c46ed12d6ab97f52,"{""distribution"":{""crps"":0.10238606925436479,""crpsGridPoints"":5,""crpsPHigh"":0.9,""crpsPLow"":0.1,""inBand"":true,""inWideBand"":true,""pinball"":{""0.1"":0.06021142021027259,""0.25"":0.07474682807291799,""0.5"":0.058429442632935036,""0.75"":0.0664630296025841,""0.9"":0.05103794557437026}},""excursion"":null,""legBrier"":{""legs"":{},""scoredRungs"":0,""settleByObservable"":{""terminal_close"":84.06},""version"":""settlement/1""},""receipt"":null,""settleBasis"":""hl-candle-close"",""settleNote"":null,""settleQuality"":{""bars"":120.0,""coverage"":1.0,""droppedCandles"":0.0,""expectedBars"":120.0,""intervalSeconds"":60.0,""maxGapBars"":0.0,""stalenessSeconds"":0.001},""settleSource"":""hyperliquid-candle"",""settlementVersion"":""settlement/1""}",,settlement/1,2026-08-17T23:59:59.999000000+00:00,,terminal_close,"{""0.1"":0.06021142021027259,""0.25"":0.07474682807291799,""0.5"":0.058429442632935036,""0.75"":0.0664630296025841,""0.9"":0.05103794557437026}",83.76101268770833,,,daily,84.32585211841034,KXWTIH,,,,,,venue,,,terminal_close,,signal,"[{""clampedPercentiles"":[],""contributing"":true,""leg"":""house"",""median"":84.17971675412664,""rawWeight"":0.6,""scaleSource"":""own"",""support"":6115,""weight"":0.7058823529411765},{""clampedPercentiles"":[],""contributing"":true,""leg"":""venue"",""median"":84.17,""rawWeight"":0.25,""scaleSource"":""own"",""support"":21,""weight"":0.29411764705882354}]",,84.179,84.17685888526587,83.45788579789728,83.76101268770833,84.32585211841034,84.5703794557437,False,2026-08-17T23:30:47.826685Z,2026-08-17T23:30:47.826685Z,2026-08-18T00:00:00Z,2026-08-18,0.020279783738425927,blend/1,decide/1,0.13901842168197726,0.13901842168197726,0.4867148097222222,commodity:wti|2026-08-18|hl-candle-close,0
kalshi,Bitcoin — Daily · to Aug 18,,,crypto,,crypto:btc:price-outlook:daily,crypto:btc,asset-price/1,signal,2026-08-18T00:00:00.000000000+00:00,hyperliquid-candle,,,hl-candle-close,,41.24886360126162,,5,0.9,False,64417.004589933,,True,2026-08-18T00:15:24.222000000+00:00,64387.25863842246,64279.01461895858,experimental,64556.39633834678,0.1,,"{""legs"":{},""scoredRungs"":0,""settleByObservable"":{""terminal_close"":64494.0},""version"":""settlement/1""}",64494.0,pout:crypto:btc:price-outlook:daily:2026-08-18,2026-08-18,po:crypto:btc:price-outlook:daily:2026-08-18:55cc8a070a78d2ab:3b678bd23a9de27b,"{""distribution"":{""crps"":41.24886360126162,""crpsGridPoints"":5,""crpsPHigh"":0.9,""crpsPLow"":0.1,""inBand"":false,""inWideBand"":true,""pinball"":{""0.1"":21.498538104142064,""0.25"":36.12506416679753,""0.5"":38.4977050335001,""0.75"":8.473149067423947,""0.9"":6.2396338346778055}},""excursion"":null,""legBrier"":{""legs"":{},""scoredRungs"":0,""settleByObservable"":{""terminal_close"":64494.0},""version"":""settlement/1""},""receipt"":null,""settleBasis"":""hl-candle-close"",""settleNote"":null,""settleQuality"":{""bars"":120.0,""coverage"":1.0,""droppedCandles"":0.0,""expectedBars"":120.0,""intervalSeconds"":60.0,""maxGapBars"":0.0,""stalenessSeconds"":0.001},""settleSource"":""hyperliquid-candle"",""settlementVersion"":""settlement/1""}",,settlement/1,2026-08-17T23:59:59.999000000+00:00,,terminal_close,"{""0.1"":21.498538104142064,""0.25"":36.12506416679753,""0.5"":38.4977050335001,""0.75"":8.473149067423947,""0.9"":6.2396338346778055}",64349.49974333281,,,daily,64482.7024679101,KXBTCD,,,,,,venue,,,terminal_close,,signal,"[{""clampedPercentiles"":[],""contributing"":true,""leg"":""house"",""median"":64416.715530182846,""rawWeight"":0.6,""scaleSource"":""own"",""support"":2748,""weight"":0.7058823529411765},{""clampedPercentiles"":[],""contributing"":true,""leg"":""venue"",""median"":64417.698333333334,""rawWeight"":0.25,""scaleSource"":""own"",""support"":188,""weight"":0.29411764705882354}]",,64416.5,64417.004589933,64279.01461895858,64349.49974333281,64482.7024679101,64556.39633834678,False,2026-08-17T23:30:47.826685Z,2026-08-17T23:30:47.826685Z,2026-08-18T00:00:00Z,2026-08-18,0.020279783738425927,blend/1,decide/1,-0.11938383425900113,0.11938383425900113,0.4867148097222222,crypto:btc|2026-08-18|hl-candle-close,0
kalshi,Copper — Short · Daily · to Aug 25,False,-1.394138,commodity,False,commodity:copper:price-outlook:daily,commodity:copper,asset-price/2,signal,2026-08-25T21:00:00.000000000+00:00,hyperliquid-candle,True,sha256:0f2f004be8916598e63af4dc583d567bdd10dd91992e94db198507a13ec5fd47,hl-candle-close,True,0.07657288742460039,6.721,5,0.9,False,6.6527027833727646,short,False,2026-08-25T21:15:14.281000000+00:00,6.69531905660041,6.618639511042156,experimental,6.800781117576006,0.1,ca075b03-6488-4722-8a4a-48fe6bc36d9d,"{""legs"":{""venue"":{""brier"":0.05461176,""leg"":""venue"",""meanOutcome"":1.0,""meanProbability"":0.92705882,""n"":17,""reason"":null,""unscored"":{""grid_no_probability"":33}}},""scoredRungs"":17,""settleByObservable"":{""terminal_close"":6.8147},""version"":""settlement/1""}",6.8147,pout:pbh:b73de04c8209ac6d3216fe782b150a5d861db53a5a80310ab3fb6fb26df9f2b7:2026-08-25,2026-08-25,po:commodity:copper:price-outlook:daily:2026-08-25:28c5fee0172ce716:2152bdf0e3aa4446,"{""distribution"":{""crps"":0.07657288742460039,""crpsGridPoints"":5,""crpsPHigh"":0.9,""crpsPLow"":0.1,""inBand"":false,""inWideBand"":false,""pinball"":{""0.1"":0.019606048895784413,""0.25"":0.04363560829833246,""0.5"":0.08099860831361783,""0.75"":0.034498458717128866,""0.9"":0.012526994181595174}},""excursion"":{""bars"":20.0,""coverage"":1.0,""droppedCandles"":0.0,""expectedBars"":19.0,""intervalSeconds"":3600.0,""maxGapBars"":0.0},""legBrier"":{""legs"":{""venue"":{""brier"":0.05461176,""leg"":""venue"",""meanOutcome"":1.0,""meanProbability"":0.92705882,""n"":17,""reason"":null,""unscored"":{""grid_no_probability"":33}}},""scoredRungs"":17,""settleByObservable"":{""terminal_close"":6.8147},""version"":""settlement/1""},""receipt"":{""barrierNote"":null,""costPct"":null,""entryRefPrice"":6.721,""exitPrice"":6.8147,""exitReason"":""anchor"",""grossReturnPct"":-1.394138,""hitStop"":null,""hitTarget"":true,""netReturnPct"":null,""netReturnReason"":""no_cost_basis"",""realizedPct"":-1.394138,""settlePrice"":6.8147,""side"":""short""},""settleBasis"":""hl-candle-close"",""settleNote"":null,""settleQuality"":{""bars"":120.0,""coverage"":1.0,""droppedCandles"":0.0,""expectedBars"":120.0,""intervalSeconds"":60.0,""maxGapBars"":0.0,""stalenessSeconds"":0.001},""settleSource"":""hyperliquid-candle"",""settlementVersion"":""settlement/1""}",True,settlement/1,2026-08-25T20:59:59.999000000+00:00,psig:commodity:copper:price-outlook:daily:2026-08-25:r1,terminal_close,"{""0.1"":0.019606048895784413,""0.25"":0.04363560829833246,""0.5"":0.08099860831361783,""0.75"":0.034498458717128866,""0.9"":0.012526994181595174}",6.64015756680667,sha256:0f2f004be8916598e63af4dc583d567bdd10dd91992e94db198507a13ec5fd47,True,daily,6.768702055043828,KXCOPPERD,,,,,sha256:0f2f004be8916598e63af4dc583d567bdd10dd91992e94db198507a13ec5fd47,spot,verified,,terminal_close,,signal,"[{""clampedPercentiles"":[],""contributing"":true,""leg"":""house"",""median"":6.813922461609259,""rawWeight"":0.2,""scaleSource"":""own"",""support"":6115,""weight"":0.2},{""clampedPercentiles"":[],""contributing"":true,""leg"":""venue"",""median"":6.708679245283019,""rawWeight"":0.1,""scaleSource"":""own"",""support"":50,""weight"":0.1},{""clampedPercentiles"":[],""contributing"":true,""leg"":""q"",""median"":6.596859980557155,""rawWeight"":0.7,""scaleSource"":""own"",""support"":11,""weight"":0.7}]",,6.8139,6.6527027833727646,6.618639511042156,6.64015756680667,6.768702055043828,6.800781117576006,False,2026-08-25T20:30:36.217794Z,2026-08-25T20:30:36.217794Z,2026-08-25T21:00:00Z,2026-08-25,0.020414145902777778,blend/1,decide/3,-2.3771731202728756,2.3771731202728756,0.48993950166666667,commodity:copper|2026-08-25|hl-candle-close,0
,Copper — Short · Two-day · to Aug 25,False,-2.592397,commodity,False,commodity:copper:price-outlook:two-day,commodity:copper,asset-price/2,projection,2026-08-25T21:00:00.000000000+00:00,hyperliquid-candle,True,sha256:0f2f004be8916598e63af4dc583d567bdd10dd91992e94db198507a13ec5fd47,hl-candle-close,False,0.12752055764321218,6.6425,5,0.9,False,6.63035722886517,short,False,2026-08-25T21:15:15.056000000+00:00,6.629030154327625,6.53472064950329,experimental,6.721634890543257,0.1,ca075b03-6488-4722-8a4a-48fe6bc36d9d,"{""legs"":{},""scoredRungs"":0,""settleByObservable"":{""terminal_close"":6.8147},""version"":""settlement/1""}",6.8147,pout:pbh:ccea33e77128dbd52265ecffacc45c3320ab0bd6937a6327678683f4faf75af0:2026-08-25,2026-08-25,po:commodity:copper:price-outlook:two-day:2026-08-25:28c5fee0172ce716:a146e6ac09738ee5,"{""distribution"":{""crps"":0.12752055764321218,""crpsGridPoints"":5,""crpsPHigh"":0.9,""crpsPLow"":0.1,""inBand"":false,""inWideBand"":false,""pinball"":{""0.1"":0.027997935049670988,""0.25"":0.05783398794518635,""0.5"":0.09217138556741489,""0.75"":0.103844474118298,""0.9"":0.08375859851106907}},""excursion"":{""bars"":65.0,""coverage"":1.0,""droppedCandles"":0.0,""expectedBars"":64.0,""intervalSeconds"":3600.0,""maxGapBars"":0.0},""legBrier"":{""legs"":{},""scoredRungs"":0,""settleByObservable"":{""terminal_close"":6.8147},""version"":""settlement/1""},""receipt"":{""barrierNote"":null,""costPct"":null,""entryRefPrice"":6.6425,""exitPrice"":6.8147,""exitReason"":""anchor"",""grossReturnPct"":-2.592397,""hitStop"":null,""hitTarget"":false,""netReturnPct"":null,""netReturnReason"":""no_cost_basis"",""realizedPct"":-2.592397,""settlePrice"":6.8147,""side"":""short""},""settleBasis"":""hl-candle-close"",""settleNote"":null,""settleQuality"":{""bars"":120.0,""coverage"":1.0,""droppedCandles"":0.0,""expectedBars"":120.0,""intervalSeconds"":60.0,""maxGapBars"":0.0,""stalenessSeconds"":0.001},""settleSource"":""hyperliquid-candle"",""settlementVersion"":""settlement/1""}",True,settlement/1,2026-08-25T20:59:59.999000000+00:00,psig:commodity:copper:price-outlook:two-day:2026-08-25:r56,terminal_close,"{""0.1"":0.027997935049670988,""0.25"":0.05783398794518635,""0.5"":0.09217138556741489,""0.75"":0.103844474118298,""0.9"":0.08375859851106907}",6.583364048219255,sha256:0f2f004be8916598e63af4dc583d567bdd10dd91992e94db198507a13ec5fd47,True,two-day,6.676240701175603,,,,,,sha256:0f2f004be8916598e63af4dc583d567bdd10dd91992e94db198507a13ec5fd47,spot,verified,,terminal_close,,projection,"[{""clampedPercentiles"":[],""contributing"":true,""leg"":""house"",""median"":6.659515646976046,""rawWeight"":0.2,""scaleSource"":""own"",""support"":6115,""weight"":0.22222222222222227},{""clampedPercentiles"":[],""contributing"":true,""leg"":""q"",""median"":6.622026252262064,""rawWeight"":0.7,""scaleSource"":""own"",""support"":6115,""weight"":0.7777777777777778}]",,6.6577,6.63035722886517,6.53472064950329,6.583364048219255,6.676240701175603,6.721634890543257,False,2026-08-24T03:30:32.345485Z,2026-08-24T03:30:32.345485Z,2026-08-25T21:00:00Z,2026-08-25,1.728792297627315,blend/1,decide/3,-2.7050753684656663,2.7050753684656663,41.491015143055556,commodity:copper|2026-08-25|hl-candle-close,0
,Copper — Short · Two-day · to Aug 25,False,-2.592397,commodity,False,commodity:copper:price-outlook:two-day,commodity:copper,asset-price/2,coverage,2026-08-25T21:00:00.000000000+00:00,hyperliquid-candle,True,,hl-candle-close,False,0.08102994869942245,6.6425,5,0.9,False,6.673057812364574,short,True,2026-08-25T21:15:15.750000000+00:00,6.671319522574733,6.506664969925307,experimental,6.833527696972538,0.1,ca075b03-6488-4722-8a4a-48fe6bc36d9d,"{""legs"":{},""scoredRungs"":0,""settleByObservable"":{""terminal_close"":6.8147},""version"":""settlement/1""}",6.8147,pout:commodity:copper:price-outlook:two-day:2026-08-25,2026-08-25,po:commodity:copper:price-outlook:two-day:2026-08-25:17104ba73f25c049:2f09d2ce5b109d0f,"{""distribution"":{""crps"":0.08102994869942245,""crpsGridPoints"":5,""crpsPHigh"":0.9,""crpsPLow"":0.1,""inBand"":false,""inWideBand"":true,""pinball"":{""0.1"":0.030803503007469327,""0.25"":0.05590649613076293,""0.5"":0.07082109381771318,""0.75"":0.04588465608138059,""0.9"":0.0018827696972537385}},""excursion"":{""bars"":65.0,""coverage"":1.0,""droppedCandles"":0.0,""expectedBars"":64.0,""intervalSeconds"":3600.0,""maxGapBars"":0.0},""legBrier"":{""legs"":{},""scoredRungs"":0,""settleByObservable"":{""terminal_close"":6.8147},""version"":""settlement/1""},""receipt"":{""barrierNote"":null,""costPct"":null,""entryRefPrice"":6.6425,""exitPrice"":6.8147,""exitReason"":""anchor"",""grossReturnPct"":-2.592397,""hitStop"":null,""hitTarget"":false,""netReturnPct"":null,""netReturnReason"":""no_cost_basis"",""realizedPct"":-2.592397,""settlePrice"":6.8147,""side"":""short""},""settleBasis"":""hl-candle-close"",""settleNote"":null,""settleQuality"":{""bars"":120.0,""coverage"":1.0,""droppedCandles"":0.0,""expectedBars"":120.0,""intervalSeconds"":60.0,""maxGapBars"":0.0,""stalenessSeconds"":0.001},""settleSource"":""hyperliquid-candle"",""settlementVersion"":""settlement/1""}",True,settlement/1,2026-08-25T20:59:59.999000000+00:00,psig:commodity:copper:price-outlook:two-day:2026-08-25:r56,terminal_close,"{""0.1"":0.030803503007469327,""0.25"":0.05590649613076293,""0.5"":0.07082109381771318,""0.75"":0.04588465608138059,""0.9"":0.0018827696972537385}",6.5910740154769485,,True,two-day,6.753520458558159,,,,,,,,,,terminal_close,,coverage,"[{""clampedPercentiles"":[],""contributing"":true,""leg"":""house"",""median"":6.673057812364574,""rawWeight"":0.45,""scaleSource"":""own"",""support"":6115,""weight"":1.0}]",,6.6679,6.673057812364574,6.506664969925307,6.5910740154769485,6.753520458558159,6.833527696972538,False,2026-08-21T06:32:38.868782Z,2026-08-21T06:32:38.868782Z,2026-08-25T21:00:00Z,2026-08-25,4.602327907615741,blend/1,decide/2,-2.0784801625225815,2.0784801625225815,110.45586978277778,commodity:copper|2026-08-25|hl-candle-close,0
kalshi,Gold — Short · Daily · to Aug 25,False,0.063293,commodity,False,commodity:gold:price-outlook:daily,commodity:gold,asset-price/2,signal,2026-08-25T21:00:00.000000000+00:00,hyperliquid-candle,True,sha256:41d500799246285dfc4a1707649247b61ba6feb25a7ff84b5de0bdd816e0a6a5,hl-candle-close,False,21.528820057559102,4660.85,5,0.9,True,4620.938530839326,short,True,2026-08-25T21:15:16.443000000+00:00,4612.486296202994,4531.322841107091,experimental,4680.550763278174,0.1,ca075b03-6488-4722-8a4a-48fe6bc36d9d,"{""legs"":{""venue"":{""brier"":0.0434369,""leg"":""venue"",""meanOutcome"":0.85714286,""meanProbability"":0.90690476,""n"":21,""reason"":null,""unscored"":{""grid_no_probability"":19}}},""scoredRungs"":21,""settleByObservable"":{""terminal_close"":4657.9},""version"":""settlement/1""}",4657.9,pout:pbh:81b465de68b34d8be1132c53259cc922d726d69bc59cf1b4b9b92e5d660126bd:2026-08-25,2026-08-25,po:commodity:gold:price-outlook:daily:2026-08-25:28c5fee0172ce716:35378a4a56630979,"{""distribution"":{""crps"":21.528820057559102,""crpsGridPoints"":5,""crpsPHigh"":0.9,""crpsPLow"":0.1,""inBand"":true,""inWideBand"":true,""pinball"":{""0.1"":12.65771588929083,""0.25"":24.041567414260726,""0.5"":18.480734580336957,""0.75"":1.0835174228002415,""0.9"":2.265076327817405}},""excursion"":{""bars"":2.0,""coverage"":1.0,""droppedCandles"":0.0,""expectedBars"":1.0,""intervalSeconds"":3600.0,""maxGapBars"":0.0},""legBrier"":{""legs"":{""venue"":{""brier"":0.0434369,""leg"":""venue"",""meanOutcome"":0.85714286,""meanProbability"":0.90690476,""n"":21,""reason"":null,""unscored"":{""grid_no_probability"":19}}},""scoredRungs"":21,""settleByObservable"":{""terminal_close"":4657.9},""version"":""settlement/1""},""receipt"":{""barrierNote"":null,""costPct"":null,""entryRefPrice"":4660.85,""exitPrice"":4657.9,""exitReason"":""anchor"",""grossReturnPct"":0.063293,""hitStop"":null,""hitTarget"":false,""netReturnPct"":null,""netReturnReason"":""no_cost_basis"",""realizedPct"":0.063293,""settlePrice"":4657.9,""side"":""short""},""settleBasis"":""hl-candle-close"",""settleNote"":null,""settleQuality"":{""bars"":120.0,""coverage"":1.0,""droppedCandles"":0.0,""expectedBars"":120.0,""intervalSeconds"":60.0,""maxGapBars"":0.0,""stalenessSeconds"":0.001},""settleSource"":""hyperliquid-candle"",""settlementVersion"":""settlement/1""}",True,settlement/1,2026-08-25T20:59:59.999000000+00:00,psig:commodity:gold:price-outlook:daily:2026-08-25:r19,terminal_close,"{""0.1"":12.65771588929083,""0.25"":24.041567414260726,""0.5"":18.480734580336957,""0.75"":1.0835174228002415,""0.9"":2.265076327817405}",4561.733730342957,sha256:41d500799246285dfc4a1707649247b61ba6feb25a7ff84b5de0bdd816e0a6a5,True,daily,4662.234069691201,KXGOLDD,,,,,sha256:41d500799246285dfc4a1707649247b61ba6feb25a7ff84b5de0bdd816e0a6a5,spot,verified,,terminal_close,,signal,"[{""clampedPercentiles"":[],""contributing"":true,""leg"":""house"",""median"":4663.071687689145,""rawWeight"":0.2,""scaleSource"":""own"",""support"":6115,""weight"":0.2},{""clampedPercentiles"":[],""contributing"":true,""leg"":""venue"",""median"":4666.750494,""rawWeight"":0.1,""scaleSource"":""own"",""support"":39,""weight"":0.1},{""clampedPercentiles"":[0.1,0.9],""contributing"":true,""leg"":""q"",""median"":4600.608239783285,""rawWeight"":0.7,""scaleSource"":""own"",""support"":9,""weight"":0.7}]",,4663.05,4620.938530839326,4531.322841107091,4561.733730342957,4662.234069691201,4680.550763278174,False,2026-08-25T20:30:36.217794Z,2026-08-25T20:30:36.217794Z,2026-08-25T21:00:00Z,2026-08-25,0.020414145902777778,blend/1,decide/3,-0.7935221700911121,0.7935221700911121,0.48993950166666667,commodity:gold|2026-08-25|hl-candle-close,0
,Gold — Two-day · to Aug 25,False,,commodity,False,commodity:gold:price-outlook:two-day,commodity:gold,asset-price/2,coverage,2026-08-25T21:00:00.000000000+00:00,hyperliquid-candle,True,sha256:41d500799246285dfc4a1707649247b61ba6feb25a7ff84b5de0bdd816e0a6a5,hl-candle-close,,14.355259896924636,,5,0.9,True,4650.104813317191,,True,2026-08-25T21:15:16.971000000+00:00,4648.957692769172,4552.297970190598,experimental,4744.065299975328,0.1,ca075b03-6488-4722-8a4a-48fe6bc36d9d,"{""legs"":{},""scoredRungs"":0,""settleByObservable"":{""terminal_close"":4657.9},""version"":""settlement/1""}",4657.9,pout:pbh:5609a87c813a056fc3a7f2709ebae2b375a9b46885b64d59eaca9bfa1bf01187:2026-08-25,2026-08-25,po:commodity:gold:price-outlook:two-day:2026-08-25:28c5fee0172ce716:3d2a0cb34d1e91b4,"{""distribution"":{""crps"":14.355259896924636,""crpsGridPoints"":5,""crpsPHigh"":0.9,""crpsPLow"":0.1,""inBand"":true,""inWideBand"":true,""pinball"":{""0.1"":10.560202980940176,""0.25"":13.98425244741793,""0.5"":3.897593341404445,""0.75"":9.84063075121071,""0.9"":8.616529997532869}},""excursion"":null,""legBrier"":{""legs"":{},""scoredRungs"":0,""settleByObservable"":{""terminal_close"":4657.9},""version"":""settlement/1""},""receipt"":null,""settleBasis"":""hl-candle-close"",""settleNote"":null,""settleQuality"":{""bars"":120.0,""coverage"":1.0,""droppedCandles"":0.0,""expectedBars"":120.0,""intervalSeconds"":60.0,""maxGapBars"":0.0,""stalenessSeconds"":0.001},""settleSource"":""hyperliquid-candle"",""settlementVersion"":""settlement/1""}",True,settlement/1,2026-08-25T20:59:59.999000000+00:00,,terminal_close,"{""0.1"":10.560202980940176,""0.25"":13.98425244741793,""0.5"":3.897593341404445,""0.75"":9.84063075121071,""0.9"":8.616529997532869}",4601.962990210328,sha256:41d500799246285dfc4a1707649247b61ba6feb25a7ff84b5de0bdd816e0a6a5,True,two-day,4697.2625230048425,,,,,,sha256:41d500799246285dfc4a1707649247b61ba6feb25a7ff84b5de0bdd816e0a6a5,spot,verified,,terminal_close,,coverage,"[{""clampedPercentiles"":[],""contributing"":true,""leg"":""house"",""median"":4650.104813317191,""rawWeight"":0.2,""scaleSource"":""own"",""support"":6115,""weight"":1.0}]",,4648.25,4650.104813317191,4552.297970190598,4601.962990210328,4697.2625230048425,4744.065299975328,False,2026-08-24T03:30:32.345485Z,2026-08-24T03:30:32.345485Z,2026-08-25T21:00:00Z,2026-08-25,1.728792297627315,blend/1,decide/3,-0.1673541012647092,0.1673541012647092,41.491015143055556,commodity:gold|2026-08-25|hl-candle-close,0
,Gold — Two-day · to Aug 25,False,,commodity,False,commodity:gold:price-outlook:two-day,commodity:gold,asset-price/2,coverage,2026-08-25T21:00:00.000000000+00:00,hyperliquid-candle,True,,hl-candle-close,,47.04304845947961,,5,0.9,False,4568.561073041058,,True,2026-08-25T21:15:17.552000000+00:00,4567.447284833384,4404.5722099480445,experimental,4728.456627418221,0.1,ca075b03-6488-4722-8a4a-48fe6bc36d9d,"{""legs"":{},""scoredRungs"":0,""settleByObservable"":{""terminal_close"":4657.9},""version"":""settlement/1""}",4657.9,pout:commodity:gold:price-outlook:two-day:2026-08-25,2026-08-25,po:commodity:gold:price-outlook:two-day:2026-08-25:17104ba73f25c049:56ee212799b7a0b8,"{""distribution"":{""crps"":47.04304845947961,""crpsGridPoints"":5,""crpsPHigh"":0.9,""crpsPLow"":0.1,""inBand"":false,""inWideBand"":true,""pinball"":{""0.1"":25.33277900519552,""0.25"":42.59247611169258,""0.5"":44.66946347947078,""0.75"":7.032650032536367,""0.9"":7.055662741822105}},""excursion"":null,""legBrier"":{""legs"":{},""scoredRungs"":0,""settleByObservable"":{""terminal_close"":4657.9},""version"":""settlement/1""},""receipt"":null,""settleBasis"":""hl-candle-close"",""settleNote"":null,""settleQuality"":{""bars"":120.0,""coverage"":1.0,""droppedCandles"":0.0,""expectedBars"":120.0,""intervalSeconds"":60.0,""maxGapBars"":0.0,""stalenessSeconds"":0.001},""settleSource"":""hyperliquid-candle"",""settlementVersion"":""settlement/1""}",True,settlement/1,2026-08-25T20:59:59.999000000+00:00,,terminal_close,"{""0.1"":25.33277900519552,""0.25"":42.59247611169258,""0.5"":44.66946347947078,""0.75"":7.032650032536367,""0.9"":7.055662741822105}",4487.530095553229,,True,two-day,4648.523133289951,,,,,,,,,,terminal_close,,coverage,"[{""clampedPercentiles"":[],""contributing"":true,""leg"":""house"",""median"":4568.561073041058,""rawWeight"":0.45,""scaleSource"":""own"",""support"":6115,""weight"":1.0}]",,4563.45,4568.561073041058,4404.5722099480445,4487.530095553229,4648.523133289951,4728.456627418221,False,2026-08-21T06:32:38.868782Z,2026-08-21T06:32:38.868782Z,2026-08-25T21:00:00Z,2026-08-25,4.602327907615741,blend/1,decide/2,-1.91800869402395,1.91800869402395,110.45586978277778,commodity:gold|2026-08-25|hl-candle-close,0
kalshi,Silver — Long · Daily · to Aug 25,False,-0.073502,commodity,False,commodity:silver:price-outlook:daily,commodity:silver,asset-price/2,signal,2026-08-25T21:00:00.000000000+00:00,hyperliquid-candle,True,sha256:d235229f7a0265cadb35bded984071e4ca8f8bc0db78f2a4b897ac2a0482525e,hl-candle-close,True,0.25160585121756873,68.7055,5,0.9,False,69.09797681736956,long,True,2026-08-25T21:15:21.899000000+00:00,68.86122018205567,67.57351220616712,experimental,69.72086161441565,0.1,ca075b03-6488-4722-8a4a-48fe6bc36d9d,"{""legs"":{""venue"":{""brier"":0.03398913,""leg"":""venue"",""meanOutcome"":0.82608696,""meanProbability"":0.86434783,""n"":23,""reason"":null,""unscored"":{""grid_no_probability"":17}}},""scoredRungs"":23,""settleByObservable"":{""terminal_close"":68.655},""version"":""settlement/1""}",68.655,pout:pbh:9e7dc4c3c9728b993a5f35078e4b591c832b3ab4cfbf9f5d694e4bc116b49daa:2026-08-25,2026-08-25,po:commodity:silver:price-outlook:daily:2026-08-25:28c5fee0172ce716:941164856b913dfa,"{""distribution"":{""crps"":0.25160585121756873,""crpsGridPoints"":5,""crpsPHigh"":0.9,""crpsPLow"":0.1,""inBand"":false,""inWideBand"":true,""pinball"":{""0.1"":0.10814877938328778,""0.25"":0.05702465826197667,""0.5"":0.22148840868477748,""0.75"":0.21460385611665345,""0.9"":0.10658616144156523}},""excursion"":{""bars"":4.0,""coverage"":1.0,""droppedCandles"":0.0,""expectedBars"":3.0,""intervalSeconds"":3600.0,""maxGapBars"":0.0},""legBrier"":{""legs"":{""venue"":{""brier"":0.03398913,""leg"":""venue"",""meanOutcome"":0.82608696,""meanProbability"":0.86434783,""n"":23,""reason"":null,""unscored"":{""grid_no_probability"":17}}},""scoredRungs"":23,""settleByObservable"":{""terminal_close"":68.655},""version"":""settlement/1""},""receipt"":{""barrierNote"":null,""costPct"":null,""entryRefPrice"":68.7055,""exitPrice"":68.655,""exitReason"":""anchor"",""grossReturnPct"":-0.073502,""hitStop"":null,""hitTarget"":true,""netReturnPct"":null,""netReturnReason"":""no_cost_basis"",""realizedPct"":-0.073502,""settlePrice"":68.655,""side"":""long""},""settleBasis"":""hl-candle-close"",""settleNote"":null,""settleQuality"":{""bars"":120.0,""coverage"":1.0,""droppedCandles"":0.0,""expectedBars"":120.0,""intervalSeconds"":60.0,""maxGapBars"":0.0,""stalenessSeconds"":0.001},""settleSource"":""hyperliquid-candle"",""settlementVersion"":""settlement/1""}",True,settlement/1,2026-08-25T20:59:59.999000000+00:00,psig:commodity:silver:price-outlook:daily:2026-08-25:r17,terminal_close,"{""0.1"":0.10814877938328778,""0.25"":0.05702465826197667,""0.5"":0.22148840868477748,""0.75"":0.21460385611665345,""0.9"":0.10658616144156523}",68.73103287768264,sha256:d235229f7a0265cadb35bded984071e4ca8f8bc0db78f2a4b897ac2a0482525e,True,daily,69.51341542446661,KXSILVERD,,,,,sha256:d235229f7a0265cadb35bded984071e4ca8f8bc0db78f2a4b897ac2a0482525e,spot,verified,,terminal_close,,signal,"[{""clampedPercentiles"":[],""contributing"":true,""leg"":""house"",""median"":68.90099305394335,""rawWeight"":0.2,""scaleSource"":""own"",""support"":6115,""weight"":0.2},{""clampedPercentiles"":[],""contributing"":true,""leg"":""venue"",""median"":68.86756260273972,""rawWeight"":0.1,""scaleSource"":""own"",""support"":39,""weight"":0.1},{""clampedPercentiles"":[0.9],""contributing"":true,""leg"":""q"",""median"":69.22739692103976,""rawWeight"":0.7,""scaleSource"":""own"",""support"":12,""weight"":0.7}]",,68.9005,69.09797681736956,67.57351220616712,68.73103287768264,69.51341542446661,69.72086161441565,False,2026-08-25T20:30:36.217794Z,2026-08-25T20:30:36.217794Z,2026-08-25T21:00:00Z,2026-08-25,0.020414145902777778,blend/1,decide/3,0.6452214949669434,0.6452214949669434,0.48993950166666667,commodity:silver|2026-08-25|hl-candle-close,0
,Silver — Two-day · to Aug 25,False,,commodity,False,commodity:silver:price-outlook:two-day,commodity:silver,asset-price/2,coverage,2026-08-25T21:00:00.000000000+00:00,hyperliquid-candle,True,sha256:d235229f7a0265cadb35bded984071e4ca8f8bc0db78f2a4b897ac2a0482525e,hl-candle-close,,0.3942246524835809,,5,0.9,True,69.08728095988748,,True,2026-08-25T21:15:22.407000000+00:00,69.06946204386648,66.84428705613838,experimental,71.26676745981828,0.1,ca075b03-6488-4722-8a4a-48fe6bc36d9d,"{""legs"":{},""scoredRungs"":0,""settleByObservable"":{""terminal_close"":68.655},""version"":""settlement/1""}",68.655,pout:pbh:3e6666059d701feb669495fcc242711077cbebbea547efd44f04487d9424f2d7:2026-08-25,2026-08-25,po:commodity:silver:price-outlook:two-day:2026-08-25:28c5fee0172ce716:fff9984253f350c7,"{""distribution"":{""crps"":0.3942246524835809,""crpsGridPoints"":5,""crpsPHigh"":0.9,""crpsPLow"":0.1,""inBand"":true,""inWideBand"":true,""pinball"":{""0.1"":0.1810712943861617,""0.25"":0.168760744837531,""0.5"":0.2161404799437392,""0.75"":0.380782271303751,""0.9"":0.2611767459818281}},""excursion"":null,""legBrier"":{""legs"":{},""scoredRungs"":0,""settleByObservable"":{""terminal_close"":68.655},""version"":""settlement/1""},""receipt"":null,""settleBasis"":""hl-candle-close"",""settleNote"":null,""settleQuality"":{""bars"":120.0,""coverage"":1.0,""droppedCandles"":0.0,""expectedBars"":120.0,""intervalSeconds"":60.0,""maxGapBars"":0.0,""stalenessSeconds"":0.001},""settleSource"":""hyperliquid-candle"",""settlementVersion"":""settlement/1""}",True,settlement/1,2026-08-25T20:59:59.999000000+00:00,,terminal_close,"{""0.1"":0.1810712943861617,""0.25"":0.168760744837531,""0.5"":0.2161404799437392,""0.75"":0.380782271303751,""0.9"":0.2611767459818281}",67.97995702064988,sha256:d235229f7a0265cadb35bded984071e4ca8f8bc0db78f2a4b897ac2a0482525e,True,two-day,70.178129085215,,,,,,sha256:d235229f7a0265cadb35bded984071e4ca8f8bc0db78f2a4b897ac2a0482525e,spot,verified,,terminal_close,,coverage,"[{""clampedPercentiles"":[],""contributing"":true,""leg"":""house"",""median"":69.08728095988748,""rawWeight"":0.2,""scaleSource"":""own"",""support"":6115,""weight"":1.0}]",,69.0445,69.08728095988748,66.84428705613838,67.97995702064988,70.178129085215,71.26676745981828,False,2026-08-24T03:30:32.345485Z,2026-08-24T03:30:32.345485Z,2026-08-25T21:00:00Z,2026-08-25,1.728792297627315,blend/1,decide/3,0.6296423565471974,0.6296423565471974,41.491015143055556,commodity:silver|2026-08-25|hl-candle-close,0
,Silver — Two-day · to Aug 25,False,,commodity,False,commodity:silver:price-outlook:two-day,commodity:silver,asset-price/2,coverage,2026-08-25T21:00:00.000000000+00:00,hyperliquid-candle,True,,hl-candle-close,,0.6267428046271303,,5,0.9,True,69.12610072727458,,True,2026-08-25T21:15:23.012000000+00:00,69.12800376352958,65.1864537593872,experimental,73.0507495416571,0.1,ca075b03-6488-4722-8a4a-48fe6bc36d9d,"{""legs"":{},""scoredRungs"":0,""settleByObservable"":{""terminal_close"":68.655},""version"":""settlement/1""}",68.655,pout:commodity:silver:price-outlook:two-day:2026-08-25,2026-08-25,po:commodity:silver:price-outlook:two-day:2026-08-25:17104ba73f25c049:116ae3a13ed37b77,"{""distribution"":{""crps"":0.6267428046271303,""crpsGridPoints"":5,""crpsPHigh"":0.9,""crpsPLow"":0.1,""inBand"":true,""inWideBand"":true,""pinball"":{""0.1"":0.34685462406127954,""0.25"":0.37161750141683925,""0.5"":0.23555036363728732,""0.75"":0.6058904637692564,""0.9"":0.4395749541657095}},""excursion"":null,""legBrier"":{""legs"":{},""scoredRungs"":0,""settleByObservable"":{""terminal_close"":68.655},""version"":""settlement/1""},""receipt"":null,""settleBasis"":""hl-candle-close"",""settleNote"":null,""settleQuality"":{""bars"":120.0,""coverage"":1.0,""droppedCandles"":0.0,""expectedBars"":120.0,""intervalSeconds"":60.0,""maxGapBars"":0.0,""stalenessSeconds"":0.001},""settleSource"":""hyperliquid-candle"",""settlementVersion"":""settlement/1""}",True,settlement/1,2026-08-25T20:59:59.999000000+00:00,,terminal_close,"{""0.1"":0.34685462406127954,""0.25"":0.37161750141683925,""0.5"":0.23555036363728732,""0.75"":0.6058904637692564,""0.9"":0.4395749541657095}",67.16852999433264,,True,two-day,71.07856185507703,,,,,,,,,,terminal_close,,coverage,"[{""clampedPercentiles"":[],""contributing"":true,""leg"":""house"",""median"":69.12610072727458,""rawWeight"":0.45,""scaleSource"":""own"",""support"":6115,""weight"":1.0}]",,69.002,69.12610072727458,65.1864537593872,67.16852999433264,71.07856185507703,73.0507495416571,False,2026-08-21T06:32:38.868782Z,2026-08-21T06:32:38.868782Z,2026-08-25T21:00:00Z,2026-08-25,4.602327907615741,blend/1,decide/2,0.6861856052357069,0.6861856052357069,110.45586978277778,commodity:silver|2026-08-25|hl-candle-close,0
,WTI Crude Oil — Two-day · to Aug 25,False,,commodity,False,commodity:wti:price-outlook:two-day,commodity:wti,asset-price/2,coverage,2026-08-25T21:00:00.000000000+00:00,hyperliquid-candle,True,sha256:46c2ae7e0818d1019f57a01bdc99207a8d1a27d52940e85a78a6901163e048cd,hl-candle-close,,3.017746652115068,,5,0.9,False,85.61580349707086,,False,2026-08-25T21:15:23.632000000+00:00,85.5935011167454,82.92151550423206,experimental,88.23119266884176,0.1,ca075b03-6488-4722-8a4a-48fe6bc36d9d,"{""legs"":{},""scoredRungs"":0,""settleByObservable"":{""terminal_close"":81.103},""version"":""settlement/1""}",81.103,pout:pbh:323d15865d18f10e64f259a67796ede9f7ab6846ea2c2f7839684383c0b7ea2a:2026-08-25,2026-08-25,po:commodity:wti:price-outlook:two-day:2026-08-25:28c5fee0172ce716:24dbc3e4fa0bc9e8,"{""distribution"":{""crps"":3.017746652115068,""crpsGridPoints"":5,""crpsPHigh"":0.9,""crpsPLow"":0.1,""inBand"":false,""inWideBand"":false,""pinball"":{""0.1"":1.6366639538088605,""0.25"":2.38727307515164,""0.5"":2.2564017485354313,""0.75"":1.4555351617068517,""0.9"":0.7128192668841761}},""excursion"":null,""legBrier"":{""legs"":{},""scoredRungs"":0,""settleByObservable"":{""terminal_close"":81.103},""version"":""settlement/1""},""receipt"":null,""settleBasis"":""hl-candle-close"",""settleNote"":null,""settleQuality"":{""bars"":120.0,""coverage"":1.0,""droppedCandles"":0.0,""expectedBars"":120.0,""intervalSeconds"":60.0,""maxGapBars"":0.0,""stalenessSeconds"":0.001},""settleSource"":""hyperliquid-candle"",""settlementVersion"":""settlement/1""}",True,settlement/1,2026-08-25T20:59:59.999000000+00:00,,terminal_close,"{""0.1"":1.6366639538088605,""0.25"":2.38727307515164,""0.5"":2.2564017485354313,""0.75"":1.4555351617068517,""0.9"":0.7128192668841761}",84.28603076686885,sha256:46c2ae7e0818d1019f57a01bdc99207a8d1a27d52940e85a78a6901163e048cd,True,two-day,86.9251406468274,,,,,,sha256:46c2ae7e0818d1019f57a01bdc99207a8d1a27d52940e85a78a6901163e048cd,spot,verified,,terminal_close,,coverage,"[{""clampedPercentiles"":[],""contributing"":true,""leg"":""house"",""median"":85.73043152195689,""rawWeight"":0.2,""scaleSource"":""own"",""support"":6115,""weight"":1.0}]",,85.679,85.61580349707086,82.92151550423206,84.28603076686885,86.9251406468274,88.23119266884176,False,2026-08-24T03:30:32.345485Z,2026-08-24T03:30:32.345485Z,2026-08-25T21:00:00Z,2026-08-25,1.728792297627315,blend/1,decide/3,5.564286767531241,5.564286767531241,41.491015143055556,commodity:wti|2026-08-25|hl-candle-close,0
,WTI Crude Oil — Two-day · to Aug 25,False,,commodity,False,commodity:wti:price-outlook:two-day,commodity:wti,asset-price/2,coverage,2026-08-25T21:00:00.000000000+00:00,hyperliquid-candle,True,,hl-candle-close,,3.22763675949101,,5,0.9,False,86.45169071825728,,False,2026-08-25T21:15:24.172000000+00:00,86.45128645057156,81.66400647440115,experimental,91.21325193151624,0.1,ca075b03-6488-4722-8a4a-48fe6bc36d9d,"{""legs"":{},""scoredRungs"":0,""settleByObservable"":{""terminal_close"":81.103},""version"":""settlement/1""}",81.103,pout:commodity:wti:price-outlook:two-day:2026-08-25,2026-08-25,po:commodity:wti:price-outlook:two-day:2026-08-25:17104ba73f25c049:bab32cf06124b146,"{""distribution"":{""crps"":3.22763675949101,""crpsGridPoints"":5,""crpsPHigh"":0.9,""crpsPLow"":0.1,""inBand"":false,""inWideBand"":false,""pinball"":{""0.1"":0.5049058269610385,""0.25"":2.2280706969902084,""0.5"":2.674345359128644,""0.75"":1.9296153702842638,""0.9"":1.0110251931516243}},""excursion"":null,""legBrier"":{""legs"":{},""scoredRungs"":0,""settleByObservable"":{""terminal_close"":81.103},""version"":""settlement/1""},""receipt"":null,""settleBasis"":""hl-candle-close"",""settleNote"":null,""settleQuality"":{""bars"":120.0,""coverage"":1.0,""droppedCandles"":0.0,""expectedBars"":120.0,""intervalSeconds"":60.0,""maxGapBars"":0.0,""stalenessSeconds"":0.001},""settleSource"":""hyperliquid-candle"",""settlementVersion"":""settlement/1""}",True,settlement/1,2026-08-25T20:59:59.999000000+00:00,,terminal_close,"{""0.1"":0.5049058269610385,""0.25"":2.2280706969902084,""0.5"":2.674345359128644,""0.75"":1.9296153702842638,""0.9"":1.0110251931516243}",84.07376092932027,,True,two-day,88.82146148113705,,,,,,,,,,terminal_close,,coverage,"[{""clampedPercentiles"":[],""contributing"":true,""leg"":""house"",""median"":86.45169071825728,""rawWeight"":0.45,""scaleSource"":""own"",""support"":6115,""weight"":1.0}]",,86.301,86.45169071825728,81.66400647440115,84.07376092932027,88.82146148113705,91.21325193151624,False,2026-08-21T06:32:38.868782Z,2026-08-21T06:32:38.868782Z,2026-08-25T21:00:00Z,2026-08-25,4.602327907615741,blend/1,decide/2,6.594935721560594,6.594935721560594,110.45586978277778,commodity:wti|2026-08-25|hl-candle-close,0
kalshi,Bitcoin — Long · Daily · to Aug 25,False,-0.855568,crypto,False,crypto:btc:price-outlook:daily,crypto:btc,asset-price/2,signal,2026-08-25T21:00:00.000000000+00:00,hyperliquid-candle,True,sha256:f9d5ffd9409636486eafaa9b610b6bd5648edcb519051333e245de0740e38dab,hl-candle-close,True,450.3321503379854,78836.5,5,0.9,True,79123.90504405933,long,True,2026-08-25T21:15:24.908000000+00:00,79077.77326937152,77750.81162914475,experimental,80787.38184887703,0.1,ca075b03-6488-4722-8a4a-48fe6bc36d9d,"{""legs"":{""venue"":{""brier"":0.04369706,""leg"":""venue"",""meanOutcome"":0.88235294,""meanProbability"":0.93058824,""n"":51,""reason"":null,""unscored"":{""grid_no_probability"":29}}},""scoredRungs"":51,""settleByObservable"":{""terminal_close"":78162.0},""version"":""settlement/1""}",78162.0,pout:pbh:cc628804f79ff4b92a26159bca4be46d5e6894c9d31ef786b5dc1852a3fb4517:2026-08-25,2026-08-25,po:crypto:btc:price-outlook:daily:2026-08-25:28c5fee0172ce716:501bace5270a9ba6,"{""distribution"":{""crps"":450.3321503379854,""crpsGridPoints"":5,""crpsPHigh"":0.9,""crpsPLow"":0.1,""inBand"":true,""inWideBand"":true,""pinball"":{""0.1"":41.118837085524866,""0.25"":20.319078040916793,""0.5"":480.95252202966367,""0.75"":390.4492620270066,""0.9"":262.5381848877033}},""excursion"":{""bars"":4.0,""coverage"":1.0,""droppedCandles"":0.0,""expectedBars"":3.0,""intervalSeconds"":3600.0,""maxGapBars"":0.0},""legBrier"":{""legs"":{""venue"":{""brier"":0.04369706,""leg"":""venue"",""meanOutcome"":0.88235294,""meanProbability"":0.93058824,""n"":51,""reason"":null,""unscored"":{""grid_no_probability"":29}}},""scoredRungs"":51,""settleByObservable"":{""terminal_close"":78162.0},""version"":""settlement/1""},""receipt"":{""barrierNote"":null,""costPct"":null,""entryRefPrice"":78836.5,""exitPrice"":78162.0,""exitReason"":""anchor"",""grossReturnPct"":-0.855568,""hitStop"":null,""hitTarget"":true,""netReturnPct"":null,""netReturnReason"":""no_cost_basis"",""realizedPct"":-0.855568,""settlePrice"":78162.0,""side"":""long""},""settleBasis"":""hl-candle-close"",""settleNote"":null,""settleQuality"":{""bars"":120.0,""coverage"":1.0,""droppedCandles"":0.0,""expectedBars"":120.0,""intervalSeconds"":60.0,""maxGapBars"":0.0,""stalenessSeconds"":0.001},""settleSource"":""hyperliquid-candle"",""settlementVersion"":""settlement/1""}",True,settlement/1,2026-08-25T20:59:59.999000000+00:00,psig:crypto:btc:price-outlook:daily:2026-08-25:r21,terminal_close,"{""0.1"":41.118837085524866,""0.25"":20.319078040916793,""0.5"":480.95252202966367,""0.75"":390.4492620270066,""0.9"":262.5381848877033}",78080.72368783633,sha256:f9d5ffd9409636486eafaa9b610b6bd5648edcb519051333e245de0740e38dab,True,daily,79723.79704810803,KXBTCD,,,,,sha256:f9d5ffd9409636486eafaa9b610b6bd5648edcb519051333e245de0740e38dab,spot,verified,,terminal_close,,signal,"[{""clampedPercentiles"":[],""contributing"":true,""leg"":""house"",""median"":78741.0452251326,""rawWeight"":0.2,""scaleSource"":""own"",""support"":2748,""weight"":0.2},{""clampedPercentiles"":[],""contributing"":true,""leg"":""venue"",""median"":78836.22679303,""rawWeight"":0.1,""scaleSource"":""own"",""support"":80,""weight"":0.1},{""clampedPercentiles"":[0.9],""contributing"":true,""leg"":""q"",""median"":79337.6255660385,""rawWeight"":0.7,""scaleSource"":""own"",""support"":14,""weight"":0.7}]",,78740.5,79123.90504405933,77750.81162914475,78080.72368783633,79723.79704810803,80787.38184887703,False,2026-08-25T20:30:36.217794Z,2026-08-25T20:30:36.217794Z,2026-08-25T21:00:00Z,2026-08-25,0.020414145902777778,blend/1,decide/3,1.2306556178953039,1.2306556178953039,0.48993950166666667,crypto:btc|2026-08-25|hl-candle-close,0
,Bitcoin — Two-day · to Aug 25,False,,crypto,False,crypto:btc:price-outlook:two-day,crypto:btc,asset-price/2,projection,2026-08-25T21:00:00.000000000+00:00,hyperliquid-candle,True,sha256:f9d5ffd9409636486eafaa9b610b6bd5648edcb519051333e245de0740e38dab,hl-candle-close,,527.379717251574,,5,0.9,True,77799.190851637,,True,2026-08-25T21:15:25.506000000+00:00,77954.95478944224,74364.76925283701,experimental,81655.37922553443,0.1,ca075b03-6488-4722-8a4a-48fe6bc36d9d,"{""legs"":{},""scoredRungs"":0,""settleByObservable"":{""terminal_close"":78162.0},""version"":""settlement/1""}",78162.0,pout:pbh:b76a9103434c154b65c977b4382274890765f3c2079d3e9f962876959838d8e4:2026-08-25,2026-08-25,po:crypto:btc:price-outlook:two-day:2026-08-25:28c5fee0172ce716:587a7333426866e0,"{""distribution"":{""crps"":527.379717251574,""crpsGridPoints"":5,""crpsPHigh"":0.9,""crpsPLow"":0.1,""inBand"":true,""inWideBand"":true,""pinball"":{""0.1"":379.72307471629904,""0.25"":485.9771690504858,""0.5"":181.4045741814989,""0.75"":332.31853237542236,""0.9"":349.337922553443}},""excursion"":null,""legBrier"":{""legs"":{},""scoredRungs"":0,""settleByObservable"":{""terminal_close"":78162.0},""version"":""settlement/1""},""receipt"":null,""settleBasis"":""hl-candle-close"",""settleNote"":null,""settleQuality"":{""bars"":120.0,""coverage"":1.0,""droppedCandles"":0.0,""expectedBars"":120.0,""intervalSeconds"":60.0,""maxGapBars"":0.0,""stalenessSeconds"":0.001},""settleSource"":""hyperliquid-candle"",""settlementVersion"":""settlement/1""}",True,settlement/1,2026-08-25T20:59:59.999000000+00:00,,terminal_close,"{""0.1"":379.72307471629904,""0.25"":485.9771690504858,""0.5"":181.4045741814989,""0.75"":332.31853237542236,""0.9"":349.337922553443}",76218.09132379806,sha256:f9d5ffd9409636486eafaa9b610b6bd5648edcb519051333e245de0740e38dab,True,two-day,79491.27412950169,,,,,,sha256:f9d5ffd9409636486eafaa9b610b6bd5648edcb519051333e245de0740e38dab,spot,verified,,terminal_close,,projection,"[{""clampedPercentiles"":[],""contributing"":true,""leg"":""house"",""median"":77206.82987667542,""rawWeight"":0.2,""scaleSource"":""own"",""support"":2748,""weight"":0.22222222222222227},{""clampedPercentiles"":[],""contributing"":true,""leg"":""q"",""median"":77968.43684448316,""rawWeight"":0.7,""scaleSource"":""own"",""support"":2748,""weight"":0.7777777777777778}]",,77160.5,77799.190851637,74364.76925283701,76218.09132379806,79491.27412950169,81655.37922553443,False,2026-08-24T03:30:32.345485Z,2026-08-24T03:30:32.345485Z,2026-08-25T21:00:00Z,2026-08-25,1.728792297627315,blend/1,decide/3,-0.4641758762096643,0.4641758762096643,41.491015143055556,crypto:btc|2026-08-25|hl-candle-close,0
polymarket,WTI Crude Oil — Long · Daily · to Aug 24,False,-0.165666,commodity,False,commodity:wti:price-outlook:daily,commodity:wti,asset-price/2,signal,2026-08-24T14:30:00.000000000-04:00,hyperliquid-candle,True,sha256:46c2ae7e0818d1019f57a01bdc99207a8d1a27d52940e85a78a6901163e048cd,hl-candle-close,True,0.7226939100929174,85.111,5,0.9,False,86.00451406422879,long,False,2026-08-24T19:15:15.294000000+00:00,86.25979945305403,85.05846440801943,experimental,87.22405018204458,0.1,7f6f51a6-912a-495a-acb6-b504d7dfef3d,"{""legs"":{""venue"":{""brier"":0.013845,""leg"":""venue"",""meanOutcome"":0.73333333,""meanProbability"":0.747,""n"":15,""reason"":null,""unscored"":{""grid_no_probability"":15}}},""scoredRungs"":15,""settleByObservable"":{""terminal_close"":84.97},""version"":""settlement/1""}",84.97,pout:pbh:9e7347f4ac614c707838462efa869e21be85320b73729a5557c9091ab16b9b63:2026-08-24,2026-08-24,po:commodity:wti:price-outlook:daily:2026-08-24:28c5fee0172ce716:69c6da9f7b141644,"{""distribution"":{""crps"":0.7226939100929174,""crpsGridPoints"":5,""crpsPHigh"":0.9,""crpsPLow"":0.1,""inBand"":false,""inWideBand"":false,""pinball"":{""0.1"":0.07961796721749011,""0.25"":0.5016658088576733,""0.5"":0.5172570321143937,""0.75"":0.5441140566983975,""0.9"":0.22540501820445794}},""excursion"":{""bars"":17.0,""coverage"":1.0,""droppedCandles"":0.0,""expectedBars"":17.0,""intervalSeconds"":3600.0,""maxGapBars"":1.0},""legBrier"":{""legs"":{""venue"":{""brier"":0.013845,""leg"":""venue"",""meanOutcome"":0.73333333,""meanProbability"":0.747,""n"":15,""reason"":null,""unscored"":{""grid_no_probability"":15}}},""scoredRungs"":15,""settleByObservable"":{""terminal_close"":84.97},""version"":""settlement/1""},""receipt"":{""barrierNote"":null,""costPct"":null,""entryRefPrice"":85.111,""exitPrice"":84.97,""exitReason"":""anchor"",""grossReturnPct"":-0.165666,""hitStop"":null,""hitTarget"":true,""netReturnPct"":null,""netReturnReason"":""no_cost_basis"",""realizedPct"":-0.165666,""settlePrice"":84.97,""side"":""long""},""settleBasis"":""hl-candle-close"",""settleNote"":null,""settleQuality"":{""bars"":120.0,""coverage"":1.0,""droppedCandles"":0.0,""expectedBars"":120.0,""intervalSeconds"":60.0,""maxGapBars"":0.0,""stalenessSeconds"":0.001},""settleSource"":""hyperliquid-candle"",""settlementVersion"":""settlement/1""}",True,settlement/1,2026-08-24T18:29:59.999000000+00:00,psig:commodity:wti:price-outlook:daily:2026-08-24:r49,terminal_close,"{""0.1"":0.07961796721749011,""0.25"":0.5016658088576733,""0.5"":0.5172570321143937,""0.75"":0.5441140566983975,""0.9"":0.22540501820445794}",85.63888774514356,sha256:46c2ae7e0818d1019f57a01bdc99207a8d1a27d52940e85a78a6901163e048cd,True,daily,87.14645622679359,,,,,,sha256:46c2ae7e0818d1019f57a01bdc99207a8d1a27d52940e85a78a6901163e048cd,spot,verified,,terminal_close,,signal,"[{""clampedPercentiles"":[],""contributing"":true,""leg"":""house"",""median"":84.82422403817053,""rawWeight"":0.2,""scaleSource"":""own"",""support"":6115,""weight"":0.2},{""clampedPercentiles"":[],""contributing"":true,""leg"":""venue"",""median"":84.9244654,""rawWeight"":0.1,""scaleSource"":""own"",""support"":30,""weight"":0.1},{""clampedPercentiles"":[0.75,0.9],""contributing"":true,""leg"":""q"",""median"":86.563354,""rawWeight"":0.7,""scaleSource"":""own"",""support"":5,""weight"":0.7}]",,84.823,86.00451406422879,85.05846440801943,85.63888774514356,87.14645622679359,87.22405018204458,False,2026-08-24T17:30:35.85706Z,2026-08-24T17:30:35.85706Z,2026-08-24T14:30:00-04:00,2026-08-24,0.04125165439814815,blend/1,decide/3,1.217505077355287,1.217505077355287,0.9900397055555556,commodity:wti|2026-08-24|hl-candle-close,0
kalshi,Copper — Short · Daily · to Aug 24,False,-1.180444,commodity,False,commodity:copper:price-outlook:daily,commodity:copper,asset-price/2,signal,2026-08-24T21:00:00.000000000+00:00,hyperliquid-candle,True,sha256:0f2f004be8916598e63af4dc583d567bdd10dd91992e94db198507a13ec5fd47,hl-candle-close,False,0.05841375774069869,6.6331,5,0.9,False,6.615169450913603,short,False,2026-08-24T21:15:12.524000000+00:00,6.615332696532784,6.531933587237866,experimental,6.705502685155468,0.1,53c38554-d801-451b-b861-96434bd3844f,"{""legs"":{""venue"":{""brier"":0.12796042,""leg"":""venue"",""meanOutcome"":1.0,""meanProbability"":0.84708333,""n"":12,""reason"":null,""unscored"":{""grid_no_probability"":38}}},""scoredRungs"":12,""settleByObservable"":{""terminal_close"":6.7114},""version"":""settlement/1""}",6.7114,pout:pbh:b73de04c8209ac6d3216fe782b150a5d861db53a5a80310ab3fb6fb26df9f2b7:2026-08-24,2026-08-24,po:commodity:copper:price-outlook:daily:2026-08-24:28c5fee0172ce716:10c1376a703964ab,"{""distribution"":{""crps"":0.05841375774069869,""crpsGridPoints"":5,""crpsPHigh"":0.9,""crpsPLow"":0.1,""inBand"":false,""inWideBand"":false,""pinball"":{""0.1"":0.017946641276213437,""0.25"":0.03719276037155561,""0.5"":0.04811527454319853,""0.75"":0.03997720656258341,""0.9"":0.005307583360078638}},""excursion"":{""bars"":61.0,""coverage"":1.0,""droppedCandles"":0.0,""expectedBars"":60.0,""intervalSeconds"":3600.0,""maxGapBars"":0.0},""legBrier"":{""legs"":{""venue"":{""brier"":0.12796042,""leg"":""venue"",""meanOutcome"":1.0,""meanProbability"":0.84708333,""n"":12,""reason"":null,""unscored"":{""grid_no_probability"":38}}},""scoredRungs"":12,""settleByObservable"":{""terminal_close"":6.7114},""version"":""settlement/1""},""receipt"":{""barrierNote"":null,""costPct"":null,""entryRefPrice"":6.6331,""exitPrice"":6.7114,""exitReason"":""anchor"",""grossReturnPct"":-1.180444,""hitStop"":null,""hitTarget"":false,""netReturnPct"":null,""netReturnReason"":""no_cost_basis"",""realizedPct"":-1.180444,""settlePrice"":6.7114,""side"":""short""},""settleBasis"":""hl-candle-close"",""settleNote"":null,""settleQuality"":{""bars"":120.0,""coverage"":1.0,""droppedCandles"":0.0,""expectedBars"":120.0,""intervalSeconds"":60.0,""maxGapBars"":0.0,""stalenessSeconds"":0.001},""settleSource"":""hyperliquid-candle"",""settlementVersion"":""settlement/1""}",True,settlement/1,2026-08-24T20:59:59.999000000+00:00,psig:commodity:copper:price-outlook:daily:2026-08-24:r5,terminal_close,"{""0.1"":0.017946641276213437,""0.25"":0.03719276037155561,""0.5"":0.04811527454319853,""0.75"":0.03997720656258341,""0.9"":0.005307583360078638}",6.562628958513778,sha256:0f2f004be8916598e63af4dc583d567bdd10dd91992e94db198507a13ec5fd47,True,daily,6.658097057916556,KXCOPPERD,,,,,sha256:0f2f004be8916598e63af4dc583d567bdd10dd91992e94db198507a13ec5fd47,spot,verified,,terminal_close,,signal,"[{""clampedPercentiles"":[],""contributing"":true,""leg"":""house"",""median"":6.705221514761581,""rawWeight"":0.2,""scaleSource"":""own"",""support"":6115,""weight"":0.2},{""clampedPercentiles"":[],""contributing"":true,""leg"":""venue"",""median"":6.592702702702702,""rawWeight"":0.1,""scaleSource"":""own"",""support"":43,""weight"":0.1},{""clampedPercentiles"":[0.1],""contributing"":true,""leg"":""q"",""median"":6.594375405377271,""rawWeight"":0.7,""scaleSource"":""own"",""support"":11,""weight"":0.7}]",,6.7052,6.615169450913603,6.531933587237866,6.562628958513778,6.658097057916556,6.705502685155468,False,2026-08-24T20:30:34.457238Z,2026-08-24T20:30:34.457238Z,2026-08-24T21:00:00Z,2026-08-24,0.020434522708333333,blend/1,decide/3,-1.4338371887593804,1.4338371887593804,0.490428545,commodity:copper|2026-08-24|hl-candle-close,0
,Copper — Two-day · to Aug 24,False,,commodity,False,commodity:copper:price-outlook:two-day,commodity:copper,asset-price/2,coverage,2026-08-24T21:00:00.000000000+00:00,hyperliquid-candle,True,,hl-candle-close,,0.036044106797708475,,5,0.9,True,6.6412636552170605,,True,2026-08-24T21:15:13.275000000+00:00,6.639597352283909,6.495406836457276,experimental,6.7815136389832755,0.1,53c38554-d801-451b-b861-96434bd3844f,"{""legs"":{},""scoredRungs"":0,""settleByObservable"":{""terminal_close"":6.7114},""version"":""settlement/1""}",6.7114,pout:commodity:copper:price-outlook:two-day:2026-08-24,2026-08-24,po:commodity:copper:price-outlook:two-day:2026-08-24:17104ba73f25c049:01233b64f68f1f35,"{""distribution"":{""crps"":0.036044106797708475,""crpsGridPoints"":5,""crpsPHigh"":0.9,""crpsPLow"":0.1,""inBand"":true,""inWideBand"":true,""pinball"":{""0.1"":0.021599316354272438,""0.25"":0.035486576371324796,""0.5"":0.035068172391469865,""0.75"":5.9470038884068543e-05,""0.9"":0.007011363898327526}},""excursion"":null,""legBrier"":{""legs"":{},""scoredRungs"":0,""settleByObservable"":{""terminal_close"":6.7114},""version"":""settlement/1""},""receipt"":null,""settleBasis"":""hl-candle-close"",""settleNote"":null,""settleQuality"":{""bars"":120.0,""coverage"":1.0,""droppedCandles"":0.0,""expectedBars"":120.0,""intervalSeconds"":60.0,""maxGapBars"":0.0,""stalenessSeconds"":0.001},""settleSource"":""hyperliquid-candle"",""settlementVersion"":""settlement/1""}",True,settlement/1,2026-08-24T20:59:59.999000000+00:00,,terminal_close,"{""0.1"":0.021599316354272438,""0.25"":0.035486576371324796,""0.5"":0.035068172391469865,""0.75"":5.9470038884068543e-05,""0.9"":0.007011363898327526}",6.569453694514701,,True,two-day,6.7116378801555365,,,,,,,,,,terminal_close,,coverage,"[{""clampedPercentiles"":[],""contributing"":true,""leg"":""house"",""median"":6.6412636552170605,""rawWeight"":0.45,""scaleSource"":""own"",""support"":6115,""weight"":1.0}]",,6.6372,6.6412636552170605,6.495406836457276,6.569453694514701,6.7116378801555365,6.7815136389832755,False,2026-08-21T03:30:51.137972Z,2026-08-21T03:30:51.137972Z,2026-08-24T21:00:00Z,2026-08-24,3.7285747919907406,blend/1,decide/2,-1.0450330003120023,1.0450330003120023,89.48579500777778,commodity:copper|2026-08-24|hl-candle-close,0
kalshi,Copper — Long · Weekly · to Aug 24,False,0.818699,commodity,False,commodity:copper:price-outlook:weekly,commodity:copper,asset-price/2,signal,2026-08-24T21:00:00.000000000+00:00,hyperliquid-candle,True,sha256:0f2f004be8916598e63af4dc583d567bdd10dd91992e94db198507a13ec5fd47,hl-candle-close,True,0.0673879595034925,6.6569,5,0.9,False,6.599925344183426,long,False,2026-08-24T21:15:14.132000000+00:00,6.600371108384251,6.505170288814564,experimental,6.688258591040289,0.1,53c38554-d801-451b-b861-96434bd3844f,"{""legs"":{""venue"":{""brier"":0.302988,""leg"":""venue"",""meanOutcome"":0.64,""meanProbability"":0.2676,""n"":25,""reason"":null,""unscored"":{""grid_no_probability"":25}}},""scoredRungs"":25,""settleByObservable"":{""terminal_close"":6.7114},""version"":""settlement/1""}",6.7114,pout:pbh:65e7cde67e3ba897f16d3b3646f2dc0ef2094accc3b95fb1b193bbf53d94f309:2026-08-24,2026-08-24,po:commodity:copper:price-outlook:weekly:2026-08-24:17104ba73f25c049:e9cde2c98447ba6b,"{""distribution"":{""crps"":0.0673879595034925,""crpsGridPoints"":5,""crpsPHigh"":0.9,""crpsPLow"":0.1,""inBand"":false,""inWideBand"":false,""pinball"":{""0.1"":0.020622971118543634,""0.25"":0.04100869639533489,""0.5"":0.05573732790828734,""0.75"":0.04224570278468076,""0.9"":0.02082726806374016}},""excursion"":{""bars"":66.0,""coverage"":1.0,""droppedCandles"":0.0,""expectedBars"":65.0,""intervalSeconds"":3600.0,""maxGapBars"":0.0},""legBrier"":{""legs"":{""venue"":{""brier"":0.302988,""leg"":""venue"",""meanOutcome"":0.64,""meanProbability"":0.2676,""n"":25,""reason"":null,""unscored"":{""grid_no_probability"":25}}},""scoredRungs"":25,""settleByObservable"":{""terminal_close"":6.7114},""version"":""settlement/1""},""receipt"":{""barrierNote"":null,""costPct"":null,""entryRefPrice"":6.6569,""exitPrice"":6.7114,""exitReason"":""anchor"",""grossReturnPct"":0.818699,""hitStop"":null,""hitTarget"":true,""netReturnPct"":null,""netReturnReason"":""no_cost_basis"",""realizedPct"":0.818699,""settlePrice"":6.7114,""side"":""long""},""settleBasis"":""hl-candle-close"",""settleNote"":null,""settleQuality"":{""bars"":120.0,""coverage"":1.0,""droppedCandles"":0.0,""expectedBars"":120.0,""intervalSeconds"":60.0,""maxGapBars"":0.0,""stalenessSeconds"":0.001},""settleSource"":""hyperliquid-candle"",""settlementVersion"":""settlement/1""}",True,settlement/1,2026-08-24T20:59:59.999000000+00:00,psig:commodity:copper:price-outlook:weekly:2026-08-24:r2,terminal_close,"{""0.1"":0.020622971118543634,""0.25"":0.04100869639533489,""0.5"":0.05573732790828734,""0.75"":0.04224570278468076,""0.9"":0.02082726806374016}",6.547365214418661,sha256:0f2f004be8916598e63af4dc583d567bdd10dd91992e94db198507a13ec5fd47,True,weekly,6.655072396287093,KXCOPPERW,,,,,sha256:0f2f004be8916598e63af4dc583d567bdd10dd91992e94db198507a13ec5fd47,venue,verified,,terminal_close,,signal,"[{""clampedPercentiles"":[],""contributing"":true,""leg"":""house"",""median"":6.63231796724358,""rawWeight"":0.45,""scaleSource"":""own"",""support"":6115,""weight"":0.45},{""clampedPercentiles"":[],""contributing"":true,""leg"":""venue"",""median"":6.51,""rawWeight"":0.1,""scaleSource"":""own"",""support"":40,""weight"":0.1},{""clampedPercentiles"":[0.1,0.75,0.9],""contributing"":true,""leg"":""q"",""median"":6.58751613094181,""rawWeight"":0.45,""scaleSource"":""own"",""support"":6,""weight"":0.45}]",,6.6294,6.599925344183426,6.505170288814564,6.547365214418661,6.655072396287093,6.688258591040289,False,2026-08-22T05:30:36.421584Z,2026-08-22T05:30:36.421584Z,2026-08-24T21:00:00Z,2026-08-24,2.6454117872222223,blend/1,decide/2,-1.6609746970315384,1.6609746970315384,63.48988289333334,commodity:copper|2026-08-24|hl-candle-close,0
kalshi,Gold — Short · Daily · to Aug 24,False,-0.268189,commodity,False,commodity:gold:price-outlook:daily,commodity:gold,asset-price/2,signal,2026-08-24T21:00:00.000000000+00:00,hyperliquid-candle,True,sha256:41d500799246285dfc4a1707649247b61ba6feb25a7ff84b5de0bdd816e0a6a5,hl-candle-close,False,19.130174716457564,4642.25,5,0.9,True,4624.86544447009,short,True,2026-08-24T21:15:15.358000000+00:00,4635.935473004065,4583.55542593662,experimental,4711.407531101294,0.1,53c38554-d801-451b-b861-96434bd3844f,"{""legs"":{""venue"":{""brier"":0.00354074,""leg"":""venue"",""meanOutcome"":0.96296296,""meanProbability"":0.9462963,""n"":27,""reason"":null,""unscored"":{""grid_no_probability"":13}}},""scoredRungs"":27,""settleByObservable"":{""terminal_close"":4654.7},""version"":""settlement/1""}",4654.7,pout:pbh:81b465de68b34d8be1132c53259cc922d726d69bc59cf1b4b9b92e5d660126bd:2026-08-24,2026-08-24,po:commodity:gold:price-outlook:daily:2026-08-24:28c5fee0172ce716:7e255ac8fc954510,"{""distribution"":{""crps"":19.130174716457564,""crpsGridPoints"":5,""crpsPHigh"":0.9,""crpsPLow"":0.1,""inBand"":true,""inWideBand"":true,""pinball"":{""0.1"":7.114457406337988,""0.25"":17.20211910146736,""0.5"":14.917277764955088,""0.75"":7.182266539807415,""0.9"":5.670753110129406}},""excursion"":{""bars"":4.0,""coverage"":1.0,""droppedCandles"":0.0,""expectedBars"":3.0,""intervalSeconds"":3600.0,""maxGapBars"":0.0},""legBrier"":{""legs"":{""venue"":{""brier"":0.00354074,""leg"":""venue"",""meanOutcome"":0.96296296,""meanProbability"":0.9462963,""n"":27,""reason"":null,""unscored"":{""grid_no_probability"":13}}},""scoredRungs"":27,""settleByObservable"":{""terminal_close"":4654.7},""version"":""settlement/1""},""receipt"":{""barrierNote"":null,""costPct"":null,""entryRefPrice"":4642.25,""exitPrice"":4654.7,""exitReason"":""anchor"",""grossReturnPct"":-0.268189,""hitStop"":null,""hitTarget"":false,""netReturnPct"":null,""netReturnReason"":""no_cost_basis"",""realizedPct"":-0.268189,""settlePrice"":4654.7,""side"":""short""},""settleBasis"":""hl-candle-close"",""settleNote"":null,""settleQuality"":{""bars"":120.0,""coverage"":1.0,""droppedCandles"":0.0,""expectedBars"":120.0,""intervalSeconds"":60.0,""maxGapBars"":0.0,""stalenessSeconds"":0.001},""settleSource"":""hyperliquid-candle"",""settlementVersion"":""settlement/1""}",True,settlement/1,2026-08-24T20:59:59.999000000+00:00,psig:commodity:gold:price-outlook:daily:2026-08-24:r54,terminal_close,"{""0.1"":7.114457406337988,""0.25"":17.20211910146736,""0.5"":14.917277764955088,""0.75"":7.182266539807415,""0.9"":5.670753110129406}",4585.89152359413,sha256:41d500799246285dfc4a1707649247b61ba6feb25a7ff84b5de0bdd816e0a6a5,True,daily,4683.4290661592295,KXGOLDD,,,,,sha256:41d500799246285dfc4a1707649247b61ba6feb25a7ff84b5de0bdd816e0a6a5,spot,verified,,terminal_close,,signal,"[{""clampedPercentiles"":[],""contributing"":true,""leg"":""house"",""median"":4652.0719418282515,""rawWeight"":0.2,""scaleSource"":""own"",""support"":6115,""weight"":0.2},{""clampedPercentiles"":[],""contributing"":true,""leg"":""venue"",""median"":4652.052414932331,""rawWeight"":0.1,""scaleSource"":""own"",""support"":40,""weight"":0.1},{""clampedPercentiles"":[0.1,0.25,0.9],""contributing"":true,""leg"":""q"",""median"":4611.435347813362,""rawWeight"":0.7,""scaleSource"":""own"",""support"":16,""weight"":0.7}]",,4652.05,4624.86544447009,4583.55542593662,4585.89152359413,4683.4290661592295,4711.407531101294,False,2026-08-24T20:30:34.457238Z,2026-08-24T20:30:34.457238Z,2026-08-24T21:00:00Z,2026-08-24,0.020434522708333333,blend/1,decide/3,-0.6409554972374197,0.6409554972374197,0.490428545,commodity:gold|2026-08-24|hl-candle-close,0
,Gold — Two-day · to Aug 24,False,,commodity,False,commodity:gold:price-outlook:two-day,commodity:gold,asset-price/2,coverage,2026-08-24T21:00:00.000000000+00:00,hyperliquid-candle,True,,hl-candle-close,,67.5218513625048,,5,0.9,False,4535.827345601181,,True,2026-08-24T21:15:15.866000000+00:00,4534.652849647929,4390.215415285829,experimental,4677.2649158504455,0.1,53c38554-d801-451b-b861-96434bd3844f,"{""legs"":{},""scoredRungs"":0,""settleByObservable"":{""terminal_close"":4654.7},""version"":""settlement/1""}",4654.7,pout:commodity:gold:price-outlook:two-day:2026-08-24,2026-08-24,po:commodity:gold:price-outlook:two-day:2026-08-24:17104ba73f25c049:18c24765e1131ab8,"{""distribution"":{""crps"":67.5218513625048,""crpsGridPoints"":5,""crpsPHigh"":0.9,""crpsPLow"":0.1,""inBand"":false,""inWideBand"":true,""pinball"":{""0.1"":26.448458471417055,""0.25"":47.687923358302896,""0.5"":59.436327199409334,""0.75"":36.05693977752435,""0.9"":2.256491585044568}},""excursion"":null,""legBrier"":{""legs"":{},""scoredRungs"":0,""settleByObservable"":{""terminal_close"":4654.7},""version"":""settlement/1""},""receipt"":null,""settleBasis"":""hl-candle-close"",""settleNote"":null,""settleQuality"":{""bars"":120.0,""coverage"":1.0,""droppedCandles"":0.0,""expectedBars"":120.0,""intervalSeconds"":60.0,""maxGapBars"":0.0,""stalenessSeconds"":0.001},""settleSource"":""hyperliquid-candle"",""settlementVersion"":""settlement/1""}",True,settlement/1,2026-08-24T20:59:59.999000000+00:00,,terminal_close,"{""0.1"":26.448458471417055,""0.25"":47.687923358302896,""0.5"":59.436327199409334,""0.75"":36.05693977752435,""0.9"":2.256491585044568}",4463.948306566788,,True,two-day,4606.624080296634,,,,,,,,,,terminal_close,,coverage,"[{""clampedPercentiles"":[],""contributing"":true,""leg"":""house"",""median"":4535.827345601181,""rawWeight"":0.45,""scaleSource"":""own"",""support"":6115,""weight"":1.0}]",,4531.75,4535.827345601181,4390.215415285829,4463.948306566788,4606.624080296634,4677.2649158504455,False,2026-08-21T03:30:51.137972Z,2026-08-21T03:30:51.137972Z,2026-08-24T21:00:00Z,2026-08-24,3.7285747919907406,blend/1,decide/2,-2.5538198895485995,2.5538198895485995,89.48579500777778,commodity:gold|2026-08-24|hl-candle-close,0
kalshi,Gold — Weekly · to Aug 24,False,,commodity,False,commodity:gold:price-outlook:weekly,commodity:gold,asset-price/2,signal,2026-08-24T21:00:00.000000000+00:00,hyperliquid-candle,True,sha256:41d500799246285dfc4a1707649247b61ba6feb25a7ff84b5de0bdd816e0a6a5,hl-candle-close,,19.96244746627949,,5,0.9,True,4627.253124380396,,True,2026-08-24T21:15:16.419000000+00:00,4616.643610876001,4518.052411056134,experimental,4699.331627050579,0.1,53c38554-d801-451b-b861-96434bd3844f,"{""legs"":{""venue"":{""brier"":0.08598784,""leg"":""venue"",""meanOutcome"":0.7027027,""meanProbability"":0.56162162,""n"":37,""reason"":null,""unscored"":{""grid_no_probability"":3}}},""scoredRungs"":37,""settleByObservable"":{""terminal_close"":4654.7},""version"":""settlement/1""}",4654.7,pout:pbh:cfeade016ad2cd23d1703349f9f7de81a71d8641ac5d26c2b0d1abf252342a50:2026-08-24,2026-08-24,po:commodity:gold:price-outlook:weekly:2026-08-24:17104ba73f25c049:c405209fd33b5b8d,"{""distribution"":{""crps"":19.96244746627949,""crpsGridPoints"":5,""crpsPHigh"":0.9,""crpsPLow"":0.1,""inBand"":true,""inWideBand"":true,""pinball"":{""0.1"":13.664758894386615,""0.25"":22.931383981185718,""0.5"":13.723437809801908,""0.75"":3.022466822468914,""0.9"":4.463162705057947}},""excursion"":null,""legBrier"":{""legs"":{""venue"":{""brier"":0.08598784,""leg"":""venue"",""meanOutcome"":0.7027027,""meanProbability"":0.56162162,""n"":37,""reason"":null,""unscored"":{""grid_no_probability"":3}}},""scoredRungs"":37,""settleByObservable"":{""terminal_close"":4654.7},""version"":""settlement/1""},""receipt"":null,""settleBasis"":""hl-candle-close"",""settleNote"":null,""settleQuality"":{""bars"":120.0,""coverage"":1.0,""droppedCandles"":0.0,""expectedBars"":120.0,""intervalSeconds"":60.0,""maxGapBars"":0.0,""stalenessSeconds"":0.001},""settleSource"":""hyperliquid-candle"",""settlementVersion"":""settlement/1""}",True,settlement/1,2026-08-24T20:59:59.999000000+00:00,,terminal_close,"{""0.1"":13.664758894386615,""0.25"":22.931383981185718,""0.5"":13.723437809801908,""0.75"":3.022466822468914,""0.9"":4.463162705057947}",4562.974464075257,sha256:41d500799246285dfc4a1707649247b61ba6feb25a7ff84b5de0bdd816e0a6a5,True,weekly,4666.7898672898755,KXGOLDW,,,,,sha256:41d500799246285dfc4a1707649247b61ba6feb25a7ff84b5de0bdd816e0a6a5,venue,verified,,terminal_close,,signal,"[{""clampedPercentiles"":[],""contributing"":true,""leg"":""house"",""median"":4606.322748916754,""rawWeight"":0.45,""scaleSource"":""own"",""support"":6115,""weight"":0.45},{""clampedPercentiles"":[],""contributing"":true,""leg"":""venue"",""median"":4600.536252428572,""rawWeight"":0.1,""scaleSource"":""own"",""support"":40,""weight"":0.1},{""clampedPercentiles"":[0.1,0.75,0.9],""contributing"":true,""leg"":""q"",""median"":4654.1205825,""rawWeight"":0.45,""scaleSource"":""own"",""support"":5,""weight"":0.45}]",,4603.35,4627.253124380396,4518.052411056134,4562.974464075257,4666.7898672898755,4699.331627050579,False,2026-08-22T05:30:36.421584Z,2026-08-22T05:30:36.421584Z,2026-08-24T21:00:00Z,2026-08-24,2.6454117872222223,blend/1,decide/2,-0.5896593898554969,0.5896593898554969,63.48988289333334,commodity:gold|2026-08-24|hl-candle-close,0
kalshi,Silver — Long · Daily · to Aug 24,False,-0.387969,commodity,False,commodity:silver:price-outlook:daily,commodity:silver,asset-price/2,signal,2026-08-24T21:00:00.000000000+00:00,hyperliquid-candle,True,sha256:d235229f7a0265cadb35bded984071e4ca8f8bc0db78f2a4b897ac2a0482525e,hl-candle-close,False,0.36005272150089745,69.2065,5,0.9,True,69.2149595252431,long,True,2026-08-24T21:15:19.924000000+00:00,69.57236272120613,67.9298656803988,experimental,71.96191039636045,0.1,53c38554-d801-451b-b861-96434bd3844f,"{""legs"":{""venue"":{""brier"":0.00283214,""leg"":""venue"",""meanOutcome"":0.95238095,""meanProbability"":0.94071429,""n"":21,""reason"":null,""unscored"":{""grid_no_probability"":19}}},""scoredRungs"":21,""settleByObservable"":{""terminal_close"":68.938},""version"":""settlement/1""}",68.938,pout:pbh:9e7dc4c3c9728b993a5f35078e4b591c832b3ab4cfbf9f5d694e4bc116b49daa:2026-08-24,2026-08-24,po:commodity:silver:price-outlook:daily:2026-08-24:28c5fee0172ce716:c0b9b4c2b4934a97,"{""distribution"":{""crps"":0.36005272150089745,""crpsGridPoints"":5,""crpsPHigh"":0.9,""crpsPLow"":0.1,""inBand"":true,""inWideBand"":true,""pinball"":{""0.1"":0.10081343196011971,""0.25"":0.09092151186832709,""0.5"":0.13847976262155015,""0.75"":0.4849089117584171,""0.9"":0.30239103963604486}},""excursion"":{""bars"":6.0,""coverage"":1.0,""droppedCandles"":0.0,""expectedBars"":5.0,""intervalSeconds"":3600.0,""maxGapBars"":0.0},""legBrier"":{""legs"":{""venue"":{""brier"":0.00283214,""leg"":""venue"",""meanOutcome"":0.95238095,""meanProbability"":0.94071429,""n"":21,""reason"":null,""unscored"":{""grid_no_probability"":19}}},""scoredRungs"":21,""settleByObservable"":{""terminal_close"":68.938},""version"":""settlement/1""},""receipt"":{""barrierNote"":null,""costPct"":null,""entryRefPrice"":69.2065,""exitPrice"":68.938,""exitReason"":""anchor"",""grossReturnPct"":-0.387969,""hitStop"":null,""hitTarget"":false,""netReturnPct"":null,""netReturnReason"":""no_cost_basis"",""realizedPct"":-0.387969,""settlePrice"":68.938,""side"":""long""},""settleBasis"":""hl-candle-close"",""settleNote"":null,""settleQuality"":{""bars"":120.0,""coverage"":1.0,""droppedCandles"":0.0,""expectedBars"":120.0,""intervalSeconds"":60.0,""maxGapBars"":0.0,""stalenessSeconds"":0.001},""settleSource"":""hyperliquid-candle"",""settlementVersion"":""settlement/1""}",True,settlement/1,2026-08-24T20:59:59.999000000+00:00,psig:commodity:silver:price-outlook:daily:2026-08-24:r52,terminal_close,"{""0.1"":0.10081343196011971,""0.25"":0.09092151186832709,""0.5"":0.13847976262155015,""0.75"":0.4849089117584171,""0.9"":0.30239103963604486}",68.5743139525267,sha256:d235229f7a0265cadb35bded984071e4ca8f8bc0db78f2a4b897ac2a0482525e,True,daily,70.87763564703367,KXSILVERD,,,,,sha256:d235229f7a0265cadb35bded984071e4ca8f8bc0db78f2a4b897ac2a0482525e,spot,verified,,terminal_close,,signal,"[{""clampedPercentiles"":[],""contributing"":true,""leg"":""house"",""median"":68.84700542908725,""rawWeight"":0.2,""scaleSource"":""own"",""support"":6115,""weight"":0.2},{""clampedPercentiles"":[],""contributing"":true,""leg"":""venue"",""median"":68.84278372262773,""rawWeight"":0.1,""scaleSource"":""own"",""support"":40,""weight"":0.1},{""clampedPercentiles"":[],""contributing"":true,""leg"":""q"",""median"":69.41457129670518,""rawWeight"":0.7,""scaleSource"":""own"",""support"":14,""weight"":0.7}]",,68.8465,69.2149595252431,67.9298656803988,68.5743139525267,70.87763564703367,71.96191039636045,False,2026-08-24T20:30:34.457238Z,2026-08-24T20:30:34.457238Z,2026-08-24T21:00:00Z,2026-08-24,0.020434522708333333,blend/1,decide/3,0.40175161049508296,0.40175161049508296,0.490428545,commodity:silver|2026-08-24|hl-candle-close,0
,Silver — Two-day · to Aug 24,False,,commodity,False,commodity:silver:price-outlook:two-day,commodity:silver,asset-price/2,coverage,2026-08-24T21:00:00.000000000+00:00,hyperliquid-candle,True,,hl-candle-close,,0.46252641516025883,,5,0.9,True,68.9110438419101,,True,2026-08-24T21:15:20.429000000+00:00,68.90575202750614,65.37269933104432,experimental,72.41556824904457,0.1,53c38554-d801-451b-b861-96434bd3844f,"{""legs"":{},""scoredRungs"":0,""settleByObservable"":{""terminal_close"":68.938},""version"":""settlement/1""}",68.938,pout:commodity:silver:price-outlook:two-day:2026-08-24,2026-08-24,po:commodity:silver:price-outlook:two-day:2026-08-24:17104ba73f25c049:951174014d9457ad,"{""distribution"":{""crps"":0.46252641516025883,""crpsGridPoints"":5,""crpsPHigh"":0.9,""crpsPLow"":0.1,""inBand"":true,""inWideBand"":true,""pinball"":{""0.1"":0.35653006689556865,""0.25"":0.44562109051668486,""0.5"":0.01347807904495113,""0.75"":0.4297397641527638,""0.9"":0.34775682490445653}},""excursion"":null,""legBrier"":{""legs"":{},""scoredRungs"":0,""settleByObservable"":{""terminal_close"":68.938},""version"":""settlement/1""},""receipt"":null,""settleBasis"":""hl-candle-close"",""settleNote"":null,""settleQuality"":{""bars"":120.0,""coverage"":1.0,""droppedCandles"":0.0,""expectedBars"":120.0,""intervalSeconds"":60.0,""maxGapBars"":0.0,""stalenessSeconds"":0.001},""settleSource"":""hyperliquid-candle"",""settlementVersion"":""settlement/1""}",True,settlement/1,2026-08-24T20:59:59.999000000+00:00,,terminal_close,"{""0.1"":0.35653006689556865,""0.25"":0.44562109051668486,""0.5"":0.01347807904495113,""0.75"":0.4297397641527638,""0.9"":0.34775682490445653}",67.15551563793326,,True,two-day,70.65695905661106,,,,,,,,,,terminal_close,,coverage,"[{""clampedPercentiles"":[],""contributing"":true,""leg"":""house"",""median"":68.9110438419101,""rawWeight"":0.45,""scaleSource"":""own"",""support"":6115,""weight"":1.0}]",,68.811,68.9110438419101,65.37269933104432,67.15551563793326,70.65695905661106,72.41556824904457,False,2026-08-21T03:30:51.137972Z,2026-08-21T03:30:51.137972Z,2026-08-24T21:00:00Z,2026-08-24,3.7285747919907406,blend/1,decide/2,-0.03910203094070362,0.03910203094070362,89.48579500777778,commodity:silver|2026-08-24|hl-candle-close,0
kalshi,Silver — Weekly · to Aug 24,False,,commodity,False,commodity:silver:price-outlook:weekly,commodity:silver,asset-price/2,signal,2026-08-24T21:00:00.000000000+00:00,hyperliquid-candle,True,sha256:d235229f7a0265cadb35bded984071e4ca8f8bc0db78f2a4b897ac2a0482525e,hl-candle-close,,0.362510830683842,,5,0.9,True,68.93727798904497,,True,2026-08-24T21:15:21.068000000+00:00,68.93371880074393,66.15083889913835,experimental,71.71969266662322,0.1,53c38554-d801-451b-b861-96434bd3844f,"{""legs"":{""venue"":{""brier"":0.04321929,""leg"":""venue"",""meanOutcome"":0.57142857,""meanProbability"":0.56614286,""n"":35,""reason"":null,""unscored"":{""grid_no_probability"":5}}},""scoredRungs"":35,""settleByObservable"":{""terminal_close"":68.938},""version"":""settlement/1""}",68.938,pout:pbh:632340305a5d8bf334bc897886fa82086e14954b242a30d267fdd4c2f58fda87:2026-08-24,2026-08-24,po:commodity:silver:price-outlook:weekly:2026-08-24:17104ba73f25c049:656791b01ac8d141,"{""distribution"":{""crps"":0.362510830683842,""crpsGridPoints"":5,""crpsPHigh"":0.9,""crpsPLow"":0.1,""inBand"":true,""inWideBand"":true,""pinball"":{""0.1"":0.27871611008616526,""0.25"":0.34912134018387775,""0.5"":0.0003610054775151639,""0.75"":0.3478724633981507,""0.9"":0.27816926666232145}},""excursion"":null,""legBrier"":{""legs"":{""venue"":{""brier"":0.04321929,""leg"":""venue"",""meanOutcome"":0.57142857,""meanProbability"":0.56614286,""n"":35,""reason"":null,""unscored"":{""grid_no_probability"":5}}},""scoredRungs"":35,""settleByObservable"":{""terminal_close"":68.938},""version"":""settlement/1""},""receipt"":null,""settleBasis"":""hl-candle-close"",""settleNote"":null,""settleQuality"":{""bars"":120.0,""coverage"":1.0,""droppedCandles"":0.0,""expectedBars"":120.0,""intervalSeconds"":60.0,""maxGapBars"":0.0,""stalenessSeconds"":0.001},""settleSource"":""hyperliquid-candle"",""settlementVersion"":""settlement/1""}",True,settlement/1,2026-08-24T20:59:59.999000000+00:00,,terminal_close,"{""0.1"":0.27871611008616526,""0.25"":0.34912134018387775,""0.5"":0.0003610054775151639,""0.75"":0.3478724633981507,""0.9"":0.27816926666232145}",67.54151463926449,sha256:d235229f7a0265cadb35bded984071e4ca8f8bc0db78f2a4b897ac2a0482525e,True,weekly,70.3294898535926,KXSILVERW,,,,,sha256:d235229f7a0265cadb35bded984071e4ca8f8bc0db78f2a4b897ac2a0482525e,venue,verified,,terminal_close,,signal,"[{""clampedPercentiles"":[],""contributing"":true,""leg"":""house"",""median"":68.96669020883274,""rawWeight"":0.45,""scaleSource"":""own"",""support"":6115,""weight"":0.8181818181818181},{""clampedPercentiles"":[],""contributing"":true,""leg"":""venue"",""median"":68.804923,""rawWeight"":0.1,""scaleSource"":""own"",""support"":39,""weight"":0.18181818181818182}]",,68.8975,68.93727798904497,66.15083889913835,67.54151463926449,70.3294898535926,71.71969266662322,False,2026-08-22T05:30:36.421584Z,2026-08-22T05:30:36.421584Z,2026-08-24T21:00:00Z,2026-08-24,2.6454117872222223,blend/1,decide/2,-0.0010473337709685916,0.0010473337709685916,63.48988289333334,commodity:silver|2026-08-24|hl-candle-close,0
,WTI Crude Oil — Two-day · to Aug 24,False,,commodity,False,commodity:wti:price-outlook:two-day,commodity:wti,asset-price/2,coverage,2026-08-24T21:00:00.000000000+00:00,hyperliquid-candle,True,,hl-candle-close,,0.9542022620009304,,5,0.9,True,86.428844248459,,True,2026-08-24T21:15:21.572000000+00:00,86.42426309013685,81.86943973914043,experimental,90.95117427681001,0.1,53c38554-d801-451b-b861-96434bd3844f,"{""legs"":{},""scoredRungs"":0,""settleByObservable"":{""terminal_close"":84.963},""version"":""settlement/1""}",84.963,pout:commodity:wti:price-outlook:two-day:2026-08-24,2026-08-24,po:commodity:wti:price-outlook:two-day:2026-08-24:17104ba73f25c049:2a1e91c952d34e53,"{""distribution"":{""crps"":0.9542022620009304,""crpsGridPoints"":5,""crpsPHigh"":0.9,""crpsPLow"":0.1,""inBand"":true,""inWideBand"":true,""pinball"":{""0.1"":0.3093560260859562,""0.25"":0.1992805584610906,""0.5"":0.7329221242295034,""0.75"":0.929507396091747,""0.9"":0.5988174276810012}},""excursion"":null,""legBrier"":{""legs"":{},""scoredRungs"":0,""settleByObservable"":{""terminal_close"":84.963},""version"":""settlement/1""},""receipt"":null,""settleBasis"":""hl-candle-close"",""settleNote"":null,""settleQuality"":{""bars"":120.0,""coverage"":1.0,""droppedCandles"":0.0,""expectedBars"":120.0,""intervalSeconds"":60.0,""maxGapBars"":0.0,""stalenessSeconds"":0.001},""settleSource"":""hyperliquid-candle"",""settlementVersion"":""settlement/1""}",True,settlement/1,2026-08-24T20:59:59.999000000+00:00,,terminal_close,"{""0.1"":0.3093560260859562,""0.25"":0.1992805584610906,""0.5"":0.7329221242295034,""0.75"":0.929507396091747,""0.9"":0.5988174276810012}",84.16587776615563,,True,two-day,88.68102958436698,,,,,,,,,,terminal_close,,coverage,"[{""clampedPercentiles"":[],""contributing"":true,""leg"":""house"",""median"":86.428844248459,""rawWeight"":0.45,""scaleSource"":""own"",""support"":6115,""weight"":1.0}]",,86.297,86.428844248459,81.86943973914043,84.16587776615563,88.68102958436698,90.95117427681001,False,2026-08-20T23:31:47.37946Z,2026-08-20T23:31:47.37946Z,2026-08-24T21:00:00Z,2026-08-24,3.894590515509259,blend/1,decide/1,1.7252736467156373,1.7252736467156373,93.47017237222221,commodity:wti|2026-08-24|hl-candle-close,0
kalshi,Bitcoin — Short · Daily · to Aug 24,False,0.157498,crypto,False,crypto:btc:price-outlook:daily,crypto:btc,asset-price/2,signal,2026-08-24T21:00:00.000000000+00:00,hyperliquid-candle,True,sha256:f9d5ffd9409636486eafaa9b610b6bd5648edcb519051333e245de0740e38dab,hl-candle-close,True,362.4253830648343,79048.5,5,0.9,True,78116.95150189861,short,True,2026-08-24T21:15:22.346000000+00:00,78329.75326693353,77493.41997333587,experimental,79460.54572849607,0.1,53c38554-d801-451b-b861-96434bd3844f,"{""legs"":{""venue"":{""brier"":0.00801759,""leg"":""venue"",""meanOutcome"":0.96296296,""meanProbability"":0.945,""n"":54,""reason"":null,""unscored"":{""grid_no_probability"":26}}},""scoredRungs"":54,""settleByObservable"":{""terminal_close"":78924.0},""version"":""settlement/1""}",78924.0,pout:pbh:cc628804f79ff4b92a26159bca4be46d5e6894c9d31ef786b5dc1852a3fb4517:2026-08-24,2026-08-24,po:crypto:btc:price-outlook:daily:2026-08-24:28c5fee0172ce716:a02987db323296ff,"{""distribution"":{""crps"":362.4253830648343,""crpsGridPoints"":5,""crpsPHigh"":0.9,""crpsPLow"":0.1,""inBand"":true,""inWideBand"":true,""pinball"":{""0.1"":143.0580026664131,""0.25"":293.857223079478,""0.5"":403.52424905069347,""0.75"":34.033707450733345,""0.9"":53.6545728496072}},""excursion"":{""bars"":8.0,""coverage"":1.0,""droppedCandles"":0.0,""expectedBars"":7.0,""intervalSeconds"":3600.0,""maxGapBars"":0.0},""legBrier"":{""legs"":{""venue"":{""brier"":0.00801759,""leg"":""venue"",""meanOutcome"":0.96296296,""meanProbability"":0.945,""n"":54,""reason"":null,""unscored"":{""grid_no_probability"":26}}},""scoredRungs"":54,""settleByObservable"":{""terminal_close"":78924.0},""version"":""settlement/1""},""receipt"":{""barrierNote"":null,""costPct"":null,""entryRefPrice"":79048.5,""exitPrice"":78924.0,""exitReason"":""anchor"",""grossReturnPct"":0.157498,""hitStop"":null,""hitTarget"":true,""netReturnPct"":null,""netReturnReason"":""no_cost_basis"",""realizedPct"":0.157498,""settlePrice"":78924.0,""side"":""short""},""settleBasis"":""hl-candle-close"",""settleNote"":null,""settleQuality"":{""bars"":120.0,""coverage"":1.0,""droppedCandles"":0.0,""expectedBars"":120.0,""intervalSeconds"":60.0,""maxGapBars"":0.0,""stalenessSeconds"":0.001},""settleSource"":""hyperliquid-candle"",""settlementVersion"":""settlement/1""}",True,settlement/1,2026-08-24T20:59:59.999000000+00:00,psig:crypto:btc:price-outlook:daily:2026-08-24:r17,terminal_close,"{""0.1"":143.0580026664131,""0.25"":293.857223079478,""0.5"":403.52424905069347,""0.75"":34.033707450733345,""0.9"":53.6545728496072}",77748.57110768209,sha256:f9d5ffd9409636486eafaa9b610b6bd5648edcb519051333e245de0740e38dab,True,daily,79060.13482980293,KXBTCD,,,,,sha256:f9d5ffd9409636486eafaa9b610b6bd5648edcb519051333e245de0740e38dab,spot,verified,,terminal_close,,signal,"[{""clampedPercentiles"":[],""contributing"":true,""leg"":""house"",""median"":78682.05973783587,""rawWeight"":0.2,""scaleSource"":""own"",""support"":2748,""weight"":0.2},{""clampedPercentiles"":[],""contributing"":true,""leg"":""venue"",""median"":78705.72339133333,""rawWeight"":0.1,""scaleSource"":""own"",""support"":80,""weight"":0.1},{""clampedPercentiles"":[0.9],""contributing"":true,""leg"":""q"",""median"":77807.30987413849,""rawWeight"":0.7,""scaleSource"":""own"",""support"":6,""weight"":0.7}]",,78681.5,78116.95150189861,77493.41997333587,77748.57110768209,79060.13482980293,79460.54572849607,False,2026-08-24T20:30:34.457238Z,2026-08-24T20:30:34.457238Z,2026-08-24T21:00:00Z,2026-08-24,0.020434522708333333,blend/1,decide/3,-1.0225641099049554,1.0225641099049554,0.490428545,crypto:btc|2026-08-24|hl-candle-close,0
,Bitcoin — Long · Two-day · to Aug 24,False,1.948576,crypto,False,crypto:btc:price-outlook:two-day,crypto:btc,asset-price/2,projection,2026-08-24T21:00:00.000000000+00:00,hyperliquid-candle,True,sha256:f9d5ffd9409636486eafaa9b610b6bd5648edcb519051333e245de0740e38dab,hl-candle-close,True,1175.6339191963266,77415.5,5,0.9,False,76741.21664685229,long,True,2026-08-24T21:15:23.058000000+00:00,76900.67869896616,73268.17389552956,experimental,80645.4753342122,0.1,53c38554-d801-451b-b861-96434bd3844f,"{""legs"":{},""scoredRungs"":0,""settleByObservable"":{""terminal_close"":78924.0},""version"":""settlement/1""}",78924.0,pout:pbh:b76a9103434c154b65c977b4382274890765f3c2079d3e9f962876959838d8e4:2026-08-24,2026-08-24,po:crypto:btc:price-outlook:two-day:2026-08-24:528f1d95b0eb06da:5f438998bfa2e773,"{""distribution"":{""crps"":1175.6339191963266,""crpsGridPoints"":5,""crpsPHigh"":0.9,""crpsPLow"":0.1,""inBand"":false,""inWideBand"":true,""pinball"":{""0.1"":565.5826104470442,""0.25"":945.5411525538657,""0.5"":1091.391676573854,""0.75"":352.6552457690341,""0.9"":172.1475334212198}},""excursion"":{""bars"":63.0,""coverage"":1.0,""droppedCandles"":0.0,""expectedBars"":63.0,""intervalSeconds"":3600.0,""maxGapBars"":0.0},""legBrier"":{""legs"":{},""scoredRungs"":0,""settleByObservable"":{""terminal_close"":78924.0},""version"":""settlement/1""},""receipt"":{""barrierNote"":null,""costPct"":null,""entryRefPrice"":77415.5,""exitPrice"":78924.0,""exitReason"":""anchor"",""grossReturnPct"":1.948576,""hitStop"":null,""hitTarget"":true,""netReturnPct"":null,""netReturnReason"":""no_cost_basis"",""realizedPct"":1.948576,""settlePrice"":78924.0,""side"":""long""},""settleBasis"":""hl-candle-close"",""settleNote"":null,""settleQuality"":{""bars"":120.0,""coverage"":1.0,""droppedCandles"":0.0,""expectedBars"":120.0,""intervalSeconds"":60.0,""maxGapBars"":0.0,""stalenessSeconds"":0.001},""settleSource"":""hyperliquid-candle"",""settlementVersion"":""settlement/1""}",True,settlement/1,2026-08-24T20:59:59.999000000+00:00,psig:crypto:btc:price-outlook:two-day:2026-08-24:r3,terminal_close,"{""0.1"":565.5826104470442,""0.25"":945.5411525538657,""0.5"":1091.391676573854,""0.75"":352.6552457690341,""0.9"":172.1475334212198}",75141.83538978454,sha256:f9d5ffd9409636486eafaa9b610b6bd5648edcb519051333e245de0740e38dab,True,two-day,78453.79300564129,,,,,,sha256:f9d5ffd9409636486eafaa9b610b6bd5648edcb519051333e245de0740e38dab,spot,verified,,terminal_close,,projection,"[{""clampedPercentiles"":[],""contributing"":true,""leg"":""house"",""median"":77059.93286572903,""rawWeight"":0.2,""scaleSource"":""own"",""support"":2748,""weight"":0.22222222222222227},{""clampedPercentiles"":[],""contributing"":true,""leg"":""q"",""median"":76650.15487003037,""rawWeight"":0.7,""scaleSource"":""own"",""support"":2748,""weight"":0.7777777777777778}]",,77012.5,76741.21664685229,73268.17389552956,75141.83538978454,78453.79300564129,80645.4753342122,False,2026-08-23T03:30:35.82436Z,2026-08-23T03:30:35.82436Z,2026-08-24T21:00:00Z,2026-08-24,1.7287520328703705,blend/1,decide/2,-2.7656775545432417,2.7656775545432417,41.49004878888889,crypto:btc|2026-08-24|hl-candle-close,0
kalshi,Copper — Daily · to Aug 18,,,commodity,,commodity:copper:price-outlook:daily,commodity:copper,asset-price/1,signal,2026-08-18T21:00:00.000000000+00:00,hyperliquid-candle,,,hl-candle-close,,0.021674921402281055,,5,0.9,False,6.52705017094129,,False,2026-08-18T21:15:17.865000000+00:00,6.527284513024412,6.516188338720941,experimental,6.539358516144086,0.1,,"{""legs"":{},""scoredRungs"":0,""settleByObservable"":{""terminal_close"":6.5574},""version"":""settlement/1""}",6.5574,pout:commodity:copper:price-outlook:daily:2026-08-18,2026-08-18,po:commodity:copper:price-outlook:daily:2026-08-18:55cc8a070a78d2ab:2c83cdecc4dc98ea,"{""distribution"":{""crps"":0.021674921402281055,""crpsGridPoints"":5,""crpsPHigh"":0.9,""crpsPLow"":0.1,""inBand"":false,""inWideBand"":false,""pinball"":{""0.1"":0.004121166127905962,""0.25"":0.009013834619201022,""0.5"":0.015174914529355377,""0.75"":0.018570387625471474,""0.9"":0.01623733547032318}},""excursion"":null,""legBrier"":{""legs"":{},""scoredRungs"":0,""settleByObservable"":{""terminal_close"":6.5574},""version"":""settlement/1""},""receipt"":null,""settleBasis"":""hl-candle-close"",""settleNote"":null,""settleQuality"":{""bars"":120.0,""coverage"":1.0,""droppedCandles"":0.0,""expectedBars"":120.0,""intervalSeconds"":60.0,""maxGapBars"":0.0,""stalenessSeconds"":0.001},""settleSource"":""hyperliquid-candle"",""settlementVersion"":""settlement/1""}",,settlement/1,2026-08-18T20:59:59.999000000+00:00,,terminal_close,"{""0.1"":0.004121166127905962,""0.25"":0.009013834619201022,""0.5"":0.015174914529355377,""0.75"":0.018570387625471474,""0.9"":0.01623733547032318}",6.521344661523196,,,daily,6.532639483166038,KXCOPPERD,,,,,,venue,,,terminal_close,,signal,"[{""clampedPercentiles"":[],""contributing"":true,""leg"":""house"",""median"":6.5585230957021805,""rawWeight"":0.6,""scaleSource"":""own"",""support"":6115,""weight"":0.7058823529411765},{""clampedPercentiles"":[],""contributing"":true,""leg"":""venue"",""median"":6.451515151515152,""rawWeight"":0.25,""scaleSource"":""own"",""support"":50,""weight"":0.29411764705882354}]",,6.5585,6.52705017094129,6.516188338720941,6.521344661523196,6.532639483166038,6.539358516144086,False,2026-08-18T20:30:46.231594Z,2026-08-18T20:30:46.231594Z,2026-08-18T21:00:00Z,2026-08-18,0.020298245439814813,blend/1,decide/1,-0.4628332732288827,0.4628332732288827,0.48715789055555553,commodity:copper|2026-08-18|hl-candle-close,0
kalshi,Copper — Weekly · to Aug 18,,,commodity,,commodity:copper:price-outlook:weekly,commodity:copper,asset-price/1,signal,2026-08-18T21:00:00.000000000+00:00,hyperliquid-candle,,,hl-candle-close,,0.07370409986219695,,5,0.9,False,6.671108933548115,,False,2026-08-18T21:15:18.523000000+00:00,6.672884683343249,6.591078078024891,experimental,6.75581190949549,0.1,,"{""legs"":{},""scoredRungs"":0,""settleByObservable"":{""terminal_close"":6.5574},""version"":""settlement/1""}",6.5574,pout:commodity:copper:price-outlook:weekly:2026-08-18,2026-08-18,po:commodity:copper:price-outlook:weekly:2026-08-18:55cc8a070a78d2ab:17f8b8a72879e548,"{""distribution"":{""crps"":0.07370409986219695,""crpsGridPoints"":5,""crpsPHigh"":0.9,""crpsPLow"":0.1,""inBand"":false,""inWideBand"":false,""pinball"":{""0.1"":0.03031027022240158,""0.25"":0.05602474654812317,""0.5"":0.056854466774057144,""0.75"":0.03836062170031629,""0.9"":0.019841190949548965}},""excursion"":null,""legBrier"":{""legs"":{},""scoredRungs"":0,""settleByObservable"":{""terminal_close"":6.5574},""version"":""settlement/1""},""receipt"":null,""settleBasis"":""hl-candle-close"",""settleNote"":null,""settleQuality"":{""bars"":120.0,""coverage"":1.0,""droppedCandles"":0.0,""expectedBars"":120.0,""intervalSeconds"":60.0,""maxGapBars"":0.0,""stalenessSeconds"":0.001},""settleSource"":""hyperliquid-candle"",""settlementVersion"":""settlement/1""}",,settlement/1,2026-08-18T20:59:59.999000000+00:00,,terminal_close,"{""0.1"":0.03031027022240158,""0.25"":0.05602474654812317,""0.5"":0.056854466774057144,""0.75"":0.03836062170031629,""0.9"":0.019841190949548965}",6.632099662064165,,,weekly,6.7108424868012655,KXCOPPERD,,,,,,venue,,,terminal_close,,signal,"[{""clampedPercentiles"":[],""contributing"":true,""leg"":""house"",""median"":6.706293211415384,""rawWeight"":0.6,""scaleSource"":""own"",""support"":6115,""weight"":0.7058823529411765},{""clampedPercentiles"":[],""contributing"":true,""leg"":""venue"",""median"":6.586666666666667,""rawWeight"":0.25,""scaleSource"":""own"",""support"":47,""weight"":0.29411764705882354}]",,6.7053,6.671108933548115,6.591078078024891,6.632099662064165,6.7108424868012655,6.75581190949549,False,2026-08-17T21:30:41.594968Z,2026-08-17T21:30:41.594968Z,2026-08-18T21:00:00Z,2026-08-18,0.9786852434259259,blend/1,decide/1,1.734055167415657,1.734055167415657,23.48844584222222,commodity:copper|2026-08-18|hl-candle-close,0
kalshi,Gold — Daily · to Aug 19,,,commodity,,commodity:gold:price-outlook:daily,commodity:gold,asset-price/1,signal,2026-08-19T00:00:00.000000000+00:00,hyperliquid-candle,,,hl-candle-close,,1.7603065433239045,,5,0.9,True,4332.174489828697,,True,2026-08-19T00:15:19.385000000+00:00,4331.932926016802,4322.542953120596,experimental,4340.423462905909,0.1,,"{""legs"":{},""scoredRungs"":0,""settleByObservable"":{""terminal_close"":4334.8},""version"":""settlement/1""}",4334.8,pout:commodity:gold:price-outlook:daily:2026-08-19,2026-08-19,po:commodity:gold:price-outlook:daily:2026-08-19:55cc8a070a78d2ab:bb03393ab70c8631,"{""distribution"":{""crps"":1.7603065433239045,""crpsGridPoints"":5,""crpsPHigh"":0.9,""crpsPLow"":0.1,""inBand"":true,""inWideBand"":true,""pinball"":{""0.1"":1.2257046879403788,""0.25"":1.7151090223380834,""0.5"":1.3127550856515882,""0.75"":0.3741943619579615,""0.9"":0.5623462905909036}},""excursion"":null,""legBrier"":{""legs"":{},""scoredRungs"":0,""settleByObservable"":{""terminal_close"":4334.8},""version"":""settlement/1""},""receipt"":null,""settleBasis"":""hl-candle-close"",""settleNote"":null,""settleQuality"":{""bars"":120.0,""coverage"":1.0,""droppedCandles"":0.0,""expectedBars"":120.0,""intervalSeconds"":60.0,""maxGapBars"":0.0,""stalenessSeconds"":0.001},""settleSource"":""hyperliquid-candle"",""settlementVersion"":""settlement/1""}",,settlement/1,2026-08-18T23:59:59.999000000+00:00,,terminal_close,"{""0.1"":1.2257046879403788,""0.25"":1.7151090223380834,""0.5"":1.3127550856515882,""0.75"":0.3741943619579615,""0.9"":0.5623462905909036}",4327.939563910648,,,daily,4336.296777447832,KXGOLDH,,,,,,venue,,,terminal_close,,signal,"[{""clampedPercentiles"":[],""contributing"":true,""leg"":""house"",""median"":4332.768601969964,""rawWeight"":0.6,""scaleSource"":""own"",""support"":6115,""weight"":0.7058823529411765},{""clampedPercentiles"":[],""contributing"":true,""leg"":""venue"",""median"":4330.748620689655,""rawWeight"":0.25,""scaleSource"":""own"",""support"":34,""weight"":0.29411764705882354}]",,4332.75,4332.174489828697,4322.542953120596,4327.939563910648,4336.296777447832,4340.423462905909,False,2026-08-18T23:31:07.231301Z,2026-08-18T23:31:07.231301Z,2026-08-19T00:00:00Z,2026-08-19,0.020055193275462964,blend/1,decide/1,-0.06056819625595589,0.06056819625595589,0.4813246386111111,commodity:gold|2026-08-19|hl-candle-close,0
kalshi,Silver — Daily · to Aug 19,,,commodity,,commodity:silver:price-outlook:daily,commodity:silver,asset-price/1,signal,2026-08-19T00:00:00.000000000+00:00,hyperliquid-candle,,,hl-candle-close,,0.07893304288508737,,5,0.9,False,62.84697118707474,,True,2026-08-19T00:15:20.555000000+00:00,62.86012102771312,62.66634319048275,experimental,63.070868618874556,0.1,,"{""legs"":{},""scoredRungs"":0,""settleByObservable"":{""terminal_close"":62.997},""version"":""settlement/1""}",62.997,pout:commodity:silver:price-outlook:daily:2026-08-19,2026-08-19,po:commodity:silver:price-outlook:daily:2026-08-19:55cc8a070a78d2ab:f8ab54d693fa78f9,"{""distribution"":{""crps"":0.07893304288508737,""crpsGridPoints"":5,""crpsPHigh"":0.9,""crpsPLow"":0.1,""inBand"":false,""inWideBand"":true,""pinball"":{""0.1"":0.03306568095172509,""0.25"":0.06322060367898175,""0.5"":0.07501440646262836,""0.75"":0.025174291890758482,""0.9"":0.007386861887455608}},""excursion"":null,""legBrier"":{""legs"":{},""scoredRungs"":0,""settleByObservable"":{""terminal_close"":62.997},""version"":""settlement/1""},""receipt"":null,""settleBasis"":""hl-candle-close"",""settleNote"":null,""settleQuality"":{""bars"":120.0,""coverage"":1.0,""droppedCandles"":0.0,""expectedBars"":120.0,""intervalSeconds"":60.0,""maxGapBars"":0.0,""stalenessSeconds"":0.001},""settleSource"":""hyperliquid-candle"",""settlementVersion"":""settlement/1""}",,settlement/1,2026-08-18T23:59:59.999000000+00:00,,terminal_close,"{""0.1"":0.03306568095172509,""0.25"":0.06322060367898175,""0.5"":0.07501440646262836,""0.75"":0.025174291890758482,""0.9"":0.007386861887455608}",62.74411758528407,,,daily,62.96343427747899,KXSILVERH,,,,,,venue,,,terminal_close,,signal,"[{""clampedPercentiles"":[],""contributing"":true,""leg"":""house"",""median"":62.84793744255878,""rawWeight"":0.6,""scaleSource"":""own"",""support"":6115,""weight"":0.7058823529411765},{""clampedPercentiles"":[0.1,0.25],""contributing"":true,""leg"":""venue"",""median"":62.84465217391304,""rawWeight"":0.25,""scaleSource"":""own"",""support"":23,""weight"":0.29411764705882354}]",,62.8475,62.84697118707474,62.66634319048275,62.74411758528407,62.96343427747899,63.070868618874556,False,2026-08-18T23:31:07.231301Z,2026-08-18T23:31:07.231301Z,2026-08-19T00:00:00Z,2026-08-19,0.020055193275462964,blend/1,decide/1,-0.23815231348358923,0.23815231348358923,0.4813246386111111,commodity:silver|2026-08-19|hl-candle-close,0
kalshi,WTI Crude Oil — Daily · to Aug 19,,,commodity,,commodity:wti:price-outlook:daily,commodity:wti,asset-price/1,signal,2026-08-19T00:00:00.000000000+00:00,hyperliquid-candle,,,hl-candle-close,,0.048077537575121454,,5,0.9,True,84.50668838288568,,True,2026-08-19T00:15:21.075000000+00:00,84.50084289222808,84.16682427663115,experimental,84.82777395727179,0.1,,"{""legs"":{},""scoredRungs"":0,""settleByObservable"":{""terminal_close"":84.528},""version"":""settlement/1""}",84.528,pout:commodity:wti:price-outlook:daily:2026-08-19,2026-08-19,po:commodity:wti:price-outlook:daily:2026-08-19:55cc8a070a78d2ab:e0562d0c8bae0894,"{""distribution"":{""crps"":0.048077537575121454,""crpsGridPoints"":5,""crpsPHigh"":0.9,""crpsPLow"":0.1,""inBand"":true,""inWideBand"":true,""pinball"":{""0.1"":0.03611757233688593,""0.25"":0.04696640155762921,""0.5"":0.01065580855716064,""0.75"":0.03512206865969958,""0.9"":0.029977395727178183}},""excursion"":null,""legBrier"":{""legs"":{},""scoredRungs"":0,""settleByObservable"":{""terminal_close"":84.528},""version"":""settlement/1""},""receipt"":null,""settleBasis"":""hl-candle-close"",""settleNote"":null,""settleQuality"":{""bars"":120.0,""coverage"":1.0,""droppedCandles"":0.0,""expectedBars"":120.0,""intervalSeconds"":60.0,""maxGapBars"":0.0,""stalenessSeconds"":0.001},""settleSource"":""hyperliquid-candle"",""settlementVersion"":""settlement/1""}",,settlement/1,2026-08-18T23:59:59.999000000+00:00,,terminal_close,"{""0.1"":0.03611757233688593,""0.25"":0.04696640155762921,""0.5"":0.01065580855716064,""0.75"":0.03512206865969958,""0.9"":0.029977395727178183}",84.34013439376949,,,daily,84.6684882746388,KXWTIH,,,,,,,,,terminal_close,,signal,"[{""clampedPercentiles"":[],""contributing"":true,""leg"":""house"",""median"":84.50668838288568,""rawWeight"":0.6,""scaleSource"":""own"",""support"":6115,""weight"":1.0}]",,84.506,84.50668838288568,84.16682427663115,84.34013439376949,84.6684882746388,84.82777395727179,False,2026-08-18T23:31:07.231301Z,2026-08-18T23:31:07.231301Z,2026-08-19T00:00:00Z,2026-08-19,0.020055193275462964,blend/1,decide/1,-0.02521249422004694,0.02521249422004694,0.4813246386111111,commodity:wti|2026-08-19|hl-candle-close,0
kalshi,Bitcoin — Daily · to Aug 19,,,crypto,,crypto:btc:price-outlook:daily,crypto:btc,asset-price/1,signal,2026-08-19T00:00:00.000000000+00:00,hyperliquid-candle,,,hl-candle-close,,17.665759381945172,,5,0.9,True,64700.40114255335,,True,2026-08-19T00:15:21.744000000+00:00,64674.22302419524,64577.940331326376,experimental,64843.732737942715,0.1,,"{""legs"":{},""scoredRungs"":0,""settleByObservable"":{""terminal_close"":64696.0},""version"":""settlement/1""}",64696.0,pout:crypto:btc:price-outlook:daily:2026-08-19,2026-08-19,po:crypto:btc:price-outlook:daily:2026-08-19:55cc8a070a78d2ab:9c1ef55e210b581e,"{""distribution"":{""crps"":17.665759381945172,""crpsGridPoints"":5,""crpsPHigh"":0.9,""crpsPLow"":0.1,""inBand"":true,""inWideBand"":true,""pinball"":{""0.1"":11.805966867362441,""0.25"":13.692854212658858,""0.5"":2.200571276676783,""0.75"":17.75361489824536,""0.9"":14.773273794271514}},""excursion"":null,""legBrier"":{""legs"":{},""scoredRungs"":0,""settleByObservable"":{""terminal_close"":64696.0},""version"":""settlement/1""},""receipt"":null,""settleBasis"":""hl-candle-close"",""settleNote"":null,""settleQuality"":{""bars"":120.0,""coverage"":1.0,""droppedCandles"":0.0,""expectedBars"":120.0,""intervalSeconds"":60.0,""maxGapBars"":0.0,""stalenessSeconds"":0.001},""settleSource"":""hyperliquid-candle"",""settlementVersion"":""settlement/1""}",,settlement/1,2026-08-18T23:59:59.999000000+00:00,,terminal_close,"{""0.1"":11.805966867362441,""0.25"":13.692854212658858,""0.5"":2.200571276676783,""0.75"":17.75361489824536,""0.9"":14.773273794271514}",64641.228583149365,,,daily,64767.01445959298,KXBTCD,,,,,,venue,,,terminal_close,,signal,"[{""clampedPercentiles"":[],""contributing"":true,""leg"":""house"",""median"":64711.70750942184,""rawWeight"":0.6,""scaleSource"":""own"",""support"":2748,""weight"":0.7058823529411765},{""clampedPercentiles"":[],""contributing"":true,""leg"":""venue"",""median"":64673.26586206896,""rawWeight"":0.25,""scaleSource"":""own"",""support"":188,""weight"":0.29411764705882354}]",,64711.5,64700.40114255335,64577.940331326376,64641.228583149365,64767.01445959298,64843.732737942715,False,2026-08-18T23:31:07.231301Z,2026-08-18T23:31:07.231301Z,2026-08-19T00:00:00Z,2026-08-19,0.020055193275462964,blend/1,decide/1,0.006802804738088237,0.006802804738088237,0.4813246386111111,crypto:btc|2026-08-19|hl-candle-close,0
kalshi,Copper — Short · Daily · to Aug 27,False,0.425583,commodity,False,commodity:copper:price-outlook:daily,commodity:copper,asset-price/2,signal,2026-08-27T21:00:00.000000000+00:00,hyperliquid-candle,True,sha256:0f2f004be8916598e63af4dc583d567bdd10dd91992e94db198507a13ec5fd47,hl-candle-close,True,0.027754844184239114,6.7202,5,0.9,False,6.63146216505537,short,True,2026-08-27T21:15:14.571000000+00:00,6.639063772267355,6.54727037154269,experimental,6.717263285767173,0.1,21c1e49f-5573-4a3a-8b9c-11e785b60972,"{""legs"":{""venue"":{""brier"":0.08465682,""leg"":""venue"",""meanOutcome"":1.0,""meanProbability"":0.89863636,""n"":11,""reason"":null,""unscored"":{""grid_no_probability"":49}}},""scoredRungs"":11,""settleByObservable"":{""terminal_close"":6.6916},""version"":""settlement/1""}",6.6916,pout:pbh:b73de04c8209ac6d3216fe782b150a5d861db53a5a80310ab3fb6fb26df9f2b7:2026-08-27,2026-08-27,po:commodity:copper:price-outlook:daily:2026-08-27:949218dc08e39f43:2e3995f4ac04e1d9,"{""distribution"":{""crps"":0.027754844184239114,""crpsGridPoints"":5,""crpsPHigh"":0.9,""crpsPLow"":0.1,""inBand"":false,""inWideBand"":true,""pinball"":{""0.1"":0.014432962845731014,""0.25"":0.022291940445469338,""0.5"":0.030068917472314993,""0.75"":0.0031342888913166167,""0.9"":0.0025663285767172357}},""excursion"":{""bars"":24.0,""coverage"":1.0,""droppedCandles"":0.0,""expectedBars"":23.0,""intervalSeconds"":3600.0,""maxGapBars"":0.0},""legBrier"":{""legs"":{""venue"":{""brier"":0.08465682,""leg"":""venue"",""meanOutcome"":1.0,""meanProbability"":0.89863636,""n"":11,""reason"":null,""unscored"":{""grid_no_probability"":49}}},""scoredRungs"":11,""settleByObservable"":{""terminal_close"":6.6916},""version"":""settlement/1""},""receipt"":{""barrierNote"":null,""costPct"":null,""entryRefPrice"":6.7202,""exitPrice"":6.6916,""exitReason"":""anchor"",""grossReturnPct"":0.425583,""hitStop"":null,""hitTarget"":true,""netReturnPct"":null,""netReturnReason"":""no_cost_basis"",""realizedPct"":0.425583,""settlePrice"":6.6916,""side"":""short""},""settleBasis"":""hl-candle-close"",""settleNote"":null,""settleQuality"":{""bars"":120.0,""coverage"":1.0,""droppedCandles"":0.0,""expectedBars"":120.0,""intervalSeconds"":60.0,""maxGapBars"":0.0,""stalenessSeconds"":0.001},""settleSource"":""hyperliquid-candle"",""settlementVersion"":""settlement/1""}",True,settlement/1,2026-08-27T20:59:59.999000000+00:00,psig:commodity:copper:price-outlook:daily:2026-08-27:r1,terminal_close,"{""0.1"":0.014432962845731014,""0.25"":0.022291940445469338,""0.5"":0.030068917472314993,""0.75"":0.0031342888913166167,""0.9"":0.0025663285767172357}",6.602432238218123,sha256:0f2f004be8916598e63af4dc583d567bdd10dd91992e94db198507a13ec5fd47,True,daily,6.687420948144911,KXCOPPERD,,,,,sha256:0f2f004be8916598e63af4dc583d567bdd10dd91992e94db198507a13ec5fd47,spot,verified,,terminal_close,,signal,"[{""clampedPercentiles"":[],""contributing"":true,""leg"":""house"",""median"":6.689221566488795,""rawWeight"":0.2,""scaleSource"":""own"",""support"":6115,""weight"":0.2},{""clampedPercentiles"":[],""contributing"":true,""leg"":""venue"",""median"":6.589364161849711,""rawWeight"":0.1,""scaleSource"":""own"",""support"":50,""weight"":0.1},{""clampedPercentiles"":[],""contributing"":true,""leg"":""q"",""median"":6.622709173009566,""rawWeight"":0.7,""scaleSource"":""own"",""support"":13,""weight"":0.7}]",,6.6892,6.63146216505537,6.54727037154269,6.602432238218123,6.687420948144911,6.717263285767173,False,2026-08-27T20:30:29.48265Z,2026-08-27T20:30:29.48265Z,2026-08-27T21:00:00Z,2026-08-27,0.020492098958333333,blend/1,decide/3,-0.8987063623741705,0.8987063623741705,0.491810375,commodity:copper|2026-08-27|hl-candle-close,0
kalshi,Copper — Short · Next-day · to Aug 27,False,0.03884,commodity,False,commodity:copper:price-outlook:next-day,commodity:copper,asset-price/2,signal,2026-08-27T21:00:00.000000000+00:00,hyperliquid-candle,True,sha256:0f2f004be8916598e63af4dc583d567bdd10dd91992e94db198507a13ec5fd47,hl-candle-close,True,0.030495148699261145,6.6942,5,0.9,True,6.650509703152735,short,True,2026-08-27T21:15:15.429000000+00:00,6.6562704579283665,6.539818944935356,experimental,6.761904723630884,0.1,21c1e49f-5573-4a3a-8b9c-11e785b60972,"{""legs"":{""venue"":{""brier"":0.10475882,""leg"":""venue"",""meanOutcome"":0.44117647,""meanProbability"":0.3,""n"":34,""reason"":null,""unscored"":{""grid_no_probability"":16}}},""scoredRungs"":34,""settleByObservable"":{""terminal_close"":6.6916},""version"":""settlement/1""}",6.6916,pout:pbh:ba79221fd3830f44088f4c1f39af6973dd49542f6b4ac54698fbf128fc240fb0:2026-08-27,2026-08-27,po:commodity:copper:price-outlook:next-day:2026-08-27:949218dc08e39f43:194d38817c86cba6,"{""distribution"":{""crps"":0.030495148699261145,""crpsGridPoints"":5,""crpsPHigh"":0.9,""crpsPLow"":0.1,""inBand"":true,""inWideBand"":true,""pinball"":{""0.1"":0.015178105506464413,""0.25"":0.02834529298764288,""0.5"":0.020545148423632753,""0.75"":0.013882926529886763,""0.9"":0.007030472363088334}},""excursion"":{""bars"":28.0,""coverage"":1.0,""droppedCandles"":0.0,""expectedBars"":27.0,""intervalSeconds"":3600.0,""maxGapBars"":0.0},""legBrier"":{""legs"":{""venue"":{""brier"":0.10475882,""leg"":""venue"",""meanOutcome"":0.44117647,""meanProbability"":0.3,""n"":34,""reason"":null,""unscored"":{""grid_no_probability"":16}}},""scoredRungs"":34,""settleByObservable"":{""terminal_close"":6.6916},""version"":""settlement/1""},""receipt"":{""barrierNote"":null,""costPct"":null,""entryRefPrice"":6.6942,""exitPrice"":6.6916,""exitReason"":""anchor"",""grossReturnPct"":0.03884,""hitStop"":null,""hitTarget"":true,""netReturnPct"":null,""netReturnReason"":""no_cost_basis"",""realizedPct"":0.03884,""settlePrice"":6.6916,""side"":""short""},""settleBasis"":""hl-candle-close"",""settleNote"":null,""settleQuality"":{""bars"":120.0,""coverage"":1.0,""droppedCandles"":0.0,""expectedBars"":120.0,""intervalSeconds"":60.0,""maxGapBars"":0.0,""stalenessSeconds"":0.001},""settleSource"":""hyperliquid-candle"",""settlementVersion"":""settlement/1""}",True,settlement/1,2026-08-27T20:59:59.999000000+00:00,psig:commodity:copper:price-outlook:next-day:2026-08-27:r15,terminal_close,"{""0.1"":0.015178105506464413,""0.25"":0.02834529298764288,""0.5"":0.020545148423632753,""0.75"":0.013882926529886763,""0.9"":0.007030472363088334}",6.578218828049429,sha256:0f2f004be8916598e63af4dc583d567bdd10dd91992e94db198507a13ec5fd47,True,next-day,6.747131706119547,KXCOPPERD,,,,,sha256:0f2f004be8916598e63af4dc583d567bdd10dd91992e94db198507a13ec5fd47,spot,verified,,terminal_close,,signal,"[{""clampedPercentiles"":[],""contributing"":true,""leg"":""house"",""median"":6.701328918608234,""rawWeight"":0.2,""scaleSource"":""own"",""support"":6115,""weight"":0.2},{""clampedPercentiles"":[],""contributing"":true,""leg"":""venue"",""median"":6.584,""rawWeight"":0.1,""scaleSource"":""own"",""support"":40,""weight"":0.1},{""clampedPercentiles"":[0.1,0.75,0.9],""contributing"":true,""leg"":""q"",""median"":6.658388727583262,""rawWeight"":0.7,""scaleSource"":""own"",""support"":10,""weight"":0.7}]",,6.7002,6.650509703152735,6.539818944935356,6.578218828049429,6.747131706119547,6.761904723630884,False,2026-08-26T20:30:32.321759Z,2026-08-26T20:30:32.321759Z,2026-08-27T21:00:00Z,2026-08-27,1.020459238900463,blend/1,decide/3,-0.6140578762518009,0.6140578762518009,24.491021733611113,commodity:copper|2026-08-27|hl-candle-close,0
polymarket,WTI Crude Oil — Daily · to Sep 2,False,,commodity,False,commodity:wti:price-outlook:daily,commodity:wti,asset-price/2,signal,2026-09-02T14:30:00.000000000-04:00,hyperliquid-candle,True,sha256:46c2ae7e0818d1019f57a01bdc99207a8d1a27d52940e85a78a6901163e048cd,hl-candle-close,,0.10183081784772305,,5,0.9,True,91.062,,True,2026-09-02T19:15:32.495000000+00:00,91.05388408708066,90.57869311607185,experimental,91.51917545877183,0.1,d9f0cd9d-d4d1-4fd4-8885-9b4eb60c3439,"{""legs"":{""venue"":{""brier"":5.417e-05,""leg"":""venue"",""meanOutcome"":1.0,""meanProbability"":0.9935,""n"":30,""reason"":null,""unscored"":{}}},""scoredRungs"":30,""settleByObservable"":{""terminal_close"":90.898},""version"":""settlement/1""}",90.898,pout:pbh:9e7347f4ac614c707838462efa869e21be85320b73729a5557c9091ab16b9b63:2026-09-02,2026-09-02,po:commodity:wti:price-outlook:daily:2026-09-02:47f8c5a6ef3e223c:76813d1cd6b2cc83,"{""distribution"":{""crps"":0.10183081784772305,""crpsGridPoints"":5,""crpsPHigh"":0.9,""crpsPLow"":0.1,""inBand"":true,""inWideBand"":true,""pinball"":{""0.1"":0.031930688392814946,""0.25"":0.018231910294122855,""0.5"":0.08200000000000074,""0.75"":0.09857704647393462,""0.9"":0.06211754587718302}},""excursion"":null,""legBrier"":{""legs"":{""venue"":{""brier"":5.417e-05,""leg"":""venue"",""meanOutcome"":1.0,""meanProbability"":0.9935,""n"":30,""reason"":null,""unscored"":{}}},""scoredRungs"":30,""settleByObservable"":{""terminal_close"":90.898},""version"":""settlement/1""},""receipt"":null,""settleBasis"":""hl-candle-close"",""settleNote"":null,""settleQuality"":{""bars"":120.0,""coverage"":1.0,""droppedCandles"":0.0,""expectedBars"":120.0,""intervalSeconds"":60.0,""maxGapBars"":0.0,""stalenessSeconds"":0.001},""settleSource"":""hyperliquid-candle"",""settlementVersion"":""settlement/1""}",True,settlement/1,2026-09-02T18:29:59.999000000+00:00,,terminal_close,"{""0.1"":0.031930688392814946,""0.25"":0.018231910294122855,""0.5"":0.08200000000000074,""0.75"":0.09857704647393462,""0.9"":0.06211754587718302}",90.8250723588235,sha256:46c2ae7e0818d1019f57a01bdc99207a8d1a27d52940e85a78a6901163e048cd,True,daily,91.29230818589573,,,,,,sha256:46c2ae7e0818d1019f57a01bdc99207a8d1a27d52940e85a78a6901163e048cd,spot,verified,,terminal_close,,signal,"[{""clampedPercentiles"":[],""contributing"":true,""leg"":""house"",""median"":91.062,""rawWeight"":0.2,""scaleSource"":""own"",""support"":6115,""weight"":1.0}]",,91.062,91.062,90.57869311607185,90.8250723588235,91.29230818589573,91.51917545877183,False,2026-09-02T17:30:36.836506Z,2026-09-02T17:30:36.836506Z,2026-09-02T14:30:00-04:00,2026-09-02,0.041240318217592595,blend/1,decide/3,0.18042201148540285,0.18042201148540285,0.9897676372222222,commodity:wti|2026-09-02|hl-candle-close,0
kalshi,WTI Crude Oil — Next-day · to Sep 1,False,,commodity,False,commodity:wti:price-outlook:next-day,commodity:wti,asset-price/2,signal,2026-09-01T14:30:00.000000000-04:00,kalshi-settled-print,True,bridge:sha256:b426cee1da09d62e614047b5b3fbfaa2907ef06fc8546480218fab039ddaf700,venue-settlement-value,,2.7496830105183636,,5,0.9,False,86.02527326527343,,False,2026-09-02T19:15:33.601000000+00:00,,83.55663268389111,experimental,88.68936459942314,0.1,d9f0cd9d-d4d1-4fd4-8885-9b4eb60c3439,"{""legs"":{},""scoredRungs"":0,""settleByObservable"":{""terminal_close"":90.22},""version"":""settlement/1""}",90.22,pout:pbh:94e874a6a932917258bd6ed0308abd448ee0da7d874b981c3b25a77630e21b90:2026-09-01,2026-09-01,po:pbh:94e874a6a932917258bd6ed0308abd448ee0da7d874b981c3b25a77630e21b90:2026-09-01:eb92e5a72f1face6:111764c9609cc8db,"{""distribution"":{""crps"":2.7496830105183636,""crpsGridPoints"":5,""crpsPHigh"":0.9,""crpsPLow"":0.1,""inBand"":false,""inWideBand"":false,""pinball"":{""0.1"":0.666336731610889,""0.25"":1.3450231189707793,""0.5"":2.097363367363286,""0.75"":2.1410144760722503,""0.9"":1.37757186051917}},""excursion"":null,""legBrier"":{""legs"":{},""scoredRungs"":0,""settleByObservable"":{""terminal_close"":90.22},""version"":""settlement/1""},""receipt"":null,""settleBasis"":""venue-settlement-value"",""settleNote"":null,""settleQuality"":{""venueSettlement"":1.0},""settleSource"":""kalshi-settled-print"",""settlementVersion"":""settlement/1""}",True,settlement/1,2026-09-01T14:30:00.000000000-04:00,,terminal_close,"{""0.1"":0.666336731610889,""0.25"":1.3450231189707793,""0.5"":2.097363367363286,""0.75"":2.1410144760722503,""0.9"":1.37757186051917}",84.83990752411688,bridge:sha256:b426cee1da09d62e614047b5b3fbfaa2907ef06fc8546480218fab039ddaf700,True,next-day,87.36531403190367,KXWTI,,,,,bridge:sha256:b426cee1da09d62e614047b5b3fbfaa2907ef06fc8546480218fab039ddaf700,,estimated,,terminal_close,,signal,,,85.7283604764641,86.02527326527343,83.55663268389111,84.83990752411688,87.36531403190367,88.68936459942314,False,2026-08-31T17:30:21.961299Z,2026-08-31T17:30:21.961299Z,2026-09-01T14:30:00-04:00,2026-09-01,1.0414124849652777,blend/1,decide/3,-4.649442179923046,4.649442179923046,24.993899639166667,commodity:wti|2026-09-01|venue-settlement-value,0
kalshi,WTI Crude Oil — Short · Next-day · to Sep 2,False,-3.503718,commodity,False,commodity:wti:price-outlook:next-day,commodity:wti,asset-price/2,signal,2026-09-02T14:30:00.000000000-04:00,hyperliquid-candle,True,sha256:46c2ae7e0818d1019f57a01bdc99207a8d1a27d52940e85a78a6901163e048cd,hl-candle-close,False,0.35671669399499356,87.821,5,0.9,True,90.64802628724621,short,True,2026-09-02T19:15:34.580000000+00:00,90.62430381079082,88.33371822077935,experimental,92.88127751546222,0.1,d9f0cd9d-d4d1-4fd4-8885-9b4eb60c3439,"{""legs"":{""venue"":{""brier"":0.01060917,""leg"":""venue"",""meanOutcome"":1.0,""meanProbability"":0.95183333,""n"":30,""reason"":null,""unscored"":{}}},""scoredRungs"":30,""settleByObservable"":{""terminal_close"":90.898},""version"":""settlement/1""}",90.898,pout:pbh:648a378eb48180d24dd05e3690619b244fbc3004e937d1cc010980beb88c82fd:2026-09-02,2026-09-02,po:commodity:wti:price-outlook:next-day:2026-09-02:eb92e5a72f1face6:2b2e924648694368,"{""distribution"":{""crps"":0.35671669399499356,""crpsGridPoints"":5,""crpsPHigh"":0.9,""crpsPLow"":0.1,""inBand"":true,""inWideBand"":true,""pinball"":{""0.1"":0.256428177922065,""0.25"":0.347609612685563,""0.5"":0.12498685637689277,""0.75"":0.21741507828019735,""0.9"":0.19832775154622193}},""excursion"":{""bars"":30.0,""coverage"":1.0,""droppedCandles"":0.0,""expectedBars"":30.0,""intervalSeconds"":3600.0,""maxGapBars"":1.0},""legBrier"":{""legs"":{""venue"":{""brier"":0.01060917,""leg"":""venue"",""meanOutcome"":1.0,""meanProbability"":0.95183333,""n"":30,""reason"":null,""unscored"":{}}},""scoredRungs"":30,""settleByObservable"":{""terminal_close"":90.898},""version"":""settlement/1""},""receipt"":{""barrierNote"":null,""costPct"":null,""entryRefPrice"":87.821,""exitPrice"":90.898,""exitReason"":""anchor"",""grossReturnPct"":-3.503718,""hitStop"":null,""hitTarget"":false,""netReturnPct"":null,""netReturnReason"":""no_cost_basis"",""realizedPct"":-3.503718,""settlePrice"":90.898,""side"":""short""},""settleBasis"":""hl-candle-close"",""settleNote"":null,""settleQuality"":{""bars"":120.0,""coverage"":1.0,""droppedCandles"":0.0,""expectedBars"":120.0,""intervalSeconds"":60.0,""maxGapBars"":0.0,""stalenessSeconds"":0.001},""settleSource"":""hyperliquid-candle"",""settlementVersion"":""settlement/1""}",True,settlement/1,2026-09-02T18:29:59.999000000+00:00,psig:commodity:wti:price-outlook:next-day:2026-09-02:r19,terminal_close,"{""0.1"":0.256428177922065,""0.25"":0.347609612685563,""0.5"":0.12498685637689277,""0.75"":0.21741507828019735,""0.9"":0.19832775154622193}",89.50756154925774,sha256:46c2ae7e0818d1019f57a01bdc99207a8d1a27d52940e85a78a6901163e048cd,True,next-day,91.76766031312079,KXWTI,,,,,sha256:46c2ae7e0818d1019f57a01bdc99207a8d1a27d52940e85a78a6901163e048cd,spot,verified,,terminal_close,,signal,"[{""clampedPercentiles"":[],""contributing"":true,""leg"":""house"",""median"":90.64802628724621,""rawWeight"":0.2,""scaleSource"":""own"",""support"":6115,""weight"":1.0}]",,90.616,90.64802628724621,88.33371822077935,89.50756154925774,91.76766031312079,92.88127751546222,False,2026-09-01T20:30:31.255202Z,2026-09-01T20:30:31.255202Z,2026-09-02T14:30:00-04:00,2026-09-02,0.9163049166435185,blend/1,decide/3,-0.27500463459458463,0.27500463459458463,21.991317999444444,commodity:wti|2026-09-02|hl-candle-close,0
kalshi,Copper — Long · Daily · to Sep 2,False,1.060298,commodity,False,commodity:copper:price-outlook:daily,commodity:copper,asset-price/2,signal,2026-09-02T21:00:00.000000000+00:00,hyperliquid-candle,True,sha256:0f2f004be8916598e63af4dc583d567bdd10dd91992e94db198507a13ec5fd47,hl-candle-close,True,0.0019288093184753618,6.5359,5,0.9,True,6.6032,long,True,2026-09-02T21:15:20.891000000+00:00,6.60299615853033,6.591828034691788,experimental,6.613919610469829,0.1,74632a1d-1cd4-47fa-ab2b-7c833322dc73,"{""legs"":{""venue"":{""brier"":0.28404773,""leg"":""venue"",""meanOutcome"":0.45454545,""meanProbability"":0.76863636,""n"":11,""reason"":null,""unscored"":{""grid_no_probability"":37}}},""scoredRungs"":11,""settleByObservable"":{""terminal_close"":6.6052},""version"":""settlement/1""}",6.6052,pout:pbh:b73de04c8209ac6d3216fe782b150a5d861db53a5a80310ab3fb6fb26df9f2b7:2026-09-02,2026-09-02,po:commodity:copper:price-outlook:daily:2026-09-02:47f8c5a6ef3e223c:9af76c68b8fe3e30,"{""distribution"":{""crps"":0.0019288093184753618,""crpsGridPoints"":5,""crpsPHigh"":0.9,""crpsPLow"":0.1,""inBand"":true,""inWideBand"":true,""pinball"":{""0.1"":0.0013371965308212276,""0.25"":0.001892418665625728,""0.5"":0.0009999999999998899,""0.75"":0.0008511705388862811,""0.9"":0.0008719610469828607}},""excursion"":{""bars"":22.0,""coverage"":1.0,""droppedCandles"":0.0,""expectedBars"":21.0,""intervalSeconds"":3600.0,""maxGapBars"":0.0},""legBrier"":{""legs"":{""venue"":{""brier"":0.28404773,""leg"":""venue"",""meanOutcome"":0.45454545,""meanProbability"":0.76863636,""n"":11,""reason"":null,""unscored"":{""grid_no_probability"":37}}},""scoredRungs"":11,""settleByObservable"":{""terminal_close"":6.6052},""version"":""settlement/1""},""receipt"":{""barrierNote"":null,""costPct"":null,""entryRefPrice"":6.5359,""exitPrice"":6.6052,""exitReason"":""anchor"",""grossReturnPct"":1.060298,""hitStop"":null,""hitTarget"":true,""netReturnPct"":null,""netReturnReason"":""no_cost_basis"",""realizedPct"":1.060298,""settlePrice"":6.6052,""side"":""long""},""settleBasis"":""hl-candle-close"",""settleNote"":null,""settleQuality"":{""bars"":120.0,""coverage"":1.0,""droppedCandles"":0.0,""expectedBars"":120.0,""intervalSeconds"":60.0,""maxGapBars"":0.0,""stalenessSeconds"":0.001},""settleSource"":""hyperliquid-candle"",""settlementVersion"":""settlement/1""}",True,settlement/1,2026-09-02T20:59:59.999000000+00:00,psig:commodity:copper:price-outlook:daily:2026-09-02:r3,terminal_close,"{""0.1"":0.0013371965308212276,""0.25"":0.001892418665625728,""0.5"":0.0009999999999998899,""0.75"":0.0008511705388862811,""0.9"":0.0008719610469828607}",6.597630325337497,sha256:0f2f004be8916598e63af4dc583d567bdd10dd91992e94db198507a13ec5fd47,True,daily,6.608604682155545,KXCOPPERD,,,,,sha256:0f2f004be8916598e63af4dc583d567bdd10dd91992e94db198507a13ec5fd47,spot,verified,,terminal_close,,signal,"[{""clampedPercentiles"":[],""contributing"":true,""leg"":""house"",""median"":6.6032,""rawWeight"":0.2,""scaleSource"":""own"",""support"":6115,""weight"":1.0}]",,6.6032,6.6032,6.591828034691788,6.597630325337497,6.608604682155545,6.613919610469829,False,2026-09-02T20:30:33.493538Z,2026-09-02T20:30:33.493538Z,2026-09-02T21:00:00Z,2026-09-02,0.02044567664351852,blend/1,decide/3,-0.030279173984130377,0.030279173984130377,0.49069623944444446,commodity:copper|2026-09-02|hl-candle-close,0
kalshi,Copper — Long · Next-day · to Sep 2,False,0.042409,commodity,False,commodity:copper:price-outlook:next-day,commodity:copper,asset-price/2,signal,2026-09-02T21:00:00.000000000+00:00,hyperliquid-candle,True,sha256:0f2f004be8916598e63af4dc583d567bdd10dd91992e94db198507a13ec5fd47,hl-candle-close,False,0.04255089376666497,6.6024,5,0.9,False,6.531578000094691,long,True,2026-09-02T21:15:22.241000000+00:00,6.530399183807906,6.450382453561841,experimental,6.6089210685709325,0.1,74632a1d-1cd4-47fa-ab2b-7c833322dc73,"{""legs"":{""venue"":{""brier"":0.00468889,""leg"":""venue"",""meanOutcome"":0.0,""meanProbability"":0.05277778,""n"":18,""reason"":null,""unscored"":{""grid_no_probability"":22}}},""scoredRungs"":18,""settleByObservable"":{""terminal_close"":6.6052},""version"":""settlement/1""}",6.6052,pout:pbh:ba79221fd3830f44088f4c1f39af6973dd49542f6b4ac54698fbf128fc240fb0:2026-09-02,2026-09-02,po:commodity:copper:price-outlook:next-day:2026-09-02:eb92e5a72f1face6:6cd49b51ef331356,"{""distribution"":{""crps"":0.04255089376666497,""crpsGridPoints"":5,""crpsPHigh"":0.9,""crpsPLow"":0.1,""inBand"":false,""inWideBand"":true,""pinball"":{""0.1"":0.015481754643815916,""0.25"":0.028374690199673536,""0.5"":0.036810999952654466,""0.75"":0.026043596213329856,""0.9"":0.00037210685709325724}},""excursion"":{""bars"":36.0,""coverage"":1.0,""droppedCandles"":0.0,""expectedBars"":35.0,""intervalSeconds"":3600.0,""maxGapBars"":0.0},""legBrier"":{""legs"":{""venue"":{""brier"":0.00468889,""leg"":""venue"",""meanOutcome"":0.0,""meanProbability"":0.05277778,""n"":18,""reason"":null,""unscored"":{""grid_no_probability"":22}}},""scoredRungs"":18,""settleByObservable"":{""terminal_close"":6.6052},""version"":""settlement/1""},""receipt"":{""barrierNote"":null,""costPct"":null,""entryRefPrice"":6.6024,""exitPrice"":6.6052,""exitReason"":""anchor"",""grossReturnPct"":0.042409,""hitStop"":null,""hitTarget"":false,""netReturnPct"":null,""netReturnReason"":""no_cost_basis"",""realizedPct"":0.042409,""settlePrice"":6.6052,""side"":""long""},""settleBasis"":""hl-candle-close"",""settleNote"":null,""settleQuality"":{""bars"":120.0,""coverage"":1.0,""droppedCandles"":0.0,""expectedBars"":120.0,""intervalSeconds"":60.0,""maxGapBars"":0.0,""stalenessSeconds"":0.001},""settleSource"":""hyperliquid-candle"",""settlementVersion"":""settlement/1""}",True,settlement/1,2026-09-02T20:59:59.999000000+00:00,psig:commodity:copper:price-outlook:next-day:2026-09-02:r13,terminal_close,"{""0.1"":0.015481754643815916,""0.25"":0.028374690199673536,""0.5"":0.036810999952654466,""0.75"":0.026043596213329856,""0.9"":0.00037210685709325724}",6.491701239201306,sha256:0f2f004be8916598e63af4dc583d567bdd10dd91992e94db198507a13ec5fd47,True,next-day,6.5704752050488935,KXCOPPERD,,,,,sha256:0f2f004be8916598e63af4dc583d567bdd10dd91992e94db198507a13ec5fd47,spot,verified,,terminal_close,,signal,"[{""clampedPercentiles"":[],""contributing"":true,""leg"":""house"",""median"":6.531578000094691,""rawWeight"":0.2,""scaleSource"":""own"",""support"":6115,""weight"":1.0}]",,6.5304,6.531578000094691,6.450382453561841,6.491701239201306,6.5704752050488935,6.6089210685709325,False,2026-09-01T20:30:31.255202Z,2026-09-01T20:30:31.255202Z,2026-09-02T21:00:00Z,2026-09-02,1.0204715833101852,blend/1,decide/3,-1.1146066720963625,1.1146066720963625,24.491317999444444,commodity:copper|2026-09-02|hl-candle-close,0
kalshi,Gold — Short · Daily · to Sep 2,False,-0.137975,commodity,False,commodity:gold:price-outlook:daily,commodity:gold,asset-price/2,signal,2026-09-02T21:00:00.000000000+00:00,hyperliquid-candle,True,sha256:41d500799246285dfc4a1707649247b61ba6feb25a7ff84b5de0bdd816e0a6a5,hl-candle-close,False,20.137928722412617,4384.85,5,0.9,False,4352.722680834457,short,True,2026-09-02T21:15:24.982000000+00:00,4359.389985455563,4337.265831678735,experimental,4394.515415957918,0.1,74632a1d-1cd4-47fa-ab2b-7c833322dc73,"{""legs"":{""venue"":{""brier"":0.00325,""leg"":""venue"",""meanOutcome"":0.84615385,""meanProbability"":0.83461538,""n"":26,""reason"":null,""unscored"":{""grid_no_probability"":14}}},""scoredRungs"":26,""settleByObservable"":{""terminal_close"":4390.9},""version"":""settlement/1""}",4390.9,pout:pbh:81b465de68b34d8be1132c53259cc922d726d69bc59cf1b4b9b92e5d660126bd:2026-09-02,2026-09-02,po:commodity:gold:price-outlook:daily:2026-09-02:47f8c5a6ef3e223c:21585faa36c6bea4,"{""distribution"":{""crps"":20.137928722412617,""crpsGridPoints"":5,""crpsPHigh"":0.9,""crpsPLow"":0.1,""inBand"":false,""inWideBand"":true,""pinball"":{""0.1"":5.363416832126496,""0.25"":13.1162169440845,""0.5"":19.08865958277147,""0.75"":11.220920973013335,""0.9"":0.361541595791823}},""excursion"":{""bars"":7.0,""coverage"":1.0,""droppedCandles"":0.0,""expectedBars"":6.0,""intervalSeconds"":3600.0,""maxGapBars"":0.0},""legBrier"":{""legs"":{""venue"":{""brier"":0.00325,""leg"":""venue"",""meanOutcome"":0.84615385,""meanProbability"":0.83461538,""n"":26,""reason"":null,""unscored"":{""grid_no_probability"":14}}},""scoredRungs"":26,""settleByObservable"":{""terminal_close"":4390.9},""version"":""settlement/1""},""receipt"":{""barrierNote"":null,""costPct"":null,""entryRefPrice"":4384.85,""exitPrice"":4390.9,""exitReason"":""anchor"",""grossReturnPct"":-0.137975,""hitStop"":null,""hitTarget"":false,""netReturnPct"":null,""netReturnReason"":""no_cost_basis"",""realizedPct"":-0.137975,""settlePrice"":4390.9,""side"":""short""},""settleBasis"":""hl-candle-close"",""settleNote"":null,""settleQuality"":{""bars"":120.0,""coverage"":1.0,""droppedCandles"":0.0,""expectedBars"":120.0,""intervalSeconds"":60.0,""maxGapBars"":0.0,""stalenessSeconds"":0.001},""settleSource"":""hyperliquid-candle"",""settlementVersion"":""settlement/1""}",True,settlement/1,2026-09-02T20:59:59.999000000+00:00,psig:commodity:gold:price-outlook:daily:2026-09-02:r18,terminal_close,"{""0.1"":5.363416832126496,""0.25"":13.1162169440845,""0.5"":19.08865958277147,""0.75"":11.220920973013335,""0.9"":0.361541595791823}",4338.435132223662,sha256:41d500799246285dfc4a1707649247b61ba6feb25a7ff84b5de0bdd816e0a6a5,True,daily,4375.938772035982,KXGOLDD,,,,,sha256:41d500799246285dfc4a1707649247b61ba6feb25a7ff84b5de0bdd816e0a6a5,spot,verified,,terminal_close,,signal,"[{""clampedPercentiles"":[],""contributing"":true,""leg"":""house"",""median"":4388.95,""rawWeight"":0.2,""scaleSource"":""own"",""support"":6115,""weight"":0.22222222222222227},{""clampedPercentiles"":[0.1,0.25],""contributing"":true,""leg"":""q"",""median"":4342.372018215729,""rawWeight"":0.7,""scaleSource"":""own"",""support"":9,""weight"":0.7777777777777778}]",,4388.95,4352.722680834457,4337.265831678735,4338.435132223662,4375.938772035982,4394.515415957918,False,2026-09-02T20:30:33.493538Z,2026-09-02T20:30:33.493538Z,2026-09-02T21:00:00Z,2026-09-02,0.02044567664351852,blend/1,decide/3,-0.8694645554565793,0.8694645554565793,0.49069623944444446,commodity:gold|2026-09-02|hl-candle-close,0
kalshi,Gold — Next-day · to Sep 2,False,,commodity,False,commodity:gold:price-outlook:next-day,commodity:gold,asset-price/2,signal,2026-09-02T21:00:00.000000000+00:00,hyperliquid-candle,True,sha256:41d500799246285dfc4a1707649247b61ba6feb25a7ff84b5de0bdd816e0a6a5,hl-candle-close,,29.884765691244237,,5,0.9,False,4336.409800157286,,True,2026-09-02T21:15:26.327000000+00:00,4342.0729403085015,4301.764560176434,experimental,4393.189483813034,0.1,74632a1d-1cd4-47fa-ab2b-7c833322dc73,"{""legs"":{""venue"":{""brier"":0.13801964,""leg"":""venue"",""meanOutcome"":0.78571429,""meanProbability"":0.56107143,""n"":28,""reason"":null,""unscored"":{""grid_no_probability"":12}}},""scoredRungs"":28,""settleByObservable"":{""terminal_close"":4390.9},""version"":""settlement/1""}",4390.9,pout:pbh:ddd85f66af3112ea88acf80cb61dfaeb7b5fba13049eed41551f82c0d6fec56e:2026-09-02,2026-09-02,po:commodity:gold:price-outlook:next-day:2026-09-02:eb92e5a72f1face6:3875dd3e2ec76fd3,"{""distribution"":{""crps"":29.884765691244237,""crpsGridPoints"":5,""crpsPHigh"":0.9,""crpsPLow"":0.1,""inBand"":false,""inWideBand"":true,""pinball"":{""0.1"":8.913543982356533,""0.25"":19.393341908839147,""0.5"":27.245099921356996,""0.75"":17.833762781202722,""0.9"":0.22894838130341663}},""excursion"":null,""legBrier"":{""legs"":{""venue"":{""brier"":0.13801964,""leg"":""venue"",""meanOutcome"":0.78571429,""meanProbability"":0.56107143,""n"":28,""reason"":null,""unscored"":{""grid_no_probability"":12}}},""scoredRungs"":28,""settleByObservable"":{""terminal_close"":4390.9},""version"":""settlement/1""},""receipt"":null,""settleBasis"":""hl-candle-close"",""settleNote"":null,""settleQuality"":{""bars"":120.0,""coverage"":1.0,""droppedCandles"":0.0,""expectedBars"":120.0,""intervalSeconds"":60.0,""maxGapBars"":0.0,""stalenessSeconds"":0.001},""settleSource"":""hyperliquid-candle"",""settlementVersion"":""settlement/1""}",True,settlement/1,2026-09-02T20:59:59.999000000+00:00,,terminal_close,"{""0.1"":8.913543982356533,""0.25"":19.393341908839147,""0.5"":27.245099921356996,""0.75"":17.833762781202722,""0.9"":0.22894838130341663}",4313.326632364643,sha256:41d500799246285dfc4a1707649247b61ba6feb25a7ff84b5de0bdd816e0a6a5,True,next-day,4367.121649625063,KXGOLDD,,,,,sha256:41d500799246285dfc4a1707649247b61ba6feb25a7ff84b5de0bdd816e0a6a5,spot,verified,,terminal_close,,signal,"[{""clampedPercentiles"":[],""contributing"":true,""leg"":""house"",""median"":4330.988067246497,""rawWeight"":0.2,""scaleSource"":""own"",""support"":6115,""weight"":0.2},{""clampedPercentiles"":[],""contributing"":true,""leg"":""venue"",""median"":4330.004078499999,""rawWeight"":0.1,""scaleSource"":""own"",""support"":34,""weight"":0.1},{""clampedPercentiles"":[0.1,0.25],""contributing"":true,""leg"":""q"",""median"":4341.927320866734,""rawWeight"":0.7,""scaleSource"":""own"",""support"":9,""weight"":0.7}]",,4329.95,4336.409800157286,4301.764560176434,4313.326632364643,4367.121649625063,4393.189483813034,False,2026-09-01T20:30:31.255202Z,2026-09-01T20:30:31.255202Z,2026-09-02T21:00:00Z,2026-09-02,1.0204715833101852,blend/1,decide/3,-1.2409802054866657,1.2409802054866657,24.491317999444444,commodity:gold|2026-09-02|hl-candle-close,0
kalshi,Silver — Short · Daily · to Sep 2,False,-0.256955,commodity,False,commodity:silver:price-outlook:daily,commodity:silver,asset-price/2,signal,2026-09-02T21:00:00.000000000+00:00,hyperliquid-candle,True,sha256:d235229f7a0265cadb35bded984071e4ca8f8bc0db78f2a4b897ac2a0482525e,hl-candle-close,True,0.3149886286319641,65.1865,5,0.9,True,64.86429571770697,short,True,2026-09-02T21:15:34.889000000+00:00,64.51192063591499,62.23473822906172,experimental,65.75090741543912,0.1,74632a1d-1cd4-47fa-ab2b-7c833322dc73,"{""legs"":{""venue"":{""brier"":0.002467,""leg"":""venue"",""meanOutcome"":0.88,""meanProbability"":0.8674,""n"":25,""reason"":null,""unscored"":{""grid_no_probability"":15}}},""scoredRungs"":25,""settleByObservable"":{""terminal_close"":65.354},""version"":""settlement/1""}",65.354,pout:pbh:9e7dc4c3c9728b993a5f35078e4b591c832b3ab4cfbf9f5d694e4bc116b49daa:2026-09-02,2026-09-02,po:commodity:silver:price-outlook:daily:2026-09-02:47f8c5a6ef3e223c:99e6a2eca83c2f9b,"{""distribution"":{""crps"":0.3149886286319641,""crpsGridPoints"":5,""crpsPHigh"":0.9,""crpsPLow"":0.1,""inBand"":true,""inWideBand"":true,""pinball"":{""0.1"":0.311926177093828,""0.25"":0.3256362632369232,""0.5"":0.24485214114651654,""0.75"":0.023913787420688948,""0.9"":0.039690741543911646}},""excursion"":{""bars"":7.0,""coverage"":1.0,""droppedCandles"":0.0,""expectedBars"":6.0,""intervalSeconds"":3600.0,""maxGapBars"":0.0},""legBrier"":{""legs"":{""venue"":{""brier"":0.002467,""leg"":""venue"",""meanOutcome"":0.88,""meanProbability"":0.8674,""n"":25,""reason"":null,""unscored"":{""grid_no_probability"":15}}},""scoredRungs"":25,""settleByObservable"":{""terminal_close"":65.354},""version"":""settlement/1""},""receipt"":{""barrierNote"":null,""costPct"":null,""entryRefPrice"":65.1865,""exitPrice"":65.354,""exitReason"":""anchor"",""grossReturnPct"":-0.256955,""hitStop"":null,""hitTarget"":true,""netReturnPct"":null,""netReturnReason"":""no_cost_basis"",""realizedPct"":-0.256955,""settlePrice"":65.354,""side"":""short""},""settleBasis"":""hl-candle-close"",""settleNote"":null,""settleQuality"":{""bars"":120.0,""coverage"":1.0,""droppedCandles"":0.0,""expectedBars"":120.0,""intervalSeconds"":60.0,""maxGapBars"":0.0,""stalenessSeconds"":0.001},""settleSource"":""hyperliquid-candle"",""settlementVersion"":""settlement/1""}",True,settlement/1,2026-09-02T20:59:59.999000000+00:00,psig:commodity:silver:price-outlook:daily:2026-09-02:r18,terminal_close,"{""0.1"":0.311926177093828,""0.25"":0.3256362632369232,""0.5"":0.24485214114651654,""0.75"":0.023913787420688948,""0.9"":0.039690741543911646}",64.0514549470523,sha256:d235229f7a0265cadb35bded984071e4ca8f8bc0db78f2a4b897ac2a0482525e,True,daily,65.44965514968275,KXSILVERD,,,,,sha256:d235229f7a0265cadb35bded984071e4ca8f8bc0db78f2a4b897ac2a0482525e,spot,verified,,terminal_close,,signal,"[{""clampedPercentiles"":[],""contributing"":true,""leg"":""house"",""median"":65.3005,""rawWeight"":0.2,""scaleSource"":""own"",""support"":6115,""weight"":0.22222222222222227},{""clampedPercentiles"":[],""contributing"":true,""leg"":""q"",""median"":64.7396659227661,""rawWeight"":0.7,""scaleSource"":""own"",""support"":8,""weight"":0.7777777777777778}]",,65.3005,64.86429571770697,62.23473822906172,64.0514549470523,65.44965514968275,65.75090741543912,False,2026-09-02T20:30:33.493538Z,2026-09-02T20:30:33.493538Z,2026-09-02T21:00:00Z,2026-09-02,0.02044567664351852,blend/1,decide/3,-0.7493103441151775,0.7493103441151775,0.49069623944444446,commodity:silver|2026-09-02|hl-candle-close,0
kalshi,Silver — Next-day · to Sep 2,False,,commodity,False,commodity:silver:price-outlook:next-day,commodity:silver,asset-price/2,signal,2026-09-02T21:00:00.000000000+00:00,hyperliquid-candle,True,sha256:d235229f7a0265cadb35bded984071e4ca8f8bc0db78f2a4b897ac2a0482525e,hl-candle-close,,0.5373845398881126,,5,0.9,False,64.42299627380467,,True,2026-09-02T21:15:35.849000000+00:00,64.10213584056038,61.602210379881896,experimental,65.67063109919675,0.1,74632a1d-1cd4-47fa-ab2b-7c833322dc73,"{""legs"":{""venue"":{""brier"":0.10419516,""leg"":""venue"",""meanOutcome"":0.70967742,""meanProbability"":0.53354839,""n"":31,""reason"":null,""unscored"":{""grid_no_probability"":9}}},""scoredRungs"":31,""settleByObservable"":{""terminal_close"":65.354},""version"":""settlement/1""}",65.354,pout:pbh:50532ae01557481d45d7ba4c3c20bb8dd65a9fcdd43e2fe89b4d06d06989c601:2026-09-02,2026-09-02,po:commodity:silver:price-outlook:next-day:2026-09-02:eb92e5a72f1face6:70b68a63bb0f2a57,"{""distribution"":{""crps"":0.5373845398881126,""crpsGridPoints"":5,""crpsPHigh"":0.9,""crpsPLow"":0.1,""inBand"":false,""inWideBand"":true,""pinball"":{""0.1"":0.37517896201181034,""0.25"":0.4732787080656813,""0.5"":0.46550186309766417,""0.75"":0.13573953580821296,""0.9"":0.03166310991967548}},""excursion"":null,""legBrier"":{""legs"":{""venue"":{""brier"":0.10419516,""leg"":""venue"",""meanOutcome"":0.70967742,""meanProbability"":0.53354839,""n"":31,""reason"":null,""unscored"":{""grid_no_probability"":9}}},""scoredRungs"":31,""settleByObservable"":{""terminal_close"":65.354},""version"":""settlement/1""},""receipt"":null,""settleBasis"":""hl-candle-close"",""settleNote"":null,""settleQuality"":{""bars"":120.0,""coverage"":1.0,""droppedCandles"":0.0,""expectedBars"":120.0,""intervalSeconds"":60.0,""maxGapBars"":0.0,""stalenessSeconds"":0.001},""settleSource"":""hyperliquid-candle"",""settlementVersion"":""settlement/1""}",True,settlement/1,2026-09-02T20:59:59.999000000+00:00,,terminal_close,"{""0.1"":0.37517896201181034,""0.25"":0.4732787080656813,""0.5"":0.46550186309766417,""0.75"":0.13573953580821296,""0.9"":0.03166310991967548}",63.460885167737274,sha256:d235229f7a0265cadb35bded984071e4ca8f8bc0db78f2a4b897ac2a0482525e,True,next-day,65.17301395225572,KXSILVERD,,,,,sha256:d235229f7a0265cadb35bded984071e4ca8f8bc0db78f2a4b897ac2a0482525e,spot,verified,,terminal_close,,signal,"[{""clampedPercentiles"":[],""contributing"":true,""leg"":""house"",""median"":64.11905270665746,""rawWeight"":0.2,""scaleSource"":""own"",""support"":6115,""weight"":0.2},{""clampedPercentiles"":[],""contributing"":true,""leg"":""venue"",""median"":64.0608295,""rawWeight"":0.1,""scaleSource"":""own"",""support"":31,""weight"":0.1},{""clampedPercentiles"":[],""contributing"":true,""leg"":""q"",""median"":64.73468495842216,""rawWeight"":0.7,""scaleSource"":""own"",""support"":8,""weight"":0.7}]",,64.0965,64.42299627380467,61.602210379881896,63.460885167737274,65.17301395225572,65.67063109919675,False,2026-09-01T20:30:31.255202Z,2026-09-01T20:30:31.255202Z,2026-09-02T21:00:00Z,2026-09-02,1.0204715833101852,blend/1,decide/3,-1.4245550787944554,1.4245550787944554,24.491317999444444,commodity:silver|2026-09-02|hl-candle-close,0
kalshi,Bitcoin — Daily · to Sep 2,False,,crypto,False,crypto:btc:price-outlook:daily,crypto:btc,asset-price/2,signal,2026-09-02T21:00:00.000000000+00:00,hyperliquid-candle,True,sha256:f9d5ffd9409636486eafaa9b610b6bd5648edcb519051333e245de0740e38dab,hl-candle-close,,40.27680905554814,,5,0.9,True,77387.5,,True,2026-09-02T21:16:00.816000000+00:00,77395.70477098622,77072.94538908092,experimental,77725.96875402817,0.1,74632a1d-1cd4-47fa-ab2b-7c833322dc73,"{""legs"":{""venue"":{""brier"":0.00191802,""leg"":""venue"",""meanOutcome"":0.93023256,""meanProbability"":0.92709302,""n"":43,""reason"":null,""unscored"":{""grid_no_probability"":37}}},""scoredRungs"":43,""settleByObservable"":{""terminal_close"":77383.0},""version"":""settlement/1""}",77383.0,pout:pbh:cc628804f79ff4b92a26159bca4be46d5e6894c9d31ef786b5dc1852a3fb4517:2026-09-02,2026-09-02,po:crypto:btc:price-outlook:daily:2026-09-02:47f8c5a6ef3e223c:52d1e37fa711d397,"{""distribution"":{""crps"":40.27680905554814,""crpsGridPoints"":5,""crpsPHigh"":0.9,""crpsPLow"":0.1,""inBand"":true,""inWideBand"":true,""pinball"":{""0.1"":31.005461091907637,""0.25"":34.677016527362866,""0.5"":2.25,""0.75"":38.71412992598562,""0.9"":34.29687540281738}},""excursion"":null,""legBrier"":{""legs"":{""venue"":{""brier"":0.00191802,""leg"":""venue"",""meanOutcome"":0.93023256,""meanProbability"":0.92709302,""n"":43,""reason"":null,""unscored"":{""grid_no_probability"":37}}},""scoredRungs"":43,""settleByObservable"":{""terminal_close"":77383.0},""version"":""settlement/1""},""receipt"":null,""settleBasis"":""hl-candle-close"",""settleNote"":null,""settleQuality"":{""bars"":120.0,""coverage"":1.0,""droppedCandles"":0.0,""expectedBars"":120.0,""intervalSeconds"":60.0,""maxGapBars"":0.0,""stalenessSeconds"":0.001},""settleSource"":""hyperliquid-candle"",""settlementVersion"":""settlement/1""}",True,settlement/1,2026-09-02T20:59:59.999000000+00:00,,terminal_close,"{""0.1"":31.005461091907637,""0.25"":34.677016527362866,""0.5"":2.25,""0.75"":38.71412992598562,""0.9"":34.29687540281738}",77244.29193389055,sha256:f9d5ffd9409636486eafaa9b610b6bd5648edcb519051333e245de0740e38dab,True,daily,77537.85651970394,KXBTCD,,,,,sha256:f9d5ffd9409636486eafaa9b610b6bd5648edcb519051333e245de0740e38dab,spot,verified,,terminal_close,,signal,"[{""clampedPercentiles"":[],""contributing"":true,""leg"":""house"",""median"":77387.5,""rawWeight"":0.2,""scaleSource"":""own"",""support"":2748,""weight"":1.0}]",,77387.5,77387.5,77072.94538908092,77244.29193389055,77537.85651970394,77725.96875402817,False,2026-09-02T20:30:33.493538Z,2026-09-02T20:30:33.493538Z,2026-09-02T21:00:00Z,2026-09-02,0.02044567664351852,blend/1,decide/3,0.005815230735432848,0.005815230735432848,0.49069623944444446,crypto:btc|2026-09-02|hl-candle-close,0
kalshi,Bitcoin — Long · Next-day · to Sep 2,False,0.389842,crypto,False,crypto:btc:price-outlook:next-day,crypto:btc,asset-price/2,signal,2026-09-02T21:00:00.000000000+00:00,hyperliquid-candle,True,sha256:f9d5ffd9409636486eafaa9b610b6bd5648edcb519051333e245de0740e38dab,hl-candle-close,False,392.6556527857647,77082.5,5,0.9,True,77805.7530558948,long,True,2026-09-02T21:16:02.115000000+00:00,77901.96042930704,75567.34580824703,experimental,80418.95918948676,0.1,74632a1d-1cd4-47fa-ab2b-7c833322dc73,"{""legs"":{""venue"":{""brier"":0.04792552,""leg"":""venue"",""meanOutcome"":0.83333333,""meanProbability"":0.76572917,""n"":48,""reason"":null,""unscored"":{""grid_no_probability"":32}}},""scoredRungs"":48,""settleByObservable"":{""terminal_close"":77383.0},""version"":""settlement/1""}",77383.0,pout:pbh:e7f3310d5e258224fe3d8ff4568956603a4cdb2770a0b40f6e94f06b4b68ab7b:2026-09-02,2026-09-02,po:crypto:btc:price-outlook:next-day:2026-09-02:eb92e5a72f1face6:ebfc74f508bd055a,"{""distribution"":{""crps"":392.6556527857647,""crpsGridPoints"":5,""crpsPHigh"":0.9,""crpsPLow"":0.1,""inBand"":true,""inWideBand"":true,""pinball"":{""0.1"":181.56541917529685,""0.25"":154.65219292682013,""0.5"":211.3765279474028,""0.75"":380.8307773068482,""0.9"":303.59591894867617}},""excursion"":{""bars"":27.0,""coverage"":1.0,""droppedCandles"":0.0,""expectedBars"":26.0,""intervalSeconds"":3600.0,""maxGapBars"":0.0},""legBrier"":{""legs"":{""venue"":{""brier"":0.04792552,""leg"":""venue"",""meanOutcome"":0.83333333,""meanProbability"":0.76572917,""n"":48,""reason"":null,""unscored"":{""grid_no_probability"":32}}},""scoredRungs"":48,""settleByObservable"":{""terminal_close"":77383.0},""version"":""settlement/1""},""receipt"":{""barrierNote"":null,""costPct"":null,""entryRefPrice"":77082.5,""exitPrice"":77383.0,""exitReason"":""anchor"",""grossReturnPct"":0.389842,""hitStop"":null,""hitTarget"":false,""netReturnPct"":null,""netReturnReason"":""no_cost_basis"",""realizedPct"":0.389842,""settlePrice"":77383.0,""side"":""long""},""settleBasis"":""hl-candle-close"",""settleNote"":null,""settleQuality"":{""bars"":120.0,""coverage"":1.0,""droppedCandles"":0.0,""expectedBars"":120.0,""intervalSeconds"":60.0,""maxGapBars"":0.0,""stalenessSeconds"":0.001},""settleSource"":""hyperliquid-candle"",""settlementVersion"":""settlement/1""}",True,settlement/1,2026-09-02T20:59:59.999000000+00:00,psig:crypto:btc:price-outlook:next-day:2026-09-02:r22,terminal_close,"{""0.1"":181.56541917529685,""0.25"":154.65219292682013,""0.5"":211.3765279474028,""0.75"":380.8307773068482,""0.9"":303.59591894867617}",76764.39122829272,sha256:f9d5ffd9409636486eafaa9b610b6bd5648edcb519051333e245de0740e38dab,True,next-day,78906.32310922739,KXBTCD,,,,,sha256:f9d5ffd9409636486eafaa9b610b6bd5648edcb519051333e245de0740e38dab,spot,verified,,terminal_close,,signal,"[{""clampedPercentiles"":[],""contributing"":true,""leg"":""house"",""median"":77425.99005542151,""rawWeight"":0.2,""scaleSource"":""own"",""support"":2748,""weight"":0.2},{""clampedPercentiles"":[],""contributing"":true,""leg"":""venue"",""median"":77392.01671988235,""rawWeight"":0.1,""scaleSource"":""own"",""support"":51,""weight"":0.1},{""clampedPercentiles"":[],""contributing"":true,""leg"":""q"",""median"":78171.08059903487,""rawWeight"":0.7,""scaleSource"":""own"",""support"":2748,""weight"":0.7}]",,77402.5,77805.7530558948,75567.34580824703,76764.39122829272,78906.32310922739,80418.95918948676,False,2026-09-01T20:30:31.255202Z,2026-09-01T20:30:31.255202Z,2026-09-02T21:00:00Z,2026-09-02,1.0204715833101852,blend/1,decide/3,0.5463125698083631,0.5463125698083631,24.491317999444444,crypto:btc|2026-09-02|hl-candle-close,0
kalshi,Copper — Long · Daily · to Aug 31,False,-0.14477,commodity,False,commodity:copper:price-outlook:daily,commodity:copper,asset-price/2,signal,2026-08-31T21:00:00.000000000+00:00,hyperliquid-candle,True,sha256:0f2f004be8916598e63af4dc583d567bdd10dd91992e94db198507a13ec5fd47,hl-candle-close,False,0.0016721981103098526,6.7003,5,0.9,True,6.692220562528644,long,True,2026-08-31T21:15:18.524000000+00:00,6.69203909570385,6.682134928857527,experimental,6.701725644131845,0.1,a6881271-f688-4a2c-aeba-78b24a252346,"{""legs"":{""venue"":{""brier"":0.30646667,""leg"":""venue"",""meanOutcome"":0.66666667,""meanProbability"":0.982,""n"":15,""reason"":null,""unscored"":{""grid_no_probability"":35}}},""scoredRungs"":15,""settleByObservable"":{""terminal_close"":6.6906},""version"":""settlement/1""}",6.6906,pout:pbh:b73de04c8209ac6d3216fe782b150a5d861db53a5a80310ab3fb6fb26df9f2b7:2026-08-31,2026-08-31,po:commodity:copper:price-outlook:daily:2026-08-31:eb92e5a72f1face6:313e56a14bccd70c,"{""distribution"":{""crps"":0.0016721981103098526,""crpsGridPoints"":5,""crpsPHigh"":0.9,""crpsPLow"":0.1,""inBand"":true,""inWideBand"":true,""pinball"":{""0.1"":0.0008465071142472525,""0.25"":0.000829707720438444,""0.5"":0.0008102812643220325,""0.75"":0.0016032841521467223,""0.9"":0.0011125644131845466}},""excursion"":{""bars"":7.0,""coverage"":1.0,""droppedCandles"":0.0,""expectedBars"":6.0,""intervalSeconds"":3600.0,""maxGapBars"":0.0},""legBrier"":{""legs"":{""venue"":{""brier"":0.30646667,""leg"":""venue"",""meanOutcome"":0.66666667,""meanProbability"":0.982,""n"":15,""reason"":null,""unscored"":{""grid_no_probability"":35}}},""scoredRungs"":15,""settleByObservable"":{""terminal_close"":6.6906},""version"":""settlement/1""},""receipt"":{""barrierNote"":null,""costPct"":null,""entryRefPrice"":6.7003,""exitPrice"":6.6906,""exitReason"":""anchor"",""grossReturnPct"":-0.14477,""hitStop"":null,""hitTarget"":false,""netReturnPct"":null,""netReturnReason"":""no_cost_basis"",""realizedPct"":-0.14477,""settlePrice"":6.6906,""side"":""long""},""settleBasis"":""hl-candle-close"",""settleNote"":null,""settleQuality"":{""bars"":120.0,""coverage"":1.0,""droppedCandles"":0.0,""expectedBars"":120.0,""intervalSeconds"":60.0,""maxGapBars"":0.0,""stalenessSeconds"":0.001},""settleSource"":""hyperliquid-candle"",""settlementVersion"":""settlement/1""}",True,settlement/1,2026-08-31T20:59:59.999000000+00:00,psig:commodity:copper:price-outlook:daily:2026-08-31:r77,terminal_close,"{""0.1"":0.0008465071142472525,""0.25"":0.000829707720438444,""0.5"":0.0008102812643220325,""0.75"":0.0016032841521467223,""0.9"":0.0011125644131845466}",6.687281169118246,sha256:0f2f004be8916598e63af4dc583d567bdd10dd91992e94db198507a13ec5fd47,True,daily,6.697013136608587,KXCOPPERD,,,,,sha256:0f2f004be8916598e63af4dc583d567bdd10dd91992e94db198507a13ec5fd47,spot,verified,,terminal_close,,signal,"[{""clampedPercentiles"":[],""contributing"":true,""leg"":""house"",""median"":6.692220562528644,""rawWeight"":0.2,""scaleSource"":""own"",""support"":6115,""weight"":1.0}]",,6.6922,6.692220562528644,6.682134928857527,6.687281169118246,6.697013136608587,6.701725644131845,False,2026-08-31T20:30:39.929131Z,2026-08-31T20:30:39.929131Z,2026-08-31T21:00:00Z,2026-08-31,0.020371190613425925,blend/1,decide/3,0.02422148280638605,0.02422148280638605,0.4889085747222222,commodity:copper|2026-08-31|hl-candle-close,0
kalshi,Copper — Short · Monthly · to Aug 31,False,-0.274268,commodity,False,commodity:copper:price-outlook:monthly,commodity:copper,asset-price/2,signal,2026-08-31T21:00:00.000000000+00:00,hyperliquid-candle,True,sha256:0f2f004be8916598e63af4dc583d567bdd10dd91992e94db198507a13ec5fd47,hl-candle-close,True,0.0016721981103098526,6.6723,5,0.9,True,6.692220562528644,short,True,2026-08-31T21:15:19.486000000+00:00,6.69203909570385,6.682134928857527,experimental,6.701725644131845,0.1,a6881271-f688-4a2c-aeba-78b24a252346,"{""legs"":{""venue"":{""brier"":0.01297031,""leg"":""venue"",""meanOutcome"":0.875,""meanProbability"":0.8634375,""n"":16,""reason"":null,""unscored"":{""grid_no_probability"":24}}},""scoredRungs"":16,""settleByObservable"":{""terminal_close"":6.6906},""version"":""settlement/1""}",6.6906,pout:pbh:b51afa624670805d359cb8a1341921149ba9a3a6f5b6c36150f3eb7c7a856358:2026-08-31,2026-08-31,po:commodity:copper:price-outlook:monthly:2026-08-31:eb92e5a72f1face6:3604c36c774f4ac7,"{""distribution"":{""crps"":0.0016721981103098526,""crpsGridPoints"":5,""crpsPHigh"":0.9,""crpsPLow"":0.1,""inBand"":true,""inWideBand"":true,""pinball"":{""0.1"":0.0008465071142472525,""0.25"":0.000829707720438444,""0.5"":0.0008102812643220325,""0.75"":0.0016032841521467223,""0.9"":0.0011125644131845466}},""excursion"":{""bars"":38.0,""coverage"":1.0,""droppedCandles"":0.0,""expectedBars"":37.0,""intervalSeconds"":3600.0,""maxGapBars"":0.0},""legBrier"":{""legs"":{""venue"":{""brier"":0.01297031,""leg"":""venue"",""meanOutcome"":0.875,""meanProbability"":0.8634375,""n"":16,""reason"":null,""unscored"":{""grid_no_probability"":24}}},""scoredRungs"":16,""settleByObservable"":{""terminal_close"":6.6906},""version"":""settlement/1""},""receipt"":{""barrierNote"":null,""costPct"":null,""entryRefPrice"":6.6723,""exitPrice"":6.6906,""exitReason"":""anchor"",""grossReturnPct"":-0.274268,""hitStop"":null,""hitTarget"":true,""netReturnPct"":null,""netReturnReason"":""no_cost_basis"",""realizedPct"":-0.274268,""settlePrice"":6.6906,""side"":""short""},""settleBasis"":""hl-candle-close"",""settleNote"":null,""settleQuality"":{""bars"":120.0,""coverage"":1.0,""droppedCandles"":0.0,""expectedBars"":120.0,""intervalSeconds"":60.0,""maxGapBars"":0.0,""stalenessSeconds"":0.001},""settleSource"":""hyperliquid-candle"",""settlementVersion"":""settlement/1""}",True,settlement/1,2026-08-31T20:59:59.999000000+00:00,psig:commodity:copper:price-outlook:monthly:2026-08-31:r198,terminal_close,"{""0.1"":0.0008465071142472525,""0.25"":0.000829707720438444,""0.5"":0.0008102812643220325,""0.75"":0.0016032841521467223,""0.9"":0.0011125644131845466}",6.687281169118246,sha256:0f2f004be8916598e63af4dc583d567bdd10dd91992e94db198507a13ec5fd47,True,monthly,6.697013136608587,KXCOPPERMON,,,,,sha256:0f2f004be8916598e63af4dc583d567bdd10dd91992e94db198507a13ec5fd47,spot,verified,,terminal_close,,signal,"[{""clampedPercentiles"":[],""contributing"":true,""leg"":""house"",""median"":6.692220562528644,""rawWeight"":0.2,""scaleSource"":""own"",""support"":6115,""weight"":1.0}]",,6.6922,6.692220562528644,6.682134928857527,6.687281169118246,6.697013136608587,6.701725644131845,False,2026-08-31T20:30:39.929131Z,2026-08-31T20:30:39.929131Z,2026-08-31T21:00:00Z,2026-08-31,0.020371190613425925,blend/1,decide/3,0.02422148280638605,0.02422148280638605,0.4889085747222222,commodity:copper|2026-08-31|hl-candle-close,0
kalshi,Copper — Short · Monthly · to Aug 31,False,-0.274268,commodity,False,commodity:copper:price-outlook:monthly,commodity:copper,asset-price/2,signal,2026-08-31T21:00:00.000000000+00:00,hyperliquid-candle,True,,hl-candle-close,True,0.06266428933117406,6.6723,5,0.9,True,6.573166393702966,short,True,2026-08-31T21:15:20.210000000+00:00,6.57471836024102,6.322253509793639,experimental,6.833054845452827,0.1,a6881271-f688-4a2c-aeba-78b24a252346,"{""legs"":{""q"":{""brier"":0.30314323,""leg"":""q"",""meanOutcome"":0.75,""meanProbability"":0.35460134,""n"":4,""reason"":null,""unscored"":{""grid_no_probability"":11}},""venue"":{""brier"":0.09848966,""leg"":""venue"",""meanOutcome"":0.55172414,""meanProbability"":0.40724138,""n"":29,""reason"":null,""unscored"":{""grid_no_probability"":11}}},""scoredRungs"":33,""settleByObservable"":{""terminal_close"":6.6906},""version"":""settlement/1""}",6.6906,pout:commodity:copper:price-outlook:monthly:2026-08-31,2026-08-31,po:commodity:copper:price-outlook:monthly:2026-08-31:17104ba73f25c049:3ece104b90fb9441,"{""distribution"":{""crps"":0.06266428933117406,""crpsGridPoints"":5,""crpsPHigh"":0.9,""crpsPLow"":0.1,""inBand"":true,""inWideBand"":true,""pinball"":{""0.1"":0.036834649020636066,""0.25"":0.0616892797614792,""0.5"":0.058716803148517016,""0.75"":0.00242038954359014,""0.9"":0.014245484545282669}},""excursion"":{""bars"":38.0,""coverage"":1.0,""droppedCandles"":0.0,""expectedBars"":37.0,""intervalSeconds"":3600.0,""maxGapBars"":0.0},""legBrier"":{""legs"":{""q"":{""brier"":0.30314323,""leg"":""q"",""meanOutcome"":0.75,""meanProbability"":0.35460134,""n"":4,""reason"":null,""unscored"":{""grid_no_probability"":11}},""venue"":{""brier"":0.09848966,""leg"":""venue"",""meanOutcome"":0.55172414,""meanProbability"":0.40724138,""n"":29,""reason"":null,""unscored"":{""grid_no_probability"":11}}},""scoredRungs"":33,""settleByObservable"":{""terminal_close"":6.6906},""version"":""settlement/1""},""receipt"":{""barrierNote"":null,""costPct"":null,""entryRefPrice"":6.6723,""exitPrice"":6.6906,""exitReason"":""anchor"",""grossReturnPct"":-0.274268,""hitStop"":null,""hitTarget"":true,""netReturnPct"":null,""netReturnReason"":""no_cost_basis"",""realizedPct"":-0.274268,""settlePrice"":6.6906,""side"":""short""},""settleBasis"":""hl-candle-close"",""settleNote"":null,""settleQuality"":{""bars"":120.0,""coverage"":1.0,""droppedCandles"":0.0,""expectedBars"":120.0,""intervalSeconds"":60.0,""maxGapBars"":0.0,""stalenessSeconds"":0.001},""settleSource"":""hyperliquid-candle"",""settlementVersion"":""settlement/1""}",True,settlement/1,2026-08-31T20:59:59.999000000+00:00,psig:commodity:copper:price-outlook:monthly:2026-08-31:r198,terminal_close,"{""0.1"":0.036834649020636066,""0.25"":0.0616892797614792,""0.5"":0.058716803148517016,""0.75"":0.00242038954359014,""0.9"":0.014245484545282669}",6.443842880954083,,True,monthly,6.70028155817436,KXCOPPERMON,,,,,,venue,,,terminal_close,,signal,"[{""clampedPercentiles"":[],""contributing"":true,""leg"":""house"",""median"":6.601049523927557,""rawWeight"":0.45,""scaleSource"":""own"",""support"":6115,""weight"":0.8181818181818181},{""clampedPercentiles"":[],""contributing"":true,""leg"":""venue"",""median"":6.447692307692308,""rawWeight"":0.1,""scaleSource"":""own"",""support"":40,""weight"":0.18181818181818182}]",,6.5889,6.573166393702966,6.322253509793639,6.443842880954083,6.70028155817436,6.833054845452827,False,2026-08-20T21:30:54.616226Z,2026-08-20T21:30:54.616226Z,2026-08-31T21:00:00Z,2026-08-31,10.978534534421296,blend/1,decide/1,-1.755202915987117,1.755202915987117,263.4848288261111,commodity:copper|2026-08-31|hl-candle-close,4
kalshi,Gold — Long · Daily · to Aug 31,False,0.616369,commodity,False,commodity:gold:price-outlook:daily,commodity:gold,asset-price/2,signal,2026-08-31T21:00:00.000000000+00:00,hyperliquid-candle,True,sha256:41d500799246285dfc4a1707649247b61ba6feb25a7ff84b5de0bdd816e0a6a5,hl-candle-close,True,1.217595499738254,4421.05,5,0.9,True,4448.269636789779,long,True,2026-08-31T21:15:23.326000000+00:00,4448.098389522884,4438.641229186636,experimental,4457.349613791894,0.1,a6881271-f688-4a2c-aeba-78b24a252346,"{""legs"":{""venue"":{""brier"":0.00160312,""leg"":""venue"",""meanOutcome"":0.9375,""meanProbability"":0.936875,""n"":16,""reason"":null,""unscored"":{""grid_no_probability"":34}}},""scoredRungs"":16,""settleByObservable"":{""terminal_close"":4448.3},""version"":""settlement/1""}",4448.3,pout:pbh:81b465de68b34d8be1132c53259cc922d726d69bc59cf1b4b9b92e5d660126bd:2026-08-31,2026-08-31,po:commodity:gold:price-outlook:daily:2026-08-31:eb92e5a72f1face6:863eb9398df25f81,"{""distribution"":{""crps"":1.217595499738254,""crpsGridPoints"":5,""crpsPHigh"":0.9,""crpsPLow"":0.1,""inBand"":true,""inWideBand"":true,""pinball"":{""0.1"":0.9658770813363845,""0.25"":1.1866561578353867,""0.5"":0.01518160511068345,""0.75"":1.1367911624247427,""0.9"":0.9049613791893533}},""excursion"":{""bars"":7.0,""coverage"":1.0,""droppedCandles"":0.0,""expectedBars"":6.0,""intervalSeconds"":3600.0,""maxGapBars"":0.0},""legBrier"":{""legs"":{""venue"":{""brier"":0.00160312,""leg"":""venue"",""meanOutcome"":0.9375,""meanProbability"":0.936875,""n"":16,""reason"":null,""unscored"":{""grid_no_probability"":34}}},""scoredRungs"":16,""settleByObservable"":{""terminal_close"":4448.3},""version"":""settlement/1""},""receipt"":{""barrierNote"":null,""costPct"":null,""entryRefPrice"":4421.05,""exitPrice"":4448.3,""exitReason"":""anchor"",""grossReturnPct"":0.616369,""hitStop"":null,""hitTarget"":true,""netReturnPct"":null,""netReturnReason"":""no_cost_basis"",""realizedPct"":0.616369,""settlePrice"":4448.3,""side"":""long""},""settleBasis"":""hl-candle-close"",""settleNote"":null,""settleQuality"":{""bars"":120.0,""coverage"":1.0,""droppedCandles"":0.0,""expectedBars"":120.0,""intervalSeconds"":60.0,""maxGapBars"":0.0,""stalenessSeconds"":0.001},""settleSource"":""hyperliquid-candle"",""settlementVersion"":""settlement/1""}",True,settlement/1,2026-08-31T20:59:59.999000000+00:00,psig:commodity:gold:price-outlook:daily:2026-08-31:r78,terminal_close,"{""0.1"":0.9658770813363845,""0.25"":1.1866561578353867,""0.5"":0.01518160511068345,""0.75"":1.1367911624247427,""0.9"":0.9049613791893533}",4443.553375368659,sha256:41d500799246285dfc4a1707649247b61ba6feb25a7ff84b5de0bdd816e0a6a5,True,daily,4452.847164649699,KXGOLDD,,,,,sha256:41d500799246285dfc4a1707649247b61ba6feb25a7ff84b5de0bdd816e0a6a5,spot,verified,,terminal_close,,signal,"[{""clampedPercentiles"":[],""contributing"":true,""leg"":""house"",""median"":4448.269636789779,""rawWeight"":0.2,""scaleSource"":""own"",""support"":6115,""weight"":1.0}]",,4448.25,4448.269636789779,4438.641229186636,4443.553375368659,4452.847164649699,4457.349613791894,False,2026-08-31T20:30:39.929131Z,2026-08-31T20:30:39.929131Z,2026-08-31T21:00:00Z,2026-08-31,0.020371190613425925,blend/1,decide/3,-0.000682580091751161,0.000682580091751161,0.4889085747222222,commodity:gold|2026-08-31|hl-candle-close,0
kalshi,Gold — Long · Monthly · to Aug 31,False,-0.435342,commodity,False,commodity:gold:price-outlook:monthly,commodity:gold,asset-price/2,signal,2026-08-31T21:00:00.000000000+00:00,hyperliquid-candle,True,sha256:41d500799246285dfc4a1707649247b61ba6feb25a7ff84b5de0bdd816e0a6a5,hl-candle-close,False,1.217595499738254,4467.75,5,0.9,True,4448.269636789779,long,True,2026-08-31T21:15:24.162000000+00:00,4448.098389522884,4438.641229186636,experimental,4457.349613791894,0.1,a6881271-f688-4a2c-aeba-78b24a252346,"{""legs"":{""venue"":{""brier"":0.00073629,""leg"":""venue"",""meanOutcome"":0.96774194,""meanProbability"":0.96080645,""n"":31,""reason"":null,""unscored"":{""grid_no_probability"":19}}},""scoredRungs"":31,""settleByObservable"":{""terminal_close"":4448.3},""version"":""settlement/1""}",4448.3,pout:pbh:e2a93499850b7857179fa8fcdc2e941af9f58f4d6d4378092358c6d99cac5eee:2026-08-31,2026-08-31,po:commodity:gold:price-outlook:monthly:2026-08-31:eb92e5a72f1face6:692fbff9830ca5ca,"{""distribution"":{""crps"":1.217595499738254,""crpsGridPoints"":5,""crpsPHigh"":0.9,""crpsPLow"":0.1,""inBand"":true,""inWideBand"":true,""pinball"":{""0.1"":0.9658770813363845,""0.25"":1.1866561578353867,""0.5"":0.01518160511068345,""0.75"":1.1367911624247427,""0.9"":0.9049613791893533}},""excursion"":{""bars"":39.0,""coverage"":1.0,""droppedCandles"":0.0,""expectedBars"":38.0,""intervalSeconds"":3600.0,""maxGapBars"":0.0},""legBrier"":{""legs"":{""venue"":{""brier"":0.00073629,""leg"":""venue"",""meanOutcome"":0.96774194,""meanProbability"":0.96080645,""n"":31,""reason"":null,""unscored"":{""grid_no_probability"":19}}},""scoredRungs"":31,""settleByObservable"":{""terminal_close"":4448.3},""version"":""settlement/1""},""receipt"":{""barrierNote"":null,""costPct"":null,""entryRefPrice"":4467.75,""exitPrice"":4448.3,""exitReason"":""anchor"",""grossReturnPct"":-0.435342,""hitStop"":null,""hitTarget"":false,""netReturnPct"":null,""netReturnReason"":""no_cost_basis"",""realizedPct"":-0.435342,""settlePrice"":4448.3,""side"":""long""},""settleBasis"":""hl-candle-close"",""settleNote"":null,""settleQuality"":{""bars"":120.0,""coverage"":1.0,""droppedCandles"":0.0,""expectedBars"":120.0,""intervalSeconds"":60.0,""maxGapBars"":0.0,""stalenessSeconds"":0.001},""settleSource"":""hyperliquid-candle"",""settlementVersion"":""settlement/1""}",True,settlement/1,2026-08-31T20:59:59.999000000+00:00,psig:commodity:gold:price-outlook:monthly:2026-08-31:r197,terminal_close,"{""0.1"":0.9658770813363845,""0.25"":1.1866561578353867,""0.5"":0.01518160511068345,""0.75"":1.1367911624247427,""0.9"":0.9049613791893533}",4443.553375368659,sha256:41d500799246285dfc4a1707649247b61ba6feb25a7ff84b5de0bdd816e0a6a5,True,monthly,4452.847164649699,KXGOLDMON,,,,,sha256:41d500799246285dfc4a1707649247b61ba6feb25a7ff84b5de0bdd816e0a6a5,spot,verified,,terminal_close,,signal,"[{""clampedPercentiles"":[],""contributing"":true,""leg"":""house"",""median"":4448.269636789779,""rawWeight"":0.2,""scaleSource"":""own"",""support"":6115,""weight"":1.0}]",,4448.25,4448.269636789779,4438.641229186636,4443.553375368659,4452.847164649699,4457.349613791894,False,2026-08-31T20:30:39.929131Z,2026-08-31T20:30:39.929131Z,2026-08-31T21:00:00Z,2026-08-31,0.020371190613425925,blend/1,decide/3,-0.000682580091751161,0.000682580091751161,0.4889085747222222,commodity:gold|2026-08-31|hl-candle-close,0
kalshi,Gold — Long · Monthly · to Aug 31,False,-0.435342,commodity,False,commodity:gold:price-outlook:monthly,commodity:gold,asset-price/2,signal,2026-08-31T21:00:00.000000000+00:00,hyperliquid-candle,True,,hl-candle-close,False,77.54082102591215,4467.75,5,0.9,True,4373.705748406382,long,True,2026-08-31T21:15:24.881000000+00:00,4263.140701998992,3831.189115490701,experimental,4522.402418416539,0.1,a6881271-f688-4a2c-aeba-78b24a252346,"{""legs"":{""q"":{""brier"":0.25069345,""leg"":""q"",""meanOutcome"":0.58823529,""meanProbability"":0.69626801,""n"":17,""reason"":null,""unscored"":{""grid_no_probability"":5}},""venue"":{""brier"":0.03104944,""leg"":""venue"",""meanOutcome"":0.66666667,""meanProbability"":0.70966667,""n"":45,""reason"":null,""unscored"":{""grid_no_probability"":5}}},""scoredRungs"":62,""settleByObservable"":{""terminal_close"":4448.3},""version"":""settlement/1""}",4448.3,pout:commodity:gold:price-outlook:monthly:2026-08-31,2026-08-31,po:commodity:gold:price-outlook:monthly:2026-08-31:17104ba73f25c049:4e910c4ab60c0244,"{""distribution"":{""crps"":77.54082102591215,""crpsGridPoints"":5,""crpsPHigh"":0.9,""crpsPLow"":0.1,""inBand"":true,""inWideBand"":true,""pinball"":{""0.1"":61.71108845092991,""0.25"":119.85560414873305,""0.5"":37.29712579680927,""0.75"":1.4545423103168105,""0.9"":7.410241841653895}},""excursion"":{""bars"":39.0,""coverage"":1.0,""droppedCandles"":0.0,""expectedBars"":38.0,""intervalSeconds"":3600.0,""maxGapBars"":0.0},""legBrier"":{""legs"":{""q"":{""brier"":0.25069345,""leg"":""q"",""meanOutcome"":0.58823529,""meanProbability"":0.69626801,""n"":17,""reason"":null,""unscored"":{""grid_no_probability"":5}},""venue"":{""brier"":0.03104944,""leg"":""venue"",""meanOutcome"":0.66666667,""meanProbability"":0.70966667,""n"":45,""reason"":null,""unscored"":{""grid_no_probability"":5}}},""scoredRungs"":62,""settleByObservable"":{""terminal_close"":4448.3},""version"":""settlement/1""},""receipt"":{""barrierNote"":null,""costPct"":null,""entryRefPrice"":4467.75,""exitPrice"":4448.3,""exitReason"":""anchor"",""grossReturnPct"":-0.435342,""hitStop"":null,""hitTarget"":false,""netReturnPct"":null,""netReturnReason"":""no_cost_basis"",""realizedPct"":-0.435342,""settlePrice"":4448.3,""side"":""long""},""settleBasis"":""hl-candle-close"",""settleNote"":null,""settleQuality"":{""bars"":120.0,""coverage"":1.0,""droppedCandles"":0.0,""expectedBars"":120.0,""intervalSeconds"":60.0,""maxGapBars"":0.0,""stalenessSeconds"":0.001},""settleSource"":""hyperliquid-candle"",""settlementVersion"":""settlement/1""}",True,settlement/1,2026-08-31T20:59:59.999000000+00:00,psig:commodity:gold:price-outlook:monthly:2026-08-31:r197,terminal_close,"{""0.1"":61.71108845092991,""0.25"":119.85560414873305,""0.5"":37.29712579680927,""0.75"":1.4545423103168105,""0.9"":7.410241841653895}",3968.877583405068,,True,monthly,4454.118169241267,KXGOLDMON,,,,,,venue,,,terminal_close,,signal,"[{""clampedPercentiles"":[],""contributing"":true,""leg"":""house"",""median"":4530.686294301107,""rawWeight"":0.45,""scaleSource"":""own"",""support"":6115,""weight"":0.45},{""clampedPercentiles"":[],""contributing"":true,""leg"":""venue"",""median"":4512.9423809523805,""rawWeight"":0.1,""scaleSource"":""own"",""support"":50,""weight"":0.1},{""clampedPercentiles"":[0.1,0.75,0.9],""contributing"":true,""leg"":""q"",""median"":4185.783728612544,""rawWeight"":0.45,""scaleSource"":""own"",""support"":17,""weight"":0.45}]",,4518.35,4373.705748406382,3831.189115490701,3968.877583405068,4454.118169241267,4522.402418416539,False,2026-08-20T21:30:54.616226Z,2026-08-20T21:30:54.616226Z,2026-08-31T21:00:00Z,2026-08-31,10.978534534421296,blend/1,decide/1,-1.6769159362816928,1.6769159362816928,263.4848288261111,commodity:gold|2026-08-31|hl-candle-close,17
kalshi,Silver — Long · Daily · to Aug 31,False,0.571947,commodity,False,commodity:silver:price-outlook:daily,commodity:silver,asset-price/2,signal,2026-08-31T21:00:00.000000000+00:00,hyperliquid-candle,True,sha256:d235229f7a0265cadb35bded984071e4ca8f8bc0db78f2a4b897ac2a0482525e,hl-candle-close,True,0.04238292153445798,66.1775,5,0.9,True,66.49393602012012,long,True,2026-08-31T21:15:36.466000000+00:00,66.49020628171955,66.28025661043189,experimental,66.69565013140736,0.1,a6881271-f688-4a2c-aeba-78b24a252346,"{""legs"":{""venue"":{""brier"":0.01806875,""leg"":""venue"",""meanOutcome"":0.9375,""meanProbability"":0.898125,""n"":16,""reason"":null,""unscored"":{""grid_no_probability"":32}}},""scoredRungs"":16,""settleByObservable"":{""terminal_close"":66.556},""version"":""settlement/1""}",66.556,pout:pbh:9e7dc4c3c9728b993a5f35078e4b591c832b3ab4cfbf9f5d694e4bc116b49daa:2026-08-31,2026-08-31,po:commodity:silver:price-outlook:daily:2026-08-31:eb92e5a72f1face6:48f449b587e6a2b2,"{""distribution"":{""crps"":0.04238292153445798,""crpsGridPoints"":5,""crpsPHigh"":0.9,""crpsPLow"":0.1,""inBand"":true,""inWideBand"":true,""pinball"":{""0.1"":0.027574338956810607,""0.25"":0.041689542687340264,""0.5"":0.031031989939940274,""0.75"":0.009900516687299188,""0.9"":0.013965013140736457}},""excursion"":{""bars"":7.0,""coverage"":1.0,""droppedCandles"":0.0,""expectedBars"":6.0,""intervalSeconds"":3600.0,""maxGapBars"":0.0},""legBrier"":{""legs"":{""venue"":{""brier"":0.01806875,""leg"":""venue"",""meanOutcome"":0.9375,""meanProbability"":0.898125,""n"":16,""reason"":null,""unscored"":{""grid_no_probability"":32}}},""scoredRungs"":16,""settleByObservable"":{""terminal_close"":66.556},""version"":""settlement/1""},""receipt"":{""barrierNote"":null,""costPct"":null,""entryRefPrice"":66.1775,""exitPrice"":66.556,""exitReason"":""anchor"",""grossReturnPct"":0.571947,""hitStop"":null,""hitTarget"":true,""netReturnPct"":null,""netReturnReason"":""no_cost_basis"",""realizedPct"":0.571947,""settlePrice"":66.556,""side"":""long""},""settleBasis"":""hl-candle-close"",""settleNote"":null,""settleQuality"":{""bars"":120.0,""coverage"":1.0,""droppedCandles"":0.0,""expectedBars"":120.0,""intervalSeconds"":60.0,""maxGapBars"":0.0,""stalenessSeconds"":0.001},""settleSource"":""hyperliquid-candle"",""settlementVersion"":""settlement/1""}",True,settlement/1,2026-08-31T20:59:59.999000000+00:00,psig:commodity:silver:price-outlook:daily:2026-08-31:r77,terminal_close,"{""0.1"":0.027574338956810607,""0.25"":0.041689542687340264,""0.5"":0.031031989939940274,""0.75"":0.009900516687299188,""0.9"":0.013965013140736457}",66.38924182925064,sha256:d235229f7a0265cadb35bded984071e4ca8f8bc0db78f2a4b897ac2a0482525e,True,daily,66.5956020667492,KXSILVERD,,,,,sha256:d235229f7a0265cadb35bded984071e4ca8f8bc0db78f2a4b897ac2a0482525e,spot,verified,,terminal_close,,signal,"[{""clampedPercentiles"":[],""contributing"":true,""leg"":""house"",""median"":66.49393602012012,""rawWeight"":0.2,""scaleSource"":""own"",""support"":6115,""weight"":1.0}]",,66.4935,66.49393602012012,66.28025661043189,66.38924182925064,66.5956020667492,66.69565013140736,False,2026-08-31T20:30:39.929131Z,2026-08-31T20:30:39.929131Z,2026-08-31T21:00:00Z,2026-08-31,0.020371190613425925,blend/1,decide/3,-0.09325076609153278,0.09325076609153278,0.4889085747222222,commodity:silver|2026-08-31|hl-candle-close,0
kalshi,Silver — Long · Monthly · to Aug 31,False,0.208529,commodity,False,commodity:silver:price-outlook:monthly,commodity:silver,asset-price/2,signal,2026-08-31T21:00:00.000000000+00:00,hyperliquid-candle,True,sha256:d235229f7a0265cadb35bded984071e4ca8f8bc0db78f2a4b897ac2a0482525e,hl-candle-close,False,0.04238292153445798,66.4175,5,0.9,True,66.49393602012012,long,True,2026-08-31T21:15:37.713000000+00:00,66.49020628171955,66.28025661043189,experimental,66.69565013140736,0.1,a6881271-f688-4a2c-aeba-78b24a252346,"{""legs"":{""venue"":{""brier"":0.00034167,""leg"":""venue"",""meanOutcome"":0.96666667,""meanProbability"":0.959,""n"":30,""reason"":null,""unscored"":{""grid_no_probability"":10}}},""scoredRungs"":30,""settleByObservable"":{""terminal_close"":66.556},""version"":""settlement/1""}",66.556,pout:pbh:1b75a374006b46bfc9215e2c6cca575292fe558badde6fa3b7da579fa4d65231:2026-08-31,2026-08-31,po:commodity:silver:price-outlook:monthly:2026-08-31:eb92e5a72f1face6:80ca15dd8aed606d,"{""distribution"":{""crps"":0.04238292153445798,""crpsGridPoints"":5,""crpsPHigh"":0.9,""crpsPLow"":0.1,""inBand"":true,""inWideBand"":true,""pinball"":{""0.1"":0.027574338956810607,""0.25"":0.041689542687340264,""0.5"":0.031031989939940274,""0.75"":0.009900516687299188,""0.9"":0.013965013140736457}},""excursion"":{""bars"":71.0,""coverage"":1.0,""droppedCandles"":0.0,""expectedBars"":70.0,""intervalSeconds"":3600.0,""maxGapBars"":0.0},""legBrier"":{""legs"":{""venue"":{""brier"":0.00034167,""leg"":""venue"",""meanOutcome"":0.96666667,""meanProbability"":0.959,""n"":30,""reason"":null,""unscored"":{""grid_no_probability"":10}}},""scoredRungs"":30,""settleByObservable"":{""terminal_close"":66.556},""version"":""settlement/1""},""receipt"":{""barrierNote"":null,""costPct"":null,""entryRefPrice"":66.4175,""exitPrice"":66.556,""exitReason"":""anchor"",""grossReturnPct"":0.208529,""hitStop"":null,""hitTarget"":false,""netReturnPct"":null,""netReturnReason"":""no_cost_basis"",""realizedPct"":0.208529,""settlePrice"":66.556,""side"":""long""},""settleBasis"":""hl-candle-close"",""settleNote"":null,""settleQuality"":{""bars"":120.0,""coverage"":1.0,""droppedCandles"":0.0,""expectedBars"":120.0,""intervalSeconds"":60.0,""maxGapBars"":0.0,""stalenessSeconds"":0.001},""settleSource"":""hyperliquid-candle"",""settlementVersion"":""settlement/1""}",True,settlement/1,2026-08-31T20:59:59.999000000+00:00,psig:commodity:silver:price-outlook:monthly:2026-08-31:r165,terminal_close,"{""0.1"":0.027574338956810607,""0.25"":0.041689542687340264,""0.5"":0.031031989939940274,""0.75"":0.009900516687299188,""0.9"":0.013965013140736457}",66.38924182925064,sha256:d235229f7a0265cadb35bded984071e4ca8f8bc0db78f2a4b897ac2a0482525e,True,monthly,66.5956020667492,KXSILVERMON,,,,,sha256:d235229f7a0265cadb35bded984071e4ca8f8bc0db78f2a4b897ac2a0482525e,spot,verified,,terminal_close,,signal,"[{""clampedPercentiles"":[],""contributing"":true,""leg"":""house"",""median"":66.49393602012012,""rawWeight"":0.2,""scaleSource"":""own"",""support"":6115,""weight"":1.0}]",,66.4935,66.49393602012012,66.28025661043189,66.38924182925064,66.5956020667492,66.69565013140736,False,2026-08-31T20:30:39.929131Z,2026-08-31T20:30:39.929131Z,2026-08-31T21:00:00Z,2026-08-31,0.020371190613425925,blend/1,decide/3,-0.09325076609153278,0.09325076609153278,0.4889085747222222,commodity:silver|2026-08-31|hl-candle-close,0
kalshi,Silver — Long · Monthly · to Aug 31,False,0.208529,commodity,False,commodity:silver:price-outlook:monthly,commodity:silver,asset-price/2,signal,2026-08-31T21:00:00.000000000+00:00,hyperliquid-candle,True,,hl-candle-close,False,1.2742402437978484,66.4175,5,0.9,True,68.34841353105351,long,True,2026-08-31T21:15:38.512000000+00:00,68.10224163389326,61.857887656025895,experimental,74.65925094178439,0.1,a6881271-f688-4a2c-aeba-78b24a252346,"{""legs"":{""q"":{""brier"":0.30332164,""leg"":""q"",""meanOutcome"":0.42857143,""meanProbability"":0.70013447,""n"":7,""reason"":null,""unscored"":{}},""venue"":{""brier"":0.03558062,""leg"":""venue"",""meanOutcome"":0.725,""meanProbability"":0.726875,""n"":40,""reason"":null,""unscored"":{}}},""scoredRungs"":47,""settleByObservable"":{""terminal_close"":66.556},""version"":""settlement/1""}",66.556,pout:commodity:silver:price-outlook:monthly:2026-08-31,2026-08-31,po:commodity:silver:price-outlook:monthly:2026-08-31:17104ba73f25c049:ee0a41a1b342579c,"{""distribution"":{""crps"":1.2742402437978484,""crpsGridPoints"":5,""crpsPHigh"":0.9,""crpsPLow"":0.1,""inBand"":true,""inWideBand"":true,""pinball"":{""0.1"":0.4698112343974103,""0.25"":0.3539106126142535,""0.5"":0.896206765526756,""0.75"":1.2313804167559788,""0.9"":0.8103250941784393}},""excursion"":{""bars"":71.0,""coverage"":1.0,""droppedCandles"":0.0,""expectedBars"":70.0,""intervalSeconds"":3600.0,""maxGapBars"":0.0},""legBrier"":{""legs"":{""q"":{""brier"":0.30332164,""leg"":""q"",""meanOutcome"":0.42857143,""meanProbability"":0.70013447,""n"":7,""reason"":null,""unscored"":{}},""venue"":{""brier"":0.03558062,""leg"":""venue"",""meanOutcome"":0.725,""meanProbability"":0.726875,""n"":40,""reason"":null,""unscored"":{}}},""scoredRungs"":47,""settleByObservable"":{""terminal_close"":66.556},""version"":""settlement/1""},""receipt"":{""barrierNote"":null,""costPct"":null,""entryRefPrice"":66.4175,""exitPrice"":66.556,""exitReason"":""anchor"",""grossReturnPct"":0.208529,""hitStop"":null,""hitTarget"":false,""netReturnPct"":null,""netReturnReason"":""no_cost_basis"",""realizedPct"":0.208529,""settlePrice"":66.556,""side"":""long""},""settleBasis"":""hl-candle-close"",""settleNote"":null,""settleQuality"":{""bars"":120.0,""coverage"":1.0,""droppedCandles"":0.0,""expectedBars"":120.0,""intervalSeconds"":60.0,""maxGapBars"":0.0,""stalenessSeconds"":0.001},""settleSource"":""hyperliquid-candle"",""settlementVersion"":""settlement/1""}",True,settlement/1,2026-08-31T20:59:59.999000000+00:00,psig:commodity:silver:price-outlook:monthly:2026-08-31:r165,terminal_close,"{""0.1"":0.4698112343974103,""0.25"":0.3539106126142535,""0.5"":0.896206765526756,""0.75"":1.2313804167559788,""0.9"":0.8103250941784393}",65.14035754954298,,True,monthly,71.48152166702391,KXSILVERMON,,,,,,venue,,,terminal_close,,signal,"[{""clampedPercentiles"":[],""contributing"":true,""leg"":""house"",""median"":68.44287579721356,""rawWeight"":0.45,""scaleSource"":""own"",""support"":6115,""weight"":0.8181818181818181},{""clampedPercentiles"":[],""contributing"":true,""leg"":""venue"",""median"":67.92333333333333,""rawWeight"":0.1,""scaleSource"":""own"",""support"":40,""weight"":0.18181818181818182}]",,68.1435,68.34841353105351,61.857887656025895,65.14035754954298,71.48152166702391,74.65925094178439,False,2026-08-20T21:30:54.616226Z,2026-08-20T21:30:54.616226Z,2026-08-31T21:00:00Z,2026-08-31,10.978534534421296,blend/1,decide/1,2.693090827353675,2.693090827353675,263.4848288261111,commodity:silver|2026-08-31|hl-candle-close,7
polymarket,WTI Crude Oil — Long · Monthly · to Aug 31,False,4.179036,commodity,False,commodity:wti:price-outlook:monthly,commodity:wti,asset-price/2,signal,2026-08-31T21:00:00.000000000+00:00,hyperliquid-candle,True,sha256:46c2ae7e0818d1019f57a01bdc99207a8d1a27d52940e85a78a6901163e048cd,hl-candle-close,True,0.039912307838261114,82.866,5,0.9,True,86.32061370886218,long,True,2026-08-31T21:15:40.908000000+00:00,86.31539038005509,86.01989543623407,experimental,86.60456751811779,0.1,a6881271-f688-4a2c-aeba-78b24a252346,"{""legs"":{""venue"":{""brier"":0.0038033,""leg"":""venue"",""meanOutcome"":0.81818182,""meanProbability"":0.79295455,""n"":11,""reason"":null,""unscored"":{""grid_no_probability"":19,""no_settle_for_observable"":2}}},""scoredRungs"":11,""settleByObservable"":{""terminal_close"":86.329},""version"":""settlement/1""}",86.329,pout:pbh:d1abd9f30356c669f1eeaf9602a39921e2c12c215fff745d94fc904a14bcb91e:2026-08-31,2026-08-31,po:commodity:wti:price-outlook:monthly:2026-08-31:eb92e5a72f1face6:6a8e65bc4135ae82,"{""distribution"":{""crps"":0.039912307838261114,""crpsGridPoints"":5,""crpsPHigh"":0.9,""crpsPLow"":0.1,""inBand"":true,""inWideBand"":true,""pinball"":{""0.1"":0.030910456376592777,""0.25"":0.03893404008568169,""0.5"":0.0041931455689052655,""0.75"":0.03368009447819986,""0.9"":0.027556751811779627}},""excursion"":{""bars"":44.0,""coverage"":1.0,""droppedCandles"":0.0,""expectedBars"":43.0,""intervalSeconds"":3600.0,""maxGapBars"":0.0},""legBrier"":{""legs"":{""venue"":{""brier"":0.0038033,""leg"":""venue"",""meanOutcome"":0.81818182,""meanProbability"":0.79295455,""n"":11,""reason"":null,""unscored"":{""grid_no_probability"":19,""no_settle_for_observable"":2}}},""scoredRungs"":11,""settleByObservable"":{""terminal_close"":86.329},""version"":""settlement/1""},""receipt"":{""barrierNote"":null,""costPct"":null,""entryRefPrice"":82.866,""exitPrice"":86.329,""exitReason"":""anchor"",""grossReturnPct"":4.179036,""hitStop"":null,""hitTarget"":true,""netReturnPct"":null,""netReturnReason"":""no_cost_basis"",""realizedPct"":4.179036,""settlePrice"":86.329,""side"":""long""},""settleBasis"":""hl-candle-close"",""settleNote"":null,""settleQuality"":{""bars"":120.0,""coverage"":1.0,""droppedCandles"":0.0,""expectedBars"":120.0,""intervalSeconds"":60.0,""maxGapBars"":0.0,""stalenessSeconds"":0.001},""settleSource"":""hyperliquid-candle"",""settlementVersion"":""settlement/1""}",True,settlement/1,2026-08-31T20:59:59.999000000+00:00,psig:commodity:wti:price-outlook:monthly:2026-08-31:r200,terminal_close,"{""0.1"":0.030910456376592777,""0.25"":0.03893404008568169,""0.5"":0.0041931455689052655,""0.75"":0.03368009447819986,""0.9"":0.027556751811779627}",86.17326383965727,sha256:46c2ae7e0818d1019f57a01bdc99207a8d1a27d52940e85a78a6901163e048cd,True,monthly,86.4637203779128,,,,,,sha256:46c2ae7e0818d1019f57a01bdc99207a8d1a27d52940e85a78a6901163e048cd,spot,verified,,terminal_close,,signal,"[{""clampedPercentiles"":[],""contributing"":true,""leg"":""house"",""median"":86.32061370886218,""rawWeight"":0.2,""scaleSource"":""own"",""support"":6115,""weight"":1.0}]",,86.32,86.32061370886218,86.01989543623407,86.17326383965727,86.4637203779128,86.60456751811779,False,2026-08-31T20:30:39.929131Z,2026-08-31T20:30:39.929131Z,2026-08-31T21:00:00Z,2026-08-31,0.020371190613425925,blend/1,decide/3,-0.00971433833104812,0.00971433833104812,0.4889085747222222,commodity:wti|2026-08-31|hl-candle-close,0
polymarket,WTI Crude Oil — Long · Monthly · to Aug 31,False,4.179036,commodity,False,commodity:wti:price-outlook:monthly,commodity:wti,asset-price/2,coverage,2026-08-31T21:00:00.000000000+00:00,hyperliquid-candle,True,,hl-candle-close,True,1.0825621613475604,82.866,5,0.9,True,86.69846192671328,long,True,2026-08-31T21:15:41.709000000+00:00,86.78460722534552,79.15469088966894,experimental,94.45303583478835,0.1,a6881271-f688-4a2c-aeba-78b24a252346,"{""legs"":{""q"":{""brier"":0.13553167,""leg"":""q"",""meanOutcome"":0.71428571,""meanProbability"":0.49079845,""n"":7,""reason"":null,""unscored"":{}}},""scoredRungs"":7,""settleByObservable"":{""terminal_close"":86.329},""version"":""settlement/1""}",86.329,pout:commodity:wti:price-outlook:monthly:2026-08-31,2026-08-31,po:commodity:wti:price-outlook:monthly:2026-08-31:17104ba73f25c049:c17676c010541da7,"{""distribution"":{""crps"":1.0825621613475604,""crpsGridPoints"":5,""crpsPHigh"":0.9,""crpsPLow"":0.1,""inBand"":true,""inWideBand"":true,""pinball"":{""0.1"":0.7174309110331052,""0.25"":0.852364945486233,""0.5"":0.18473096335664252,""0.75"":1.0494388182448873,""0.9"":0.8124035834788357}},""excursion"":{""bars"":44.0,""coverage"":1.0,""droppedCandles"":0.0,""expectedBars"":43.0,""intervalSeconds"":3600.0,""maxGapBars"":0.0},""legBrier"":{""legs"":{""q"":{""brier"":0.13553167,""leg"":""q"",""meanOutcome"":0.71428571,""meanProbability"":0.49079845,""n"":7,""reason"":null,""unscored"":{}}},""scoredRungs"":7,""settleByObservable"":{""terminal_close"":86.329},""version"":""settlement/1""},""receipt"":{""barrierNote"":null,""costPct"":null,""entryRefPrice"":82.866,""exitPrice"":86.329,""exitReason"":""anchor"",""grossReturnPct"":4.179036,""hitStop"":null,""hitTarget"":true,""netReturnPct"":null,""netReturnReason"":""no_cost_basis"",""realizedPct"":4.179036,""settlePrice"":86.329,""side"":""long""},""settleBasis"":""hl-candle-close"",""settleNote"":null,""settleQuality"":{""bars"":120.0,""coverage"":1.0,""droppedCandles"":0.0,""expectedBars"":120.0,""intervalSeconds"":60.0,""maxGapBars"":0.0,""stalenessSeconds"":0.001},""settleSource"":""hyperliquid-candle"",""settlementVersion"":""settlement/1""}",True,settlement/1,2026-08-31T20:59:59.999000000+00:00,psig:commodity:wti:price-outlook:monthly:2026-08-31:r200,terminal_close,"{""0.1"":0.7174309110331052,""0.25"":0.852364945486233,""0.5"":0.18473096335664252,""0.75"":1.0494388182448873,""0.9"":0.8124035834788357}",82.91954021805506,,True,monthly,90.52675527297954,,,,,,,,,,terminal_close,,coverage,"[{""clampedPercentiles"":[],""contributing"":true,""leg"":""house"",""median"":86.69846192671328,""rawWeight"":0.45,""scaleSource"":""own"",""support"":6115,""weight"":1.0}]",,86.326,86.69846192671328,79.15469088966894,82.91954021805506,90.52675527297954,94.45303583478835,False,2026-08-20T21:30:54.616226Z,2026-08-20T21:30:54.616226Z,2026-08-31T21:00:00Z,2026-08-31,10.978534534421296,blend/1,decide/1,0.4279696587627392,0.4279696587627392,263.4848288261111,commodity:wti|2026-08-31|hl-candle-close,7
kalshi,Bitcoin — Short · Daily · to Aug 31,False,0.323019,crypto,False,crypto:btc:price-outlook:daily,crypto:btc,asset-price/2,signal,2026-08-31T21:00:00.000000000+00:00,hyperliquid-candle,True,sha256:f9d5ffd9409636486eafaa9b610b6bd5648edcb519051333e245de0740e38dab,hl-candle-close,True,64.58186149233262,79097.5,5,0.9,True,78893.49054399338,short,True,2026-08-31T21:16:03.975000000+00:00,78833.8864260494,78425.35448844472,experimental,79246.78910278999,0.1,a6881271-f688-4a2c-aeba-78b24a252346,"{""legs"":{""venue"":{""brier"":0.00245904,""leg"":""venue"",""meanOutcome"":0.93617021,""meanProbability"":0.93648936,""n"":47,""reason"":null,""unscored"":{""grid_no_probability"":62}}},""scoredRungs"":47,""settleByObservable"":{""terminal_close"":78842.0},""version"":""settlement/1""}",78842.0,pout:pbh:cc628804f79ff4b92a26159bca4be46d5e6894c9d31ef786b5dc1852a3fb4517:2026-08-31,2026-08-31,po:crypto:btc:price-outlook:daily:2026-08-31:eb92e5a72f1face6:680bbc879003445b,"{""distribution"":{""crps"":64.58186149233262,""crpsGridPoints"":5,""crpsPHigh"":0.9,""crpsPLow"":0.1,""inBand"":true,""inWideBand"":true,""pinball"":{""0.1"":41.66455115552817,""0.25"":37.27983338270133,""0.5"":25.745271996689553,""0.75"":61.189432314320584,""0.9"":40.478910278998946}},""excursion"":{""bars"":2.0,""coverage"":1.0,""droppedCandles"":0.0,""expectedBars"":1.0,""intervalSeconds"":3600.0,""maxGapBars"":0.0},""legBrier"":{""legs"":{""venue"":{""brier"":0.00245904,""leg"":""venue"",""meanOutcome"":0.93617021,""meanProbability"":0.93648936,""n"":47,""reason"":null,""unscored"":{""grid_no_probability"":62}}},""scoredRungs"":47,""settleByObservable"":{""terminal_close"":78842.0},""version"":""settlement/1""},""receipt"":{""barrierNote"":null,""costPct"":null,""entryRefPrice"":79097.5,""exitPrice"":78842.0,""exitReason"":""anchor"",""grossReturnPct"":0.323019,""hitStop"":null,""hitTarget"":true,""netReturnPct"":null,""netReturnReason"":""no_cost_basis"",""realizedPct"":0.323019,""settlePrice"":78842.0,""side"":""short""},""settleBasis"":""hl-candle-close"",""settleNote"":null,""settleQuality"":{""bars"":120.0,""coverage"":1.0,""droppedCandles"":0.0,""expectedBars"":120.0,""intervalSeconds"":60.0,""maxGapBars"":0.0,""stalenessSeconds"":0.001},""settleSource"":""hyperliquid-candle"",""settlementVersion"":""settlement/1""}",True,settlement/1,2026-08-31T20:59:59.999000000+00:00,psig:crypto:btc:price-outlook:daily:2026-08-31:r23,terminal_close,"{""0.1"":41.66455115552817,""0.25"":37.27983338270133,""0.5"":25.745271996689553,""0.75"":61.189432314320584,""0.9"":40.478910278998946}",78692.8806664692,sha256:f9d5ffd9409636486eafaa9b610b6bd5648edcb519051333e245de0740e38dab,True,daily,79086.75772925728,KXBTCD,,,,,sha256:f9d5ffd9409636486eafaa9b610b6bd5648edcb519051333e245de0740e38dab,spot,verified,,terminal_close,,signal,"[{""clampedPercentiles"":[],""contributing"":true,""leg"":""house"",""median"":78913.9884383786,""rawWeight"":0.2,""scaleSource"":""own"",""support"":2748,""weight"":0.22222222222222227},{""clampedPercentiles"":[],""contributing"":true,""leg"":""q"",""median"":78887.63400274045,""rawWeight"":0.7,""scaleSource"":""own"",""support"":11,""weight"":0.7777777777777778}]",,78913.5,78893.49054399338,78425.35448844472,78692.8806664692,79086.75772925728,79246.78910278999,False,2026-08-31T20:30:39.929131Z,2026-08-31T20:30:39.929131Z,2026-08-31T21:00:00Z,2026-08-31,0.020371190613425925,blend/1,decide/3,0.06530852083074898,0.06530852083074898,0.4889085747222222,crypto:btc|2026-08-31|hl-candle-close,0
,Bitcoin — Long · Monthly · to Aug 31,False,0.010782,crypto,False,crypto:btc:price-outlook:monthly,crypto:btc,asset-price/2,projection,2026-08-31T21:00:00.000000000+00:00,hyperliquid-candle,True,sha256:f9d5ffd9409636486eafaa9b610b6bd5648edcb519051333e245de0740e38dab,hl-candle-close,False,1194.8243016786744,78833.5,5,0.9,True,79610.52830117432,long,True,2026-08-31T21:16:04.754000000+00:00,80570.2447686353,73093.05040772617,experimental,90456.4643301716,0.1,a6881271-f688-4a2c-aeba-78b24a252346,"{""legs"":{""venue"":{""brier"":null,""leg"":""venue"",""meanOutcome"":null,""meanProbability"":null,""n"":0,""reason"":""no_scoreable_rungs"",""unscored"":{""grid_no_probability"":26,""no_settle_for_observable"":3}}},""scoredRungs"":0,""settleByObservable"":{""terminal_close"":78842.0},""version"":""settlement/1""}",78842.0,pout:pbh:4ef6537e69f745215e670a3efc33591c2d63ec151f28c6680b0b3d436d4ced2c:2026-08-31,2026-08-31,po:crypto:btc:price-outlook:monthly:2026-08-31:07a8a1be7f379196:5dc81e18c68fb7cb,"{""distribution"":{""crps"":1194.8243016786744,""crpsGridPoints"":5,""crpsPHigh"":0.9,""crpsPLow"":0.1,""inBand"":true,""inWideBand"":true,""pinball"":{""0.1"":574.8949592273829,""0.25"":414.37696601270363,""0.5"":384.2641505871579,""0.75"":1441.2255778583312,""0.9"":1161.4464330171595}},""excursion"":{""bars"":31.0,""coverage"":1.0,""droppedCandles"":0.0,""expectedBars"":30.0,""intervalSeconds"":3600.0,""maxGapBars"":0.0},""legBrier"":{""legs"":{""venue"":{""brier"":null,""leg"":""venue"",""meanOutcome"":null,""meanProbability"":null,""n"":0,""reason"":""no_scoreable_rungs"",""unscored"":{""grid_no_probability"":26,""no_settle_for_observable"":3}}},""scoredRungs"":0,""settleByObservable"":{""terminal_close"":78842.0},""version"":""settlement/1""},""receipt"":{""barrierNote"":null,""costPct"":null,""entryRefPrice"":78833.5,""exitPrice"":78842.0,""exitReason"":""anchor"",""grossReturnPct"":0.010782,""hitStop"":null,""hitTarget"":false,""netReturnPct"":null,""netReturnReason"":""no_cost_basis"",""realizedPct"":0.010782,""settlePrice"":78842.0,""side"":""long""},""settleBasis"":""hl-candle-close"",""settleNote"":null,""settleQuality"":{""bars"":120.0,""coverage"":1.0,""droppedCandles"":0.0,""expectedBars"":120.0,""intervalSeconds"":60.0,""maxGapBars"":0.0,""stalenessSeconds"":0.001},""settleSource"":""hyperliquid-candle"",""settlementVersion"":""settlement/1""}",True,settlement/1,2026-08-31T20:59:59.999000000+00:00,psig:crypto:btc:price-outlook:monthly:2026-08-31:r114,terminal_close,"{""0.1"":574.8949592273829,""0.25"":414.37696601270363,""0.5"":384.2641505871579,""0.75"":1441.2255778583312,""0.9"":1161.4464330171595}",77184.49213594919,sha256:f9d5ffd9409636486eafaa9b610b6bd5648edcb519051333e245de0740e38dab,True,monthly,84606.90231143332,,,,,,sha256:f9d5ffd9409636486eafaa9b610b6bd5648edcb519051333e245de0740e38dab,spot,verified,,terminal_close,,projection,"[{""clampedPercentiles"":[],""contributing"":true,""leg"":""house"",""median"":78841.4048787739,""rawWeight"":0.2,""scaleSource"":""own"",""support"":2748,""weight"":0.22222222222222227},{""clampedPercentiles"":[],""contributing"":true,""leg"":""q"",""median"":79830.27785043156,""rawWeight"":0.7,""scaleSource"":""own"",""support"":7,""weight"":0.7777777777777778}]",,78816.5,79610.52830117432,73093.05040772617,77184.49213594919,84606.90231143332,90456.4643301716,False,2026-08-30T20:30:29.732079Z,2026-08-30T20:30:29.732079Z,2026-08-31T21:00:00Z,2026-08-31,1.020489212048611,blend/1,decide/3,0.9747701747473629,0.9747701747473629,24.49174108916667,crypto:btc|2026-08-31|hl-candle-close,0
,Bitcoin — Long · Monthly · to Aug 31,False,0.010782,crypto,False,crypto:btc:price-outlook:monthly,crypto:btc,asset-price/2,coverage,2026-08-31T21:00:00.000000000+00:00,hyperliquid-candle,True,,hl-candle-close,False,6659.3997987466555,78833.5,5,0.9,False,67390.4619756932,long,False,2026-08-31T21:16:05.470000000+00:00,68710.6020640445,61839.658477842306,experimental,75793.82052728943,0.1,a6881271-f688-4a2c-aeba-78b24a252346,"{""legs"":{""q"":{""brier"":0.17523247,""leg"":""q"",""meanOutcome"":1.0,""meanProbability"":0.59535655,""n"":7,""reason"":null,""unscored"":{}}},""scoredRungs"":7,""settleByObservable"":{""terminal_close"":78842.0},""version"":""settlement/1""}",78842.0,pout:crypto:btc:price-outlook:monthly:2026-08-31,2026-08-31,po:crypto:btc:price-outlook:monthly:2026-08-31:17104ba73f25c049:44e443830289d8c3,"{""distribution"":{""crps"":6659.3997987466555,""crpsGridPoints"":5,""crpsPHigh"":0.9,""crpsPLow"":0.1,""inBand"":false,""inWideBand"":false,""pinball"":{""0.1"":1700.2341522157694,""0.25"":3790.576097991272,""0.5"":5725.769012153403,""0.75"":4034.363754562881,""0.9"":2743.3615254395163}},""excursion"":{""bars"":31.0,""coverage"":1.0,""droppedCandles"":0.0,""expectedBars"":30.0,""intervalSeconds"":3600.0,""maxGapBars"":0.0},""legBrier"":{""legs"":{""q"":{""brier"":0.17523247,""leg"":""q"",""meanOutcome"":1.0,""meanProbability"":0.59535655,""n"":7,""reason"":null,""unscored"":{}}},""scoredRungs"":7,""settleByObservable"":{""terminal_close"":78842.0},""version"":""settlement/1""},""receipt"":{""barrierNote"":null,""costPct"":null,""entryRefPrice"":78833.5,""exitPrice"":78842.0,""exitReason"":""anchor"",""grossReturnPct"":0.010782,""hitStop"":null,""hitTarget"":false,""netReturnPct"":null,""netReturnReason"":""no_cost_basis"",""realizedPct"":0.010782,""settlePrice"":78842.0,""side"":""long""},""settleBasis"":""hl-candle-close"",""settleNote"":null,""settleQuality"":{""bars"":120.0,""coverage"":1.0,""droppedCandles"":0.0,""expectedBars"":120.0,""intervalSeconds"":60.0,""maxGapBars"":0.0,""stalenessSeconds"":0.001},""settleSource"":""hyperliquid-candle"",""settlementVersion"":""settlement/1""}",True,settlement/1,2026-08-31T20:59:59.999000000+00:00,psig:crypto:btc:price-outlook:monthly:2026-08-31:r114,terminal_close,"{""0.1"":1700.2341522157694,""0.25"":3790.576097991272,""0.5"":5725.769012153403,""0.75"":4034.363754562881,""0.9"":2743.3615254395163}",63679.69560803491,,True,monthly,73462.84832724949,,,,,,,,,,terminal_close,,coverage,"[{""clampedPercentiles"":[],""contributing"":true,""leg"":""house"",""median"":72985.15550979736,""rawWeight"":0.45,""scaleSource"":""own"",""support"":2748,""weight"":0.5},{""clampedPercentiles"":[0.1,0.25,0.75,0.9],""contributing"":true,""leg"":""q"",""median"":61795.768441589025,""rawWeight"":0.45,""scaleSource"":""own"",""support"":7,""weight"":0.5}]",,72742.5,67390.4619756932,61839.658477842306,63679.69560803491,73462.84832724949,75793.82052728943,False,2026-08-20T21:30:54.616226Z,2026-08-20T21:30:54.616226Z,2026-08-31T21:00:00Z,2026-08-31,10.978534534421296,blend/1,decide/1,-14.524667086460017,14.524667086460017,263.4848288261111,crypto:btc|2026-08-31|hl-candle-close,7
kalshi,Bitcoin — Short · Next-day · to Aug 31,False,-0.981742,crypto,False,crypto:btc:price-outlook:next-day,crypto:btc,asset-price/2,projection,2026-08-31T21:00:00.000000000+00:00,hyperliquid-candle,True,sha256:f9d5ffd9409636486eafaa9b610b6bd5648edcb519051333e245de0740e38dab,hl-candle-close,False,3441.54344248207,78075.5,5,0.9,True,72126.90499528727,short,True,2026-08-31T21:16:06.652000000+00:00,76061.89716496675,68958.86927695741,experimental,90792.52790750952,0.1,a6881271-f688-4a2c-aeba-78b24a252346,"{""legs"":{},""scoredRungs"":0,""settleByObservable"":{""terminal_close"":78842.0},""version"":""settlement/1""}",78842.0,pout:pbh:e7f3310d5e258224fe3d8ff4568956603a4cdb2770a0b40f6e94f06b4b68ab7b:2026-08-31,2026-08-31,po:crypto:btc:price-outlook:next-day:2026-08-31:949218dc08e39f43:6b423ee1a4d615ed,"{""distribution"":{""crps"":3441.54344248207,""crpsGridPoints"":5,""crpsPHigh"":0.9,""crpsPLow"":0.1,""inBand"":true,""inWideBand"":true,""pinball"":{""0.1"":988.3130723042589,""0.25"":2379.4566163873824,""0.5"":3357.547502356363,""0.75"":1208.7054132266348,""0.9"":1195.0527907509513}},""excursion"":{""bars"":48.0,""coverage"":1.0,""droppedCandles"":0.0,""expectedBars"":47.0,""intervalSeconds"":3600.0,""maxGapBars"":0.0},""legBrier"":{""legs"":{},""scoredRungs"":0,""settleByObservable"":{""terminal_close"":78842.0},""version"":""settlement/1""},""receipt"":{""barrierNote"":null,""costPct"":null,""entryRefPrice"":78075.5,""exitPrice"":78842.0,""exitReason"":""anchor"",""grossReturnPct"":-0.981742,""hitStop"":null,""hitTarget"":false,""netReturnPct"":null,""netReturnReason"":""no_cost_basis"",""realizedPct"":-0.981742,""settlePrice"":78842.0,""side"":""short""},""settleBasis"":""hl-candle-close"",""settleNote"":null,""settleQuality"":{""bars"":120.0,""coverage"":1.0,""droppedCandles"":0.0,""expectedBars"":120.0,""intervalSeconds"":60.0,""maxGapBars"":0.0,""stalenessSeconds"":0.001},""settleSource"":""hyperliquid-candle"",""settlementVersion"":""settlement/1""}",True,settlement/1,2026-08-31T20:59:59.999000000+00:00,psig:crypto:btc:price-outlook:next-day:2026-08-31:r1,terminal_close,"{""0.1"":988.3130723042589,""0.25"":2379.4566163873824,""0.5"":3357.547502356363,""0.75"":1208.7054132266348,""0.9"":1195.0527907509513}",69324.17353445047,sha256:f9d5ffd9409636486eafaa9b610b6bd5648edcb519051333e245de0740e38dab,True,next-day,83676.82165290654,KXBTCD,,,,,sha256:f9d5ffd9409636486eafaa9b610b6bd5648edcb519051333e245de0740e38dab,spot,verified,,terminal_close,,projection,"[{""clampedPercentiles"":[],""contributing"":true,""leg"":""house"",""median"":78124.19547155513,""rawWeight"":0.2,""scaleSource"":""own"",""support"":2748,""weight"":0.22222222222222227},{""clampedPercentiles"":[0.1,0.25,0.9],""contributing"":true,""leg"":""q"",""median"":70300.0,""rawWeight"":0.7,""scaleSource"":""own"",""support"":7,""weight"":0.7777777777777778}]",,78083.5,72126.90499528727,68958.86927695741,69324.17353445047,83676.82165290654,90792.52790750952,False,2026-08-30T04:30:40.102109Z,2026-08-30T04:30:40.102109Z,2026-08-31T21:00:00Z,2026-08-31,1.6870358552199074,blend/1,decide/3,-8.517154568266566,8.517154568266566,40.48886052527778,crypto:btc|2026-08-31|hl-candle-close,0
kalshi,Copper — Daily · to Sep 1,False,,commodity,False,commodity:copper:price-outlook:daily,commodity:copper,asset-price/2,signal,2026-09-01T21:00:00.000000000+00:00,kalshi-settled-print,True,bridge:sha256:3a29bdb2399a45f4571217e7bf4dbe74a2ebc9ef1483784dec88d34e145eeeb0,venue-settlement-value,,0.06115175837375579,,5,0.9,False,6.441570363297215,,False,2026-09-02T00:15:17.118000000+00:00,,6.398296528606691,experimental,6.484459676463335,0.1,532bb8ab-95b7-41b2-9c3b-0ee9670c70bc,"{""legs"":{},""scoredRungs"":0,""settleByObservable"":{""terminal_close"":6.53},""version"":""settlement/1""}",6.53,pout:pbh:f203af5314845972b579b445b6154cae7e8d6f24c7d23538f69133dbfcc406d3:2026-09-01,2026-09-01,po:pbh:f203af5314845972b579b445b6154cae7e8d6f24c7d23538f69133dbfcc406d3:2026-09-01:eb92e5a72f1face6:dd9ccfc196083d78,"{""distribution"":{""crps"":0.06115175837375579,""crpsGridPoints"":5,""crpsPHigh"":0.9,""crpsPLow"":0.1,""inBand"":false,""inWideBand"":false,""pinball"":{""0.1"":0.013170347139330919,""0.25"":0.027705842752720367,""0.5"":0.044214818351392626,""0.75"":0.049596290871554816,""0.9"":0.04098629118299844}},""excursion"":null,""legBrier"":{""legs"":{},""scoredRungs"":0,""settleByObservable"":{""terminal_close"":6.53},""version"":""settlement/1""},""receipt"":null,""settleBasis"":""venue-settlement-value"",""settleNote"":null,""settleQuality"":{""venueSettlement"":1.0},""settleSource"":""kalshi-settled-print"",""settlementVersion"":""settlement/1""}",True,settlement/1,2026-09-01T21:00:00.000000000+00:00,,terminal_close,"{""0.1"":0.013170347139330919,""0.25"":0.027705842752720367,""0.5"":0.044214818351392626,""0.75"":0.049596290871554816,""0.9"":0.04098629118299844}",6.419176628989119,bridge:sha256:3a29bdb2399a45f4571217e7bf4dbe74a2ebc9ef1483784dec88d34e145eeeb0,True,daily,6.4638716121712605,KXCOPPERD,,,,,bridge:sha256:3a29bdb2399a45f4571217e7bf4dbe74a2ebc9ef1483784dec88d34e145eeeb0,,estimated,,terminal_close,,signal,,,6.441547055144167,6.441570363297215,6.398296528606691,6.419176628989119,6.4638716121712605,6.484459676463335,False,2026-09-01T20:30:31.255202Z,2026-09-01T20:30:31.255202Z,2026-09-01T21:00:00Z,2026-09-01,0.020471583310185185,blend/1,decide/3,-1.3542057688022242,1.3542057688022242,0.49131799944444443,commodity:copper|2026-09-01|venue-settlement-value,0
,Copper — Next-day · to Sep 1,False,,commodity,False,commodity:copper:price-outlook:next-day,commodity:copper,asset-price/2,signal,2026-09-01T21:00:00.000000000+00:00,kalshi-settled-print,True,bridge:sha256:3a29bdb2399a45f4571217e7bf4dbe74a2ebc9ef1483784dec88d34e145eeeb0,venue-settlement-value,,0.05909381971116967,,5,0.9,False,6.631986792520626,,True,2026-09-02T00:15:17.558000000+00:00,,6.525844621908922,experimental,6.74124259473872,0.1,532bb8ab-95b7-41b2-9c3b-0ee9670c70bc,"{""legs"":{},""scoredRungs"":0,""settleByObservable"":{""terminal_close"":6.53},""version"":""settlement/1""}",6.53,pout:pbh:98f5d49caa9548b2887b163b59f53952ff3af776b59702c40e4a865421459dfd:2026-09-01,2026-09-01,po:pbh:98f5d49caa9548b2887b163b59f53952ff3af776b59702c40e4a865421459dfd:2026-09-01:eb92e5a72f1face6:8d26fb90ab0c49f5,"{""distribution"":{""crps"":0.05909381971116967,""crpsGridPoints"":5,""crpsPHigh"":0.9,""crpsPLow"":0.1,""inBand"":false,""inWideBand"":true,""pinball"":{""0.1"":0.0004155378091078355,""0.25"":0.03717593546617093,""0.5"":0.05099339626031307,""0.75"":0.03873944450524447,""0.9"":0.021124259473871993}},""excursion"":null,""legBrier"":{""legs"":{},""scoredRungs"":0,""settleByObservable"":{""terminal_close"":6.53},""version"":""settlement/1""},""receipt"":null,""settleBasis"":""venue-settlement-value"",""settleNote"":null,""settleQuality"":{""venueSettlement"":1.0},""settleSource"":""kalshi-settled-print"",""settlementVersion"":""settlement/1""}",True,settlement/1,2026-09-01T21:00:00.000000000+00:00,,terminal_close,"{""0.1"":0.0004155378091078355,""0.25"":0.03717593546617093,""0.5"":0.05099339626031307,""0.75"":0.03873944450524447,""0.9"":0.021124259473871993}",6.579567913954895,bridge:sha256:3a29bdb2399a45f4571217e7bf4dbe74a2ebc9ef1483784dec88d34e145eeeb0,True,next-day,6.684957778020978,,,,,,bridge:sha256:3a29bdb2399a45f4571217e7bf4dbe74a2ebc9ef1483784dec88d34e145eeeb0,,estimated,,terminal_close,,signal,,,6.5946440089070695,6.631986792520626,6.525844621908922,6.579567913954895,6.684957778020978,6.74124259473872,False,2026-08-31T20:30:39.929131Z,2026-08-31T20:30:39.929131Z,2026-09-01T21:00:00Z,2026-09-01,1.0203711906134258,blend/1,decide/3,1.5618191810203086,1.5618191810203086,24.488908574722224,commodity:copper|2026-09-01|venue-settlement-value,0
kalshi,Gold — Daily · to Sep 1,False,,commodity,False,commodity:gold:price-outlook:daily,commodity:gold,asset-price/2,signal,2026-09-01T21:00:00.000000000+00:00,kalshi-settled-print,True,bridge:sha256:aaed6a8ae8b9f3568fbf4641dbff8e977447cb25b1ece3f6d57fdfcbe093107f,venue-settlement-value,,3.336275556646342,,5,0.9,True,4329.072686050889,,True,2026-09-02T00:15:20.519000000+00:00,,4305.039580158968,experimental,4352.635835189144,0.1,532bb8ab-95b7-41b2-9c3b-0ee9670c70bc,"{""legs"":{},""scoredRungs"":0,""settleByObservable"":{""terminal_close"":4328.37},""version"":""settlement/1""}",4328.37,pout:pbh:99e6cb195d212f4d920a9b200e864a0b51fb4ae391ecac386027421be13420e4:2026-09-01,2026-09-01,po:pbh:99e6cb195d212f4d920a9b200e864a0b51fb4ae391ecac386027421be13420e4:2026-09-01:eb92e5a72f1face6:d2df3374fb1e066b,"{""distribution"":{""crps"":3.336275556646342,""crpsGridPoints"":5,""crpsPHigh"":0.9,""crpsPLow"":0.1,""inBand"":true,""inWideBand"":true,""pinball"":{""0.1"":2.333041984103147,""0.25"":2.8973137672167013,""0.5"":0.3513430254447485,""0.75"":3.219336778961633,""0.9"":2.4265835189144123}},""excursion"":null,""legBrier"":{""legs"":{},""scoredRungs"":0,""settleByObservable"":{""terminal_close"":4328.37},""version"":""settlement/1""},""receipt"":null,""settleBasis"":""venue-settlement-value"",""settleNote"":null,""settleQuality"":{""venueSettlement"":1.0},""settleSource"":""kalshi-settled-print"",""settlementVersion"":""settlement/1""}",True,settlement/1,2026-09-01T21:00:00.000000000+00:00,,terminal_close,"{""0.1"":2.333041984103147,""0.25"":2.8973137672167013,""0.5"":0.3513430254447485,""0.75"":3.219336778961633,""0.9"":2.4265835189144123}",4316.780744931133,bridge:sha256:aaed6a8ae8b9f3568fbf4641dbff8e977447cb25b1ece3f6d57fdfcbe093107f,True,daily,4341.247347115846,KXGOLDD,,,,,bridge:sha256:aaed6a8ae8b9f3568fbf4641dbff8e977447cb25b1ece3f6d57fdfcbe093107f,,estimated,,terminal_close,,signal,,,4328.945934190739,4329.072686050889,4305.039580158968,4316.780744931133,4341.247347115846,4352.635835189144,False,2026-09-01T20:30:31.255202Z,2026-09-01T20:30:31.255202Z,2026-09-01T21:00:00Z,2026-09-01,0.020471583310185185,blend/1,decide/3,0.01623442660607797,0.01623442660607797,0.49131799944444443,commodity:gold|2026-09-01|venue-settlement-value,0
,Gold — Next-day · to Sep 1,False,,commodity,False,commodity:gold:price-outlook:next-day,commodity:gold,asset-price/2,signal,2026-09-01T21:00:00.000000000+00:00,kalshi-settled-print,True,bridge:sha256:aaed6a8ae8b9f3568fbf4641dbff8e977447cb25b1ece3f6d57fdfcbe093107f,venue-settlement-value,,77.91561116492659,,5,0.9,False,4448.03385834474,,False,2026-09-02T00:15:21.358000000+00:00,,4370.285633546585,experimental,4508.959125278531,0.1,532bb8ab-95b7-41b2-9c3b-0ee9670c70bc,"{""legs"":{},""scoredRungs"":0,""settleByObservable"":{""terminal_close"":4328.37},""version"":""settlement/1""}",4328.37,pout:pbh:d7e1c53a9e36f2cb835a83775dd417d41efcfe8924a78b2d9fe81e2860b6fc81:2026-09-01,2026-09-01,po:pbh:d7e1c53a9e36f2cb835a83775dd417d41efcfe8924a78b2d9fe81e2860b6fc81:2026-09-01:eb92e5a72f1face6:0e6fd8c1711b5732,"{""distribution"":{""crps"":77.91561116492659,""crpsGridPoints"":5,""crpsPHigh"":0.9,""crpsPLow"":0.1,""inBand"":false,""inWideBand"":false,""pinball"":{""0.1"":37.724070191926515,""0.25"":58.18257041863603,""0.5"":59.83192917237011,""0.75"":40.89792750830043,""0.9"":18.05891252785313}},""excursion"":null,""legBrier"":{""legs"":{},""scoredRungs"":0,""settleByObservable"":{""terminal_close"":4328.37},""version"":""settlement/1""},""receipt"":null,""settleBasis"":""venue-settlement-value"",""settleNote"":null,""settleQuality"":{""venueSettlement"":1.0},""settleSource"":""kalshi-settled-print"",""settlementVersion"":""settlement/1""}",True,settlement/1,2026-09-01T21:00:00.000000000+00:00,,terminal_close,"{""0.1"":37.724070191926515,""0.25"":58.18257041863603,""0.5"":59.83192917237011,""0.75"":40.89792750830043,""0.9"":18.05891252785313}",4405.946760558181,bridge:sha256:aaed6a8ae8b9f3568fbf4641dbff8e977447cb25b1ece3f6d57fdfcbe093107f,True,next-day,4491.961710033202,,,,,,bridge:sha256:aaed6a8ae8b9f3568fbf4641dbff8e977447cb25b1ece3f6d57fdfcbe093107f,,estimated,,terminal_close,,signal,,,4447.150934926037,4448.03385834474,4370.285633546585,4405.946760558181,4491.961710033202,4508.959125278531,False,2026-08-31T20:30:39.929131Z,2026-08-31T20:30:39.929131Z,2026-09-01T21:00:00Z,2026-09-01,1.0203711906134258,blend/1,decide/3,2.764640230496474,2.764640230496474,24.488908574722224,commodity:gold|2026-09-01|venue-settlement-value,0
kalshi,Silver — Daily · to Sep 1,False,,commodity,False,commodity:silver:price-outlook:daily,commodity:silver,asset-price/2,signal,2026-09-01T21:00:00.000000000+00:00,kalshi-settled-print,True,bridge:sha256:ed2613876006731c918d15ed0849d71920dfd4208b75f3394edaae94c1f8b5b9,venue-settlement-value,,0.05781174397276658,,5,0.9,True,64.09862367318387,,True,2026-09-02T00:15:27.775000000+00:00,,63.672637076193695,experimental,64.51431886575102,0.1,532bb8ab-95b7-41b2-9c3b-0ee9670c70bc,"{""legs"":{},""scoredRungs"":0,""settleByObservable"":{""terminal_close"":64.09},""version"":""settlement/1""}",64.09,pout:pbh:d097f6c54da1603553b6656f621fe08c92ce11dd8f767159aedcf1e1cfdb8c4a:2026-09-01,2026-09-01,po:pbh:d097f6c54da1603553b6656f621fe08c92ce11dd8f767159aedcf1e1cfdb8c4a:2026-09-01:eb92e5a72f1face6:9b0810803d7fa91c,"{""distribution"":{""crps"":0.05781174397276658,""crpsGridPoints"":5,""crpsPHigh"":0.9,""crpsPLow"":0.1,""inBand"":true,""inWideBand"":true,""pinball"":{""0.1"":0.04173629238063086,""0.25"":0.051954508464699956,""0.5"":0.00431183659193124,""0.75"":0.05562198861890266,""0.9"":0.04243188657510188}},""excursion"":null,""legBrier"":{""legs"":{},""scoredRungs"":0,""settleByObservable"":{""terminal_close"":64.09},""version"":""settlement/1""},""receipt"":null,""settleBasis"":""venue-settlement-value"",""settleNote"":null,""settleQuality"":{""venueSettlement"":1.0},""settleSource"":""kalshi-settled-print"",""settlementVersion"":""settlement/1""}",True,settlement/1,2026-09-01T21:00:00.000000000+00:00,,terminal_close,"{""0.1"":0.04173629238063086,""0.25"":0.051954508464699956,""0.5"":0.00431183659193124,""0.75"":0.05562198861890266,""0.9"":0.04243188657510188}",63.882181966141204,bridge:sha256:ed2613876006731c918d15ed0849d71920dfd4208b75f3394edaae94c1f8b5b9,True,daily,64.31248795447561,KXSILVERD,,,,,bridge:sha256:ed2613876006731c918d15ed0849d71920dfd4208b75f3394edaae94c1f8b5b9,,estimated,,terminal_close,,signal,,,64.09817131166682,64.09862367318387,63.672637076193695,63.882181966141204,64.31248795447561,64.51431886575102,False,2026-09-01T20:30:31.255202Z,2026-09-01T20:30:31.255202Z,2026-09-01T21:00:00Z,2026-09-01,0.020471583310185185,blend/1,decide/3,0.013455567458047244,0.013455567458047244,0.49131799944444443,commodity:silver|2026-09-01|venue-settlement-value,0
,Silver — Next-day · to Sep 1,False,,commodity,False,commodity:silver:price-outlook:next-day,commodity:silver,asset-price/2,signal,2026-09-01T21:00:00.000000000+00:00,kalshi-settled-print,True,bridge:sha256:ed2613876006731c918d15ed0849d71920dfd4208b75f3394edaae94c1f8b5b9,venue-settlement-value,,1.5146644585582034,,5,0.9,False,66.4784946919379,,False,2026-09-02T00:15:28.415000000+00:00,,64.6955308930487,experimental,68.29368647239258,0.1,532bb8ab-95b7-41b2-9c3b-0ee9670c70bc,"{""legs"":{},""scoredRungs"":0,""settleByObservable"":{""terminal_close"":64.09},""version"":""settlement/1""}",64.09,pout:pbh:633619e7c574153dd68fdae93e3072c1ef9412911e0b2c74bb183fa865c7f0a5:2026-09-01,2026-09-01,po:pbh:633619e7c574153dd68fdae93e3072c1ef9412911e0b2c74bb183fa865c7f0a5:2026-09-01:eb92e5a72f1face6:0eb91d3d58a144df,"{""distribution"":{""crps"":1.5146644585582034,""crpsGridPoints"":5,""crpsPHigh"":0.9,""crpsPLow"":0.1,""inBand"":false,""inWideBand"":false,""pinball"":{""0.1"":0.544977803743825,""0.25"":1.1085897795593986,""0.5"":1.1942473459689467,""0.75"":0.8232572652562702,""0.9"":0.4203686472392575}},""excursion"":null,""legBrier"":{""legs"":{},""scoredRungs"":0,""settleByObservable"":{""terminal_close"":64.09},""version"":""settlement/1""},""receipt"":null,""settleBasis"":""venue-settlement-value"",""settleNote"":null,""settleQuality"":{""venueSettlement"":1.0},""settleSource"":""kalshi-settled-print"",""settlementVersion"":""settlement/1""}",True,settlement/1,2026-09-01T21:00:00.000000000+00:00,,terminal_close,"{""0.1"":0.544977803743825,""0.25"":1.1085897795593986,""0.5"":1.1942473459689467,""0.75"":0.8232572652562702,""0.9"":0.4203686472392575}",65.5681197060792,bridge:sha256:ed2613876006731c918d15ed0849d71920dfd4208b75f3394edaae94c1f8b5b9,True,next-day,67.38302906102508,,,,,,bridge:sha256:ed2613876006731c918d15ed0849d71920dfd4208b75f3394edaae94c1f8b5b9,,estimated,,terminal_close,,signal,,,66.49765295457165,66.4784946919379,64.6955308930487,65.5681197060792,67.38302906102508,68.29368647239258,False,2026-08-31T20:30:39.929131Z,2026-08-31T20:30:39.929131Z,2026-09-01T21:00:00Z,2026-09-01,1.0203711906134258,blend/1,decide/3,3.7267821687281844,3.7267821687281844,24.488908574722224,commodity:silver|2026-09-01|venue-settlement-value,0
kalshi,Bitcoin — Daily · to Sep 1,False,,crypto,False,crypto:btc:price-outlook:daily,crypto:btc,asset-price/2,signal,2026-09-01T21:00:00.000000000+00:00,kalshi-settled-print,True,bridge:sha256:d59e17c3866b80c541a4736bab3679c9b4faaa7c8f40f60ae2636d1c6972b904,venue-settlement-value,,91.52888304628817,,5,0.9,True,77400.5059916764,,True,2026-09-02T00:15:55.611000000+00:00,,76961.99769237568,experimental,78142.61982168634,0.1,532bb8ab-95b7-41b2-9c3b-0ee9670c70bc,"{""legs"":{},""scoredRungs"":0,""settleByObservable"":{""terminal_close"":77419.01},""version"":""settlement/1""}",77419.01,pout:pbh:1e1992ef3ac65bb6f03f3ad6ce7b4645fd7454c948461180e04b32bf8543e1ab:2026-09-01,2026-09-01,po:pbh:1e1992ef3ac65bb6f03f3ad6ce7b4645fd7454c948461180e04b32bf8543e1ab:2026-09-01:eb92e5a72f1face6:919d20e59d7a7927,"{""distribution"":{""crps"":91.52888304628817,""crpsGridPoints"":5,""crpsPHigh"":0.9,""crpsPLow"":0.1,""inBand"":true,""inWideBand"":true,""pinball"":{""0.1"":45.701230762431805,""0.25"":75.1361732571313,""0.5"":9.252004161797231,""0.75"":97.84769930719267,""0.9"":72.36098216863464}},""excursion"":null,""legBrier"":{""legs"":{},""scoredRungs"":0,""settleByObservable"":{""terminal_close"":77419.01},""version"":""settlement/1""},""receipt"":null,""settleBasis"":""venue-settlement-value"",""settleNote"":null,""settleQuality"":{""venueSettlement"":1.0},""settleSource"":""kalshi-settled-print"",""settlementVersion"":""settlement/1""}",True,settlement/1,2026-09-01T21:00:00.000000000+00:00,,terminal_close,"{""0.1"":45.701230762431805,""0.25"":75.1361732571313,""0.5"":9.252004161797231,""0.75"":97.84769930719267,""0.9"":72.36098216863464}",77118.46530697147,bridge:sha256:d59e17c3866b80c541a4736bab3679c9b4faaa7c8f40f60ae2636d1c6972b904,True,daily,77810.40079722877,KXBTCD,,,,,bridge:sha256:d59e17c3866b80c541a4736bab3679c9b4faaa7c8f40f60ae2636d1c6972b904,,estimated,,terminal_close,,signal,,,77392.82491073207,77400.5059916764,76961.99769237568,77118.46530697147,77810.40079722877,78142.61982168634,False,2026-09-01T20:30:31.255202Z,2026-09-01T20:30:31.255202Z,2026-09-01T21:00:00Z,2026-09-01,0.020471583310185185,blend/1,decide/3,-0.023901117210869093,0.023901117210869093,0.49131799944444443,crypto:btc|2026-09-01|venue-settlement-value,0
,Bitcoin — Next-day · to Sep 1,False,,crypto,False,crypto:btc:price-outlook:next-day,crypto:btc,asset-price/2,signal,2026-09-01T21:00:00.000000000+00:00,kalshi-settled-print,True,bridge:sha256:d59e17c3866b80c541a4736bab3679c9b4faaa7c8f40f60ae2636d1c6972b904,venue-settlement-value,,830.9200919009658,,5,0.9,False,78932.26586938358,,True,2026-09-02T00:15:56.393000000+00:00,,76408.83082953411,experimental,81657.85936678079,0.1,532bb8ab-95b7-41b2-9c3b-0ee9670c70bc,"{""legs"":{},""scoredRungs"":0,""settleByObservable"":{""terminal_close"":77419.01},""version"":""settlement/1""}",77419.01,pout:pbh:cf01395213f4dc6b81677567366995739d9e5bec426b6953f5ec57006695681d:2026-09-01,2026-09-01,po:pbh:cf01395213f4dc6b81677567366995739d9e5bec426b6953f5ec57006695681d:2026-09-01:eb92e5a72f1face6:cad7ef14eb238b2c,"{""distribution"":{""crps"":830.9200919009658,""crpsGridPoints"":5,""crpsPHigh"":0.9,""crpsPLow"":0.1,""inBand"":false,""inWideBand"":true,""pinball"":{""0.1"":101.01791704658827,""0.25"":246.6638680690885,""0.5"":756.6279346917945,""0.75"":688.0128731718323,""0.9"":423.88493667807916}},""excursion"":null,""legBrier"":{""legs"":{},""scoredRungs"":0,""settleByObservable"":{""terminal_close"":77419.01},""version"":""settlement/1""},""receipt"":null,""settleBasis"":""venue-settlement-value"",""settleNote"":null,""settleQuality"":{""venueSettlement"":1.0},""settleSource"":""kalshi-settled-print"",""settlementVersion"":""settlement/1""}",True,settlement/1,2026-09-01T21:00:00.000000000+00:00,,terminal_close,"{""0.1"":101.01791704658827,""0.25"":246.6638680690885,""0.5"":756.6279346917945,""0.75"":688.0128731718323,""0.9"":423.88493667807916}",77747.89515742545,bridge:sha256:d59e17c3866b80c541a4736bab3679c9b4faaa7c8f40f60ae2636d1c6972b904,True,next-day,80171.06149268732,,,,,,bridge:sha256:d59e17c3866b80c541a4736bab3679c9b4faaa7c8f40f60ae2636d1c6972b904,,estimated,,terminal_close,,signal,,,78902.57616693112,78932.26586938358,76408.83082953411,77747.89515742545,80171.06149268732,81657.85936678079,False,2026-08-31T20:30:39.929131Z,2026-08-31T20:30:39.929131Z,2026-09-01T21:00:00Z,2026-09-01,1.0203711906134258,blend/1,decide/3,1.95463087087214,1.95463087087214,24.488908574722224,crypto:btc|2026-09-01|venue-settlement-value,0
kalshi,Copper — Daily · to Sep 2,False,,commodity,False,commodity:copper:price-outlook:daily,commodity:copper,asset-price/2,signal,2026-09-02T21:00:00.000000000+00:00,kalshi-settled-print,True,bridge:sha256:3a29bdb2399a45f4571217e7bf4dbe74a2ebc9ef1483784dec88d34e145eeeb0,venue-settlement-value,,0.0615601895229777,,5,0.9,False,6.519147548455483,,False,2026-09-03T00:15:17.012000000+00:00,,6.469197364662683,experimental,6.568816018491756,0.1,c19837ef-1e4a-4fd0-a2a2-219068b20ca0,"{""legs"":{},""scoredRungs"":0,""settleByObservable"":{""terminal_close"":6.61},""version"":""settlement/1""}",6.61,pout:pbh:f203af5314845972b579b445b6154cae7e8d6f24c7d23538f69133dbfcc406d3:2026-09-02,2026-09-02,po:pbh:f203af5314845972b579b445b6154cae7e8d6f24c7d23538f69133dbfcc406d3:2026-09-02:47f8c5a6ef3e223c:d0f7c5a8b9ec326c,"{""distribution"":{""crps"":0.0615601895229777,""crpsGridPoints"":5,""crpsPHigh"":0.9,""crpsPLow"":0.1,""inBand"":false,""inWideBand"":false,""pinball"":{""0.1"":0.014080263533731775,""0.25"":0.02919454420036005,""0.5"":0.04542622577225863,""0.75"":0.04874345480757891,""0.9"":0.03706558335742018}},""excursion"":null,""legBrier"":{""legs"":{},""scoredRungs"":0,""settleByObservable"":{""terminal_close"":6.61},""version"":""settlement/1""},""receipt"":null,""settleBasis"":""venue-settlement-value"",""settleNote"":null,""settleQuality"":{""venueSettlement"":1.0},""settleSource"":""kalshi-settled-print"",""settlementVersion"":""settlement/1""}",True,settlement/1,2026-09-02T21:00:00.000000000+00:00,,terminal_close,"{""0.1"":0.014080263533731775,""0.25"":0.02919454420036005,""0.5"":0.04542622577225863,""0.75"":0.04874345480757891,""0.9"":0.03706558335742018}",6.49322182319856,bridge:sha256:3a29bdb2399a45f4571217e7bf4dbe74a2ebc9ef1483784dec88d34e145eeeb0,True,daily,6.545008726923228,KXCOPPERD,,,,,bridge:sha256:3a29bdb2399a45f4571217e7bf4dbe74a2ebc9ef1483784dec88d34e145eeeb0,,estimated,,terminal_close,,signal,,,6.519147548455483,6.519147548455483,6.469197364662683,6.49322182319856,6.545008726923228,6.568816018491756,False,2026-09-02T20:30:33.493538Z,2026-09-02T20:30:33.493538Z,2026-09-02T21:00:00Z,2026-09-02,0.02044567664351852,blend/1,decide/3,-1.3744697661802914,1.3744697661802914,0.49069623944444446,commodity:copper|2026-09-02|venue-settlement-value,0
,Copper — Next-day · to Sep 2,False,,commodity,False,commodity:copper:price-outlook:next-day,commodity:copper,asset-price/2,signal,2026-09-02T21:00:00.000000000+00:00,kalshi-settled-print,True,bridge:sha256:3a29bdb2399a45f4571217e7bf4dbe74a2ebc9ef1483784dec88d34e145eeeb0,venue-settlement-value,,0.10982827530685252,,5,0.9,False,6.442709027311403,,False,2026-09-03T00:15:17.443000000+00:00,,6.331081963141133,experimental,6.551472083092937,0.1,c19837ef-1e4a-4fd0-a2a2-219068b20ca0,"{""legs"":{},""scoredRungs"":0,""settleByObservable"":{""terminal_close"":6.61},""version"":""settlement/1""}",6.61,pout:pbh:98f5d49caa9548b2887b163b59f53952ff3af776b59702c40e4a865421459dfd:2026-09-02,2026-09-02,po:pbh:98f5d49caa9548b2887b163b59f53952ff3af776b59702c40e4a865421459dfd:2026-09-02:eb92e5a72f1face6:0fbbd4ec0593bd06,"{""distribution"":{""crps"":0.10982827530685252,""crpsGridPoints"":5,""crpsPHigh"":0.9,""crpsPLow"":0.1,""inBand"":false,""inWideBand"":false,""pinball"":{""0.1"":0.02789180368588671,""0.25"":0.05583722707159655,""0.5"":0.0836454863442988,""0.75"":0.08396400492681999,""0.9"":0.052675125216356644}},""excursion"":null,""legBrier"":{""legs"":{},""scoredRungs"":0,""settleByObservable"":{""terminal_close"":6.61},""version"":""settlement/1""},""receipt"":null,""settleBasis"":""venue-settlement-value"",""settleNote"":null,""settleQuality"":{""venueSettlement"":1.0},""settleSource"":""kalshi-settled-print"",""settlementVersion"":""settlement/1""}",True,settlement/1,2026-09-02T21:00:00.000000000+00:00,,terminal_close,"{""0.1"":0.02789180368588671,""0.25"":0.05583722707159655,""0.5"":0.0836454863442988,""0.75"":0.08396400492681999,""0.9"":0.052675125216356644}",6.386651091713614,bridge:sha256:3a29bdb2399a45f4571217e7bf4dbe74a2ebc9ef1483784dec88d34e145eeeb0,True,next-day,6.498047993430907,,,,,,bridge:sha256:3a29bdb2399a45f4571217e7bf4dbe74a2ebc9ef1483784dec88d34e145eeeb0,,estimated,,terminal_close,,signal,,,6.441547055144167,6.442709027311403,6.331081963141133,6.386651091713614,6.498047993430907,6.551472083092937,False,2026-09-01T20:30:31.255202Z,2026-09-01T20:30:31.255202Z,2026-09-02T21:00:00Z,2026-09-02,1.0204715833101852,blend/1,decide/3,-2.5308770452132765,2.5308770452132765,24.491317999444444,commodity:copper|2026-09-02|venue-settlement-value,0
kalshi,Gold — Daily · to Sep 2,False,,commodity,False,commodity:gold:price-outlook:daily,commodity:gold,asset-price/2,signal,2026-09-02T21:00:00.000000000+00:00,kalshi-settled-print,True,bridge:sha256:aaed6a8ae8b9f3568fbf4641dbff8e977447cb25b1ece3f6d57fdfcbe093107f,venue-settlement-value,,15.554214901135197,,5,0.9,False,4355.56465420398,,True,2026-09-03T00:15:20.329000000+00:00,,4323.487182724696,experimental,4411.3129258839745,0.1,c19837ef-1e4a-4fd0-a2a2-219068b20ca0,"{""legs"":{},""scoredRungs"":0,""settleByObservable"":{""terminal_close"":4388.1},""version"":""settlement/1""}",4388.1,pout:pbh:99e6cb195d212f4d920a9b200e864a0b51fb4ae391ecac386027421be13420e4:2026-09-02,2026-09-02,po:pbh:99e6cb195d212f4d920a9b200e864a0b51fb4ae391ecac386027421be13420e4:2026-09-02:47f8c5a6ef3e223c:894a9e8fedcd8658,"{""distribution"":{""crps"":15.554214901135197,""crpsGridPoints"":5,""crpsPHigh"":0.9,""crpsPLow"":0.1,""inBand"":false,""inWideBand"":true,""pinball"":{""0.1"":6.461281727530423,""0.25"":13.708835830687121,""0.5"":16.267672898010005,""0.75"":1.548644931165427,""0.9"":2.3212925883974087}},""excursion"":null,""legBrier"":{""legs"":{},""scoredRungs"":0,""settleByObservable"":{""terminal_close"":4388.1},""version"":""settlement/1""},""receipt"":null,""settleBasis"":""venue-settlement-value"",""settleNote"":null,""settleQuality"":{""venueSettlement"":1.0},""settleSource"":""kalshi-settled-print"",""settlementVersion"":""settlement/1""}",True,settlement/1,2026-09-02T21:00:00.000000000+00:00,,terminal_close,"{""0.1"":6.461281727530423,""0.25"":13.708835830687121,""0.5"":16.267672898010005,""0.75"":1.548644931165427,""0.9"":2.3212925883974087}",4333.264656677252,bridge:sha256:aaed6a8ae8b9f3568fbf4641dbff8e977447cb25b1ece3f6d57fdfcbe093107f,True,daily,4386.03514009178,KXGOLDD,,,,,bridge:sha256:aaed6a8ae8b9f3568fbf4641dbff8e977447cb25b1ece3f6d57fdfcbe093107f,,estimated,,terminal_close,,signal,,,4383.084360664529,4355.56465420398,4323.487182724696,4333.264656677252,4386.03514009178,4411.3129258839745,False,2026-09-02T19:30:34.158544Z,2026-09-02T19:30:34.158544Z,2026-09-02T21:00:00Z,2026-09-02,0.062104646481481486,blend/1,decide/3,-0.7414449487482055,0.7414449487482055,1.4905115155555555,commodity:gold|2026-09-02|venue-settlement-value,0
,Gold — Next-day · to Sep 2,False,,commodity,False,commodity:gold:price-outlook:next-day,commodity:gold,asset-price/2,signal,2026-09-02T21:00:00.000000000+00:00,kalshi-settled-print,True,bridge:sha256:aaed6a8ae8b9f3568fbf4641dbff8e977447cb25b1ece3f6d57fdfcbe093107f,venue-settlement-value,,27.650613743591244,,5,0.9,False,4335.40423639436,,True,2026-09-03T00:15:21.135000000+00:00,,4286.973527487291,experimental,4406.3027323866345,0.1,c19837ef-1e4a-4fd0-a2a2-219068b20ca0,"{""legs"":{},""scoredRungs"":0,""settleByObservable"":{""terminal_close"":4388.1},""version"":""settlement/1""}",4388.1,pout:pbh:d7e1c53a9e36f2cb835a83775dd417d41efcfe8924a78b2d9fe81e2860b6fc81:2026-09-02,2026-09-02,po:pbh:d7e1c53a9e36f2cb835a83775dd417d41efcfe8924a78b2d9fe81e2860b6fc81:2026-09-02:eb92e5a72f1face6:1dacf5c53c25f5ed,"{""distribution"":{""crps"":27.650613743591244,""crpsGridPoints"":5,""crpsPHigh"":0.9,""crpsPLow"":0.1,""inBand"":false,""inWideBand"":true,""pinball"":{""0.1"":10.112647251270937,""0.25"":20.764561980569624,""0.5"":26.34788180282021,""0.75"":10.952274941157839,""0.9"":1.8202732386634122}},""excursion"":null,""legBrier"":{""legs"":{},""scoredRungs"":0,""settleByObservable"":{""terminal_close"":4388.1},""version"":""settlement/1""},""receipt"":null,""settleBasis"":""venue-settlement-value"",""settleNote"":null,""settleQuality"":{""venueSettlement"":1.0},""settleSource"":""kalshi-settled-print"",""settlementVersion"":""settlement/1""}",True,settlement/1,2026-09-02T21:00:00.000000000+00:00,,terminal_close,"{""0.1"":10.112647251270937,""0.25"":20.764561980569624,""0.5"":26.34788180282021,""0.75"":10.952274941157839,""0.9"":1.8202732386634122}",4305.041752077722,bridge:sha256:aaed6a8ae8b9f3568fbf4641dbff8e977447cb25b1ece3f6d57fdfcbe093107f,True,next-day,4373.496966745123,,,,,,bridge:sha256:aaed6a8ae8b9f3568fbf4641dbff8e977447cb25b1ece3f6d57fdfcbe093107f,,estimated,,terminal_close,,signal,,,4328.945934190739,4335.40423639436,4286.973527487291,4305.041752077722,4373.496966745123,4406.3027323866345,False,2026-09-01T20:30:31.255202Z,2026-09-01T20:30:31.255202Z,2026-09-02T21:00:00Z,2026-09-02,1.0204715833101852,blend/1,decide/3,-1.2008788223978584,1.2008788223978584,24.491317999444444,commodity:gold|2026-09-02|venue-settlement-value,0
kalshi,Copper — Daily · to Aug 19,,,commodity,,commodity:copper:price-outlook:daily,commodity:copper,asset-price/1,signal,2026-08-19T21:00:00.000000000+00:00,hyperliquid-candle,,,hl-candle-close,,0.030208883959601838,,5,0.9,False,6.573942292415277,,False,2026-08-19T21:15:12.969000000+00:00,6.57311596010922,6.562231854019703,experimental,6.587561453982792,0.1,,"{""legs"":{},""scoredRungs"":0,""settleByObservable"":{""terminal_close"":6.6154},""version"":""settlement/1""}",6.6154,pout:commodity:copper:price-outlook:daily:2026-08-19,2026-08-19,po:commodity:copper:price-outlook:daily:2026-08-19:55cc8a070a78d2ab:a117d2a43ba4aa64,"{""distribution"":{""crps"":0.030208883959601838,""crpsGridPoints"":5,""crpsPHigh"":0.9,""crpsPLow"":0.1,""inBand"":false,""inWideBand"":false,""pinball"":{""0.1"":0.005316814598029751,""0.25"":0.011921617452611555,""0.5"":0.02072885379236178,""0.75"":0.02630021045087183,""0.9"":0.02505469141548753}},""excursion"":null,""legBrier"":{""legs"":{},""scoredRungs"":0,""settleByObservable"":{""terminal_close"":6.6154},""version"":""settlement/1""},""receipt"":null,""settleBasis"":""hl-candle-close"",""settleNote"":null,""settleQuality"":{""bars"":120.0,""coverage"":1.0,""droppedCandles"":0.0,""expectedBars"":120.0,""intervalSeconds"":60.0,""maxGapBars"":0.0,""stalenessSeconds"":0.001},""settleSource"":""hyperliquid-candle"",""settlementVersion"":""settlement/1""}",,settlement/1,2026-08-19T20:59:59.999000000+00:00,,terminal_close,"{""0.1"":0.005316814598029751,""0.25"":0.011921617452611555,""0.5"":0.02072885379236178,""0.75"":0.02630021045087183,""0.9"":0.02505469141548753}",6.567713530189554,,,daily,6.580333052732171,KXCOPPERD,,,,,,venue,,,terminal_close,,signal,"[{""clampedPercentiles"":[],""contributing"":true,""leg"":""house"",""median"":6.607723157149031,""rawWeight"":0.6,""scaleSource"":""own"",""support"":6115,""weight"":0.7058823529411765},{""clampedPercentiles"":[],""contributing"":true,""leg"":""venue"",""median"":6.492868217054264,""rawWeight"":0.25,""scaleSource"":""own"",""support"":60,""weight"":0.29411764705882354}]",,6.6077,6.573942292415277,6.562231854019703,6.567713530189554,6.580333052732171,6.587561453982792,False,2026-08-19T20:30:59.851834Z,2026-08-19T20:30:59.851834Z,2026-08-19T21:00:00Z,2026-08-19,0.020140603773148146,blend/1,decide/1,-0.6266848200369374,0.6266848200369374,0.48337449055555554,commodity:copper|2026-08-19|hl-candle-close,0
,Copper — Two-day · to Aug 19,,,commodity,,commodity:copper:price-outlook:two-day,commodity:copper,asset-price/1,coverage,2026-08-19T21:00:00.000000000+00:00,hyperliquid-candle,,,hl-candle-close,,0.052778612450595876,,5,0.9,False,6.707308205911362,,True,2026-08-19T21:15:13.584000000+00:00,6.705942581280818,6.60801671389031,experimental,6.802109613512181,0.1,,"{""legs"":{},""scoredRungs"":0,""settleByObservable"":{""terminal_close"":6.6154},""version"":""settlement/1""}",6.6154,pout:commodity:copper:price-outlook:two-day:2026-08-19,2026-08-19,po:commodity:copper:price-outlook:two-day:2026-08-19:55cc8a070a78d2ab:50646ba503763699,"{""distribution"":{""crps"":0.052778612450595876,""crpsGridPoints"":5,""crpsPHigh"":0.9,""crpsPLow"":0.1,""inBand"":false,""inWideBand"":true,""pinball"":{""0.1"":0.0007383286109690524,""0.25"":0.03233574328921551,""0.5"":0.04595410295568092,""0.75"":0.03488967540685284,""0.9"":0.018670961351218103}},""excursion"":null,""legBrier"":{""legs"":{},""scoredRungs"":0,""settleByObservable"":{""terminal_close"":6.6154},""version"":""settlement/1""},""receipt"":null,""settleBasis"":""hl-candle-close"",""settleNote"":null,""settleQuality"":{""bars"":120.0,""coverage"":1.0,""droppedCandles"":0.0,""expectedBars"":120.0,""intervalSeconds"":60.0,""maxGapBars"":0.0,""stalenessSeconds"":0.001},""settleSource"":""hyperliquid-candle"",""settlementVersion"":""settlement/1""}",,settlement/1,2026-08-19T20:59:59.999000000+00:00,,terminal_close,"{""0.1"":0.0007383286109690524,""0.25"":0.03233574328921551,""0.5"":0.04595410295568092,""0.75"":0.03488967540685284,""0.9"":0.018670961351218103}",6.658514324385621,,,two-day,6.7549587016274115,,,,,,,,,,terminal_close,,coverage,"[{""clampedPercentiles"":[],""contributing"":true,""leg"":""house"",""median"":6.707308205911362,""rawWeight"":0.6,""scaleSource"":""own"",""support"":6115,""weight"":1.0}]",,6.7053,6.707308205911362,6.60801671389031,6.658514324385621,6.7549587016274115,6.802109613512181,False,2026-08-17T21:30:41.594968Z,2026-08-17T21:30:41.594968Z,2026-08-19T21:00:00Z,2026-08-19,1.978685243425926,blend/1,decide/1,1.3893068584116128,1.3893068584116128,47.48844584222223,commodity:copper|2026-08-19|hl-candle-close,0
,Gold — Two-day · to Aug 19,,,commodity,,commodity:gold:price-outlook:two-day,commodity:gold,asset-price/1,coverage,2026-08-19T21:00:00.000000000+00:00,hyperliquid-candle,,,hl-candle-close,,64.44352110360144,,5,0.9,False,4418.822015539396,,False,2026-08-19T21:15:14.194000000+00:00,4417.761150936806,4331.424861311256,experimental,4502.6778867848425,0.1,,"{""legs"":{},""scoredRungs"":0,""settleByObservable"":{""terminal_close"":4522.3},""version"":""settlement/1""}",4522.3,pout:commodity:gold:price-outlook:two-day:2026-08-19,2026-08-19,po:commodity:gold:price-outlook:two-day:2026-08-19:55cc8a070a78d2ab:043f4fdd837ba752,"{""distribution"":{""crps"":64.44352110360144,""crpsGridPoints"":5,""crpsPHigh"":0.9,""crpsPLow"":0.1,""inBand"":false,""inWideBand"":false,""pinball"":{""0.1"":19.08751386887443,""0.25"":36.620507682564266,""0.5"":51.7389922303023,""0.75"":46.03427387761781,""0.9"":17.659901893641926}},""excursion"":null,""legBrier"":{""legs"":{},""scoredRungs"":0,""settleByObservable"":{""terminal_close"":4522.3},""version"":""settlement/1""},""receipt"":null,""settleBasis"":""hl-candle-close"",""settleNote"":null,""settleQuality"":{""bars"":120.0,""coverage"":1.0,""droppedCandles"":0.0,""expectedBars"":120.0,""intervalSeconds"":60.0,""maxGapBars"":0.0,""stalenessSeconds"":0.001},""settleSource"":""hyperliquid-candle"",""settlementVersion"":""settlement/1""}",,settlement/1,2026-08-19T20:59:59.999000000+00:00,,terminal_close,"{""0.1"":19.08751386887443,""0.25"":36.620507682564266,""0.5"":51.7389922303023,""0.75"":46.03427387761781,""0.9"":17.659901893641926}",4375.817969269743,,,two-day,4460.920968163176,,,,,,,,,,terminal_close,,coverage,"[{""clampedPercentiles"":[],""contributing"":true,""leg"":""house"",""median"":4418.822015539396,""rawWeight"":0.6,""scaleSource"":""own"",""support"":6115,""weight"":1.0}]",,4417.05,4418.822015539396,4331.424861311256,4375.817969269743,4460.920968163176,4502.6778867848425,False,2026-08-17T21:30:41.594968Z,2026-08-17T21:30:41.594968Z,2026-08-19T21:00:00Z,2026-08-19,1.978685243425926,blend/1,decide/1,-2.2881716042855316,2.2881716042855316,47.48844584222223,commodity:gold|2026-08-19|hl-candle-close,0
,Silver — Two-day · to Aug 19,,,commodity,,commodity:silver:price-outlook:two-day,commodity:silver,asset-price/1,coverage,2026-08-19T21:00:00.000000000+00:00,hyperliquid-candle,,,hl-candle-close,,0.6138946594671959,,5,0.9,False,65.90360678973164,,True,2026-08-19T21:15:16.379000000+00:00,65.88621818377031,63.9838301432313,experimental,67.76280819355792,0.1,,"{""legs"":{},""scoredRungs"":0,""settleByObservable"":{""terminal_close"":67.045},""version"":""settlement/1""}",67.045,pout:commodity:silver:price-outlook:two-day:2026-08-19,2026-08-19,po:commodity:silver:price-outlook:two-day:2026-08-19:55cc8a070a78d2ab:905578bbda395600,"{""distribution"":{""crps"":0.6138946594671959,""crpsGridPoints"":5,""crpsPHigh"":0.9,""crpsPLow"":0.1,""inBand"":false,""inWideBand"":true,""pinball"":{""0.1"":0.30611698567687,""0.25"":0.5220812757586053,""0.5"":0.5706966051341809,""0.75"":0.15757293960441032,""0.9"":0.07178081935579142}},""excursion"":null,""legBrier"":{""legs"":{},""scoredRungs"":0,""settleByObservable"":{""terminal_close"":67.045},""version"":""settlement/1""},""receipt"":null,""settleBasis"":""hl-candle-close"",""settleNote"":null,""settleQuality"":{""bars"":120.0,""coverage"":1.0,""droppedCandles"":0.0,""expectedBars"":120.0,""intervalSeconds"":60.0,""maxGapBars"":0.0,""stalenessSeconds"":0.001},""settleSource"":""hyperliquid-candle"",""settlementVersion"":""settlement/1""}",,settlement/1,2026-08-19T20:59:59.999000000+00:00,,terminal_close,"{""0.1"":0.30611698567687,""0.25"":0.5220812757586053,""0.5"":0.5706966051341809,""0.75"":0.15757293960441032,""0.9"":0.07178081935579142}",64.95667489696558,,,two-day,66.83490274719412,,,,,,,,,,terminal_close,,coverage,"[{""clampedPercentiles"":[],""contributing"":true,""leg"":""house"",""median"":65.90360678973164,""rawWeight"":0.6,""scaleSource"":""own"",""support"":6115,""weight"":1.0}]",,65.8645,65.90360678973164,63.9838301432313,64.95667489696558,66.83490274719412,67.76280819355792,False,2026-08-17T21:30:41.594968Z,2026-08-17T21:30:41.594968Z,2026-08-19T21:00:00Z,2026-08-19,1.978685243425926,blend/1,decide/1,-1.7024285334750713,1.7024285334750713,47.48844584222223,commodity:silver|2026-08-19|hl-candle-close,0
,WTI Crude Oil — Two-day · to Aug 19,,,commodity,,commodity:wti:price-outlook:two-day,commodity:wti,asset-price/1,coverage,2026-08-19T21:00:00.000000000+00:00,hyperliquid-candle,,,hl-candle-close,,0.5097079363367433,,5,0.9,True,84.07842287842782,,True,2026-08-19T21:15:16.891000000+00:00,84.06047076009222,80.68957289013156,experimental,87.39741630435597,0.1,,"{""legs"":{},""scoredRungs"":0,""settleByObservable"":{""terminal_close"":84.381},""version"":""settlement/1""}",84.381,pout:commodity:wti:price-outlook:two-day:2026-08-19,2026-08-19,po:commodity:wti:price-outlook:two-day:2026-08-19:55cc8a070a78d2ab:23fe2b57d87963fb,"{""distribution"":{""crps"":0.5097079363367433,""crpsGridPoints"":5,""crpsPHigh"":0.9,""crpsPLow"":0.1,""inBand"":true,""inWideBand"":true,""pinball"":{""0.1"":0.36914271098684426,""0.25"":0.49475853569283146,""0.5"":0.15128856078609232,""0.75"":0.33885647613299597,""0.9"":0.30164163043559705}},""excursion"":null,""legBrier"":{""legs"":{},""scoredRungs"":0,""settleByObservable"":{""terminal_close"":84.381},""version"":""settlement/1""},""receipt"":null,""settleBasis"":""hl-candle-close"",""settleNote"":null,""settleQuality"":{""bars"":120.0,""coverage"":1.0,""droppedCandles"":0.0,""expectedBars"":120.0,""intervalSeconds"":60.0,""maxGapBars"":0.0,""stalenessSeconds"":0.001},""settleSource"":""hyperliquid-candle"",""settlementVersion"":""settlement/1""}",,settlement/1,2026-08-19T20:59:59.999000000+00:00,,terminal_close,"{""0.1"":0.36914271098684426,""0.25"":0.49475853569283146,""0.5"":0.15128856078609232,""0.75"":0.33885647613299597,""0.9"":0.30164163043559705}",82.40196585722867,,,two-day,85.73642590453198,,,,,,,,,,terminal_close,,coverage,"[{""clampedPercentiles"":[],""contributing"":true,""leg"":""house"",""median"":84.07842287842782,""rawWeight"":0.6,""scaleSource"":""own"",""support"":6115,""weight"":1.0}]",,84.009,84.07842287842782,80.68957289013156,82.40196585722867,85.73642590453198,87.39741630435597,False,2026-08-17T21:30:41.594968Z,2026-08-17T21:30:41.594968Z,2026-08-19T21:00:00Z,2026-08-19,1.978685243425926,blend/1,decide/1,-0.35858442252661693,0.35858442252661693,47.48844584222223,commodity:wti|2026-08-19|hl-candle-close,0
,Bitcoin — Two-day · to Aug 19,,,crypto,,crypto:btc:price-outlook:two-day,crypto:btc,asset-price/1,coverage,2026-08-19T21:00:00.000000000+00:00,hyperliquid-candle,,,hl-candle-close,,3449.095584595254,,5,0.9,False,64305.81800057358,,False,2026-08-19T21:15:17.487000000+00:00,64354.531247612525,62892.86752904864,experimental,65855.03568863664,0.1,,"{""legs"":{},""scoredRungs"":0,""settleByObservable"":{""terminal_close"":69028.0},""version"":""settlement/1""}",69028.0,pout:crypto:btc:price-outlook:two-day:2026-08-19,2026-08-19,po:crypto:btc:price-outlook:two-day:2026-08-19:55cc8a070a78d2ab:6a95f9bfb4432fd3,"{""distribution"":{""crps"":3449.095584595254,""crpsGridPoints"":5,""crpsPHigh"":0.9,""crpsPLow"":0.1,""inBand"":false,""inWideBand"":false,""pinball"":{""0.1"":613.5132470951357,""0.25"":1342.1597842598694,""0.5"":2361.090999713211,""0.75"":3028.2725048409393,""0.9"":2855.6678802270285}},""excursion"":null,""legBrier"":{""legs"":{},""scoredRungs"":0,""settleByObservable"":{""terminal_close"":69028.0},""version"":""settlement/1""},""receipt"":null,""settleBasis"":""hl-candle-close"",""settleNote"":null,""settleQuality"":{""bars"":120.0,""coverage"":1.0,""droppedCandles"":0.0,""expectedBars"":120.0,""intervalSeconds"":60.0,""maxGapBars"":0.0,""stalenessSeconds"":0.001},""settleSource"":""hyperliquid-candle"",""settlementVersion"":""settlement/1""}",,settlement/1,2026-08-19T20:59:59.999000000+00:00,,terminal_close,"{""0.1"":613.5132470951357,""0.25"":1342.1597842598694,""0.5"":2361.090999713211,""0.75"":3028.2725048409393,""0.9"":2855.6678802270285}",63659.36086296052,,,two-day,64990.30332687875,,,,,,,,,,terminal_close,,coverage,"[{""clampedPercentiles"":[],""contributing"":true,""leg"":""house"",""median"":64305.81800057358,""rawWeight"":0.6,""scaleSource"":""own"",""support"":2748,""weight"":1.0}]",,64285.5,64305.81800057358,62892.86752904864,63659.36086296052,64990.30332687875,65855.03568863664,False,2026-08-17T21:30:41.594968Z,2026-08-17T21:30:41.594968Z,2026-08-19T21:00:00Z,2026-08-19,1.978685243425926,blend/1,decide/1,-6.84096598398682,6.84096598398682,47.48844584222223,crypto:btc|2026-08-19|hl-candle-close,0
kalshi,Gold — Daily · to Aug 20,,,commodity,,commodity:gold:price-outlook:daily,commodity:gold,asset-price/1,signal,2026-08-20T00:00:00.000000000+00:00,hyperliquid-candle,,,hl-candle-close,,3.7720966332625814,,5,0.9,False,4516.838946524346,,True,2026-08-20T00:15:18.468000000+00:00,4516.56404743605,4506.411004917887,experimental,4526.713983076015,0.1,,"{""legs"":{},""scoredRungs"":0,""settleByObservable"":{""terminal_close"":4509.9},""version"":""settlement/1""}",4509.9,pout:commodity:gold:price-outlook:daily:2026-08-20,2026-08-20,po:commodity:gold:price-outlook:daily:2026-08-20:55cc8a070a78d2ab:d6e66b617a04446d,"{""distribution"":{""crps"":3.7720966332625814,""crpsGridPoints"":5,""crpsPHigh"":0.9,""crpsPLow"":0.1,""inBand"":false,""inWideBand"":true,""pinball"":{""0.1"":0.34889950821125243,""0.25"":1.3308337265814316,""0.5"":3.4694732621733237,""0.75"":3.001204597928563,""0.9"":1.681398307601557}},""excursion"":null,""legBrier"":{""legs"":{},""scoredRungs"":0,""settleByObservable"":{""terminal_close"":4509.9},""version"":""settlement/1""},""receipt"":null,""settleBasis"":""hl-candle-close"",""settleNote"":null,""settleQuality"":{""bars"":120.0,""coverage"":1.0,""droppedCandles"":0.0,""expectedBars"":120.0,""intervalSeconds"":60.0,""maxGapBars"":0.0,""stalenessSeconds"":0.001},""settleSource"":""hyperliquid-candle"",""settlementVersion"":""settlement/1""}",,settlement/1,2026-08-19T23:59:59.999000000+00:00,,terminal_close,"{""0.1"":0.34889950821125243,""0.25"":1.3308337265814316,""0.5"":3.4694732621733237,""0.75"":3.001204597928563,""0.9"":1.681398307601557}",4511.674444968775,,,daily,4521.904818391714,KXGOLDH,,,,,,venue,,,terminal_close,,signal,"[{""clampedPercentiles"":[],""contributing"":true,""leg"":""house"",""median"":4516.2731340129385,""rawWeight"":0.6,""scaleSource"":""own"",""support"":6115,""weight"":0.7058823529411765},{""clampedPercentiles"":[],""contributing"":true,""leg"":""venue"",""median"":4518.1968965517235,""rawWeight"":0.25,""scaleSource"":""own"",""support"":36,""weight"":0.29411764705882354}]",,4516.25,4516.838946524346,4506.411004917887,4511.674444968775,4521.904818391714,4526.713983076015,False,2026-08-19T23:31:29.714409Z,2026-08-19T23:31:29.714409Z,2026-08-20T00:00:00Z,2026-08-20,0.019794972118055556,blend/1,decide/1,0.15386031895045674,0.15386031895045674,0.47507933083333337,commodity:gold|2026-08-20|hl-candle-close,0
kalshi,Silver — Daily · to Aug 20,,,commodity,,commodity:silver:price-outlook:daily,commodity:silver,asset-price/1,signal,2026-08-20T00:00:00.000000000+00:00,hyperliquid-candle,,,hl-candle-close,,0.057126656259704235,,5,0.9,True,67.07918399393637,,True,2026-08-20T00:15:19.757000000+00:00,67.07740086150896,66.82387338127535,experimental,67.42110427406986,0.1,,"{""legs"":{},""scoredRungs"":0,""settleByObservable"":{""terminal_close"":66.986},""version"":""settlement/1""}",66.986,pout:commodity:silver:price-outlook:daily:2026-08-20,2026-08-20,po:commodity:silver:price-outlook:daily:2026-08-20:55cc8a070a78d2ab:2b964877e4fda804,"{""distribution"":{""crps"":0.057126656259704235,""crpsGridPoints"":5,""crpsPHigh"":0.9,""crpsPLow"":0.1,""inBand"":true,""inWideBand"":true,""pinball"":{""0.1"":0.016212661872465617,""0.25"":0.0078027801930744545,""0.5"":0.04659199696818206,""0.75"":0.0543777057661643,""0.9"":0.043510427406985734}},""excursion"":null,""legBrier"":{""legs"":{},""scoredRungs"":0,""settleByObservable"":{""terminal_close"":66.986},""version"":""settlement/1""},""receipt"":null,""settleBasis"":""hl-candle-close"",""settleNote"":null,""settleQuality"":{""bars"":120.0,""coverage"":1.0,""droppedCandles"":0.0,""expectedBars"":120.0,""intervalSeconds"":60.0,""maxGapBars"":0.0,""stalenessSeconds"":0.001},""settleSource"":""hyperliquid-candle"",""settlementVersion"":""settlement/1""}",,settlement/1,2026-08-19T23:59:59.999000000+00:00,,terminal_close,"{""0.1"":0.016212661872465617,""0.25"":0.0078027801930744545,""0.5"":0.04659199696818206,""0.75"":0.0543777057661643,""0.9"":0.043510427406985734}",66.9547888792277,,,daily,67.20351082306466,KXSILVERH,,,,,,venue,,,terminal_close,,signal,"[{""clampedPercentiles"":[],""contributing"":true,""leg"":""house"",""median"":67.0840446086938,""rawWeight"":0.6,""scaleSource"":""own"",""support"":6115,""weight"":0.7058823529411765},{""clampedPercentiles"":[],""contributing"":true,""leg"":""venue"",""median"":67.06751851851853,""rawWeight"":0.25,""scaleSource"":""own"",""support"":17,""weight"":0.29411764705882354}]",,67.0835,67.07918399393637,66.82387338127535,66.9547888792277,67.20351082306466,67.42110427406986,False,2026-08-19T23:31:29.714409Z,2026-08-19T23:31:29.714409Z,2026-08-20T00:00:00Z,2026-08-20,0.019794972118055556,blend/1,decide/1,0.13910965565396366,0.13910965565396366,0.47507933083333337,commodity:silver|2026-08-20|hl-candle-close,0
kalshi,WTI Crude Oil — Daily · to Aug 20,,,commodity,,commodity:wti:price-outlook:daily,commodity:wti,asset-price/1,signal,2026-08-20T00:00:00.000000000+00:00,hyperliquid-candle,,,hl-candle-close,,0.11977231079673033,,5,0.9,False,84.52395342091907,,True,2026-08-20T00:15:20.333000000+00:00,84.50118493751688,84.17757801491678,experimental,84.8476092361995,0.1,,"{""legs"":{},""scoredRungs"":0,""settleByObservable"":{""terminal_close"":84.311},""version"":""settlement/1""}",84.311,pout:commodity:wti:price-outlook:daily:2026-08-20,2026-08-20,po:commodity:wti:price-outlook:daily:2026-08-20:55cc8a070a78d2ab:10a92cf76a9fe31f,"{""distribution"":{""crps"":0.11977231079673033,""crpsGridPoints"":5,""crpsPHigh"":0.9,""crpsPLow"":0.1,""inBand"":false,""inWideBand"":true,""pinball"":{""0.1"":0.013342198508323123,""0.25"":0.04912053548218864,""0.5"":0.10647671045953189,""0.75"":0.09208818263712004,""0.9"":0.05366092361994957}},""excursion"":null,""legBrier"":{""legs"":{},""scoredRungs"":0,""settleByObservable"":{""terminal_close"":84.311},""version"":""settlement/1""},""receipt"":null,""settleBasis"":""hl-candle-close"",""settleNote"":null,""settleQuality"":{""bars"":120.0,""coverage"":1.0,""droppedCandles"":0.0,""expectedBars"":120.0,""intervalSeconds"":60.0,""maxGapBars"":0.0,""stalenessSeconds"":0.001},""settleSource"":""hyperliquid-candle"",""settlementVersion"":""settlement/1""}",,settlement/1,2026-08-19T23:59:59.999000000+00:00,,terminal_close,"{""0.1"":0.013342198508323123,""0.25"":0.04912053548218864,""0.5"":0.10647671045953189,""0.75"":0.09208818263712004,""0.9"":0.05366092361994957}",84.37649404730959,,,daily,84.67935273054849,KXWTIH,,,,,,venue,,,terminal_close,,signal,"[{""clampedPercentiles"":[],""contributing"":true,""leg"":""house"",""median"":84.52065881917024,""rawWeight"":0.6,""scaleSource"":""own"",""support"":6115,""weight"":0.7058823529411765},{""clampedPercentiles"":[],""contributing"":true,""leg"":""venue"",""median"":84.53186046511628,""rawWeight"":0.25,""scaleSource"":""own"",""support"":31,""weight"":0.29411764705882354}]",,84.52,84.52395342091907,84.17757801491678,84.37649404730959,84.67935273054849,84.8476092361995,False,2026-08-19T23:31:29.714409Z,2026-08-19T23:31:29.714409Z,2026-08-20T00:00:00Z,2026-08-20,0.019794972118055556,blend/1,decide/1,0.25258082684236194,0.25258082684236194,0.47507933083333337,commodity:wti|2026-08-20|hl-candle-close,0
kalshi,Bitcoin — Daily · to Aug 20,,,crypto,,crypto:btc:price-outlook:daily,crypto:btc,asset-price/1,signal,2026-08-20T00:00:00.000000000+00:00,hyperliquid-candle,,,hl-candle-close,,37.64646582791975,,5,0.9,True,69301.38462874258,,True,2026-08-20T00:15:20.939000000+00:00,69246.36695623327,69043.66840595155,experimental,69576.25231191947,0.1,,"{""legs"":{},""scoredRungs"":0,""settleByObservable"":{""terminal_close"":69323.0},""version"":""settlement/1""}",69323.0,pout:crypto:btc:price-outlook:daily:2026-08-20,2026-08-20,po:crypto:btc:price-outlook:daily:2026-08-20:55cc8a070a78d2ab:f7916eba7ef8d564,"{""distribution"":{""crps"":37.64646582791975,""crpsGridPoints"":5,""crpsPHigh"":0.9,""crpsPLow"":0.1,""inBand"":true,""inWideBand"":true,""pinball"":{""0.1"":27.93315940484463,""0.25"":34.42038507592224,""0.5"":10.807685628707986,""0.75"":26.21427598419541,""0.9"":25.325231191946653}},""excursion"":null,""legBrier"":{""legs"":{},""scoredRungs"":0,""settleByObservable"":{""terminal_close"":69323.0},""version"":""settlement/1""},""receipt"":null,""settleBasis"":""hl-candle-close"",""settleNote"":null,""settleQuality"":{""bars"":120.0,""coverage"":1.0,""droppedCandles"":0.0,""expectedBars"":120.0,""intervalSeconds"":60.0,""maxGapBars"":0.0,""stalenessSeconds"":0.001},""settleSource"":""hyperliquid-candle"",""settlementVersion"":""settlement/1""}",,settlement/1,2026-08-19T23:59:59.999000000+00:00,,terminal_close,"{""0.1"":27.93315940484463,""0.25"":34.42038507592224,""0.5"":10.807685628707986,""0.75"":26.21427598419541,""0.9"":25.325231191946653}",69185.31845969631,,,daily,69427.85710393678,KXBTCD,,,,,,venue,,,terminal_close,,signal,"[{""clampedPercentiles"":[],""contributing"":true,""leg"":""house"",""median"":69295.86816307639,""rawWeight"":0.6,""scaleSource"":""own"",""support"":2748,""weight"":0.7058823529411765},{""clampedPercentiles"":[],""contributing"":true,""leg"":""venue"",""median"":69314.62414634146,""rawWeight"":0.25,""scaleSource"":""own"",""support"":188,""weight"":0.29411764705882354}]",,69295.5,69301.38462874258,69043.66840595155,69185.31845969631,69427.85710393678,69576.25231191947,False,2026-08-19T23:31:29.714409Z,2026-08-19T23:31:29.714409Z,2026-08-20T00:00:00Z,2026-08-20,0.019794972118055556,blend/1,decide/1,-0.031180663354753793,0.031180663354753793,0.47507933083333337,crypto:btc|2026-08-20|hl-candle-close,0
kalshi,WTI Crude Oil — Daily · to Aug 21,,,commodity,,commodity:wti:price-outlook:daily,commodity:wti,asset-price/1,signal,2026-08-21T00:00:00.000000000+00:00,hyperliquid-candle,,,hl-candle-close,,0.6304931643725935,,5,0.9,True,86.02520747243909,,True,2026-08-21T00:15:20.637000000+00:00,85.56544785172426,82.69598803868743,experimental,88.03804470190491,0.1,,"{""legs"":{""venue"":{""brier"":0.04559022,""leg"":""venue"",""meanOutcome"":0.82608696,""meanProbability"":0.855,""n"":23,""reason"":null,""unscored"":{""grid_no_probability"":17}}},""scoredRungs"":23,""settleByObservable"":{""terminal_close"":86.177},""version"":""settlement/1""}",86.177,pout:commodity:wti:price-outlook:daily:2026-08-21,2026-08-21,po:commodity:wti:price-outlook:daily:2026-08-21:17104ba73f25c049:648b666879c9448d,"{""distribution"":{""crps"":0.6304931643725935,""crpsGridPoints"":5,""crpsPHigh"":0.9,""crpsPLow"":0.1,""inBand"":true,""inWideBand"":true,""pinball"":{""0.1"":0.3481011961312575,""0.25"":0.8422427766802123,""0.5"":0.07589626378045722,""0.75"":0.43879267965504454,""0.9"":0.18610447019049015}},""excursion"":null,""legBrier"":{""legs"":{""venue"":{""brier"":0.04559022,""leg"":""venue"",""meanOutcome"":0.82608696,""meanProbability"":0.855,""n"":23,""reason"":null,""unscored"":{""grid_no_probability"":17}}},""scoredRungs"":23,""settleByObservable"":{""terminal_close"":86.177},""version"":""settlement/1""},""receipt"":null,""settleBasis"":""hl-candle-close"",""settleNote"":null,""settleQuality"":{""bars"":120.0,""coverage"":1.0,""droppedCandles"":0.0,""expectedBars"":120.0,""intervalSeconds"":60.0,""maxGapBars"":0.0,""stalenessSeconds"":0.001},""settleSource"":""hyperliquid-candle"",""settlementVersion"":""settlement/1""}",,settlement/1,2026-08-20T23:59:59.999000000+00:00,,terminal_close,"{""0.1"":0.3481011961312575,""0.25"":0.8422427766802123,""0.5"":0.07589626378045722,""0.75"":0.43879267965504454,""0.9"":0.18610447019049015}",82.80802889327916,,,daily,87.93217071862018,KXWTIH,,,,,,venue,,,terminal_close,,signal,"[{""clampedPercentiles"":[],""contributing"":true,""leg"":""house"",""median"":86.29766269756239,""rawWeight"":0.45,""scaleSource"":""own"",""support"":6115,""weight"":0.45},{""clampedPercentiles"":[],""contributing"":true,""leg"":""venue"",""median"":85.57196721311475,""rawWeight"":0.1,""scaleSource"":""own"",""support"":25,""weight"":0.1},{""clampedPercentiles"":[0.1,0.25,0.75,0.9],""contributing"":true,""leg"":""q"",""median"":85.85347230494341,""rawWeight"":0.45,""scaleSource"":""own"",""support"":4,""weight"":0.45}]",,86.297,86.02520747243909,82.69598803868743,82.80802889327916,87.93217071862018,88.03804470190491,False,2026-08-20T23:31:47.37946Z,2026-08-20T23:31:47.37946Z,2026-08-21T00:00:00Z,2026-08-21,0.01959051550925926,blend/1,decide/1,-0.17614041746743844,0.17614041746743844,0.4701723722222222,commodity:wti|2026-08-21|hl-candle-close,0
kalshi,Copper — Long · Daily · to Aug 20,,0.02583,commodity,,commodity:copper:price-outlook:daily,commodity:copper,asset-price/1,signal,2026-08-20T21:00:00.000000000+00:00,hyperliquid-candle,,,hl-candle-close,True,0.04226499136916581,6.5816,5,0.9,False,6.520164328028078,long,False,2026-08-20T21:15:15.765000000+00:00,6.521927621053231,6.497378439368119,experimental,6.559405760829284,0.1,,"{""legs"":{""q"":{""brier"":0.32158554,""leg"":""q"",""meanOutcome"":1.0,""meanProbability"":0.52220445,""n"":6,""reason"":null,""unscored"":{""grid_no_probability"":1}},""venue"":{""brier"":0.08646276,""leg"":""venue"",""meanOutcome"":1.0,""meanProbability"":0.90153061,""n"":49,""reason"":null,""unscored"":{""grid_no_probability"":1}}},""scoredRungs"":55,""settleByObservable"":{""terminal_close"":6.5833},""version"":""settlement/1""}",6.5833,pout:commodity:copper:price-outlook:daily:2026-08-20,2026-08-20,po:commodity:copper:price-outlook:daily:2026-08-20:17104ba73f25c049:0806b022ef8047b6,"{""distribution"":{""crps"":0.04226499136916581,""crpsGridPoints"":5,""crpsPHigh"":0.9,""crpsPLow"":0.1,""inBand"":false,""inWideBand"":false,""pinball"":{""0.1"":0.008592156063188128,""0.25"":0.018612493519085893,""0.5"":0.031567835985961246,""0.75"":0.03630382567756474,""0.9"":0.021504815253644782}},""excursion"":{""bars"":16.0,""coverage"":1.0,""droppedCandles"":0.0,""expectedBars"":15.0,""intervalSeconds"":3600.0,""maxGapBars"":0.0},""legBrier"":{""legs"":{""q"":{""brier"":0.32158554,""leg"":""q"",""meanOutcome"":1.0,""meanProbability"":0.52220445,""n"":6,""reason"":null,""unscored"":{""grid_no_probability"":1}},""venue"":{""brier"":0.08646276,""leg"":""venue"",""meanOutcome"":1.0,""meanProbability"":0.90153061,""n"":49,""reason"":null,""unscored"":{""grid_no_probability"":1}}},""scoredRungs"":55,""settleByObservable"":{""terminal_close"":6.5833},""version"":""settlement/1""},""receipt"":{""barrierNote"":null,""costPct"":null,""entryRefPrice"":6.5816,""exitPrice"":6.5833,""exitReason"":""anchor"",""grossReturnPct"":0.02583,""hitStop"":null,""hitTarget"":true,""netReturnPct"":null,""netReturnReason"":""no_cost_basis"",""realizedPct"":0.02583,""settlePrice"":6.5833,""side"":""long""},""settleBasis"":""hl-candle-close"",""settleNote"":null,""settleQuality"":{""bars"":120.0,""coverage"":1.0,""droppedCandles"":0.0,""expectedBars"":120.0,""intervalSeconds"":60.0,""maxGapBars"":0.0,""stalenessSeconds"":0.001},""settleSource"":""hyperliquid-candle"",""settlementVersion"":""settlement/1""}",,settlement/1,2026-08-20T20:59:59.999000000+00:00,psig:commodity:copper:price-outlook:daily:2026-08-20:r13,terminal_close,"{""0.1"":0.008592156063188128,""0.25"":0.018612493519085893,""0.5"":0.031567835985961246,""0.75"":0.03630382567756474,""0.9"":0.021504815253644782}",6.508850025923657,,,daily,6.534894899096581,KXCOPPERD,,,,,,venue,,,terminal_close,,signal,"[{""clampedPercentiles"":[],""contributing"":true,""leg"":""house"",""median"":6.583722373358524,""rawWeight"":0.45,""scaleSource"":""own"",""support"":6115,""weight"":0.45},{""clampedPercentiles"":[],""contributing"":true,""leg"":""venue"",""median"":6.476173913043478,""rawWeight"":0.1,""scaleSource"":""own"",""support"":50,""weight"":0.1},{""clampedPercentiles"":[],""contributing"":true,""leg"":""q"",""median"":6.466381930471986,""rawWeight"":0.45,""scaleSource"":""own"",""support"":6,""weight"":0.45}]",,6.5837,6.520164328028078,6.497378439368119,6.508850025923657,6.534894899096581,6.559405760829284,False,2026-08-20T20:30:50.567839Z,2026-08-20T20:30:50.567839Z,2026-08-20T21:00:00Z,2026-08-20,0.02024805741898148,blend/1,decide/1,-0.9590277212328542,0.9590277212328542,0.48595337805555555,commodity:copper|2026-08-20|hl-candle-close,6
,Copper — Two-day · to Aug 20,,,commodity,,commodity:copper:price-outlook:two-day,commodity:copper,asset-price/1,coverage,2026-08-20T21:00:00.000000000+00:00,hyperliquid-candle,,,hl-candle-close,,0.01975079593044869,,5,0.9,True,6.560445073939341,,True,2026-08-20T21:15:16.372000000+00:00,6.558995295653203,6.4495555363285995,experimental,6.666539426358368,0.1,,"{""legs"":{},""scoredRungs"":0,""settleByObservable"":{""terminal_close"":6.5833},""version"":""settlement/1""}",6.5833,pout:commodity:copper:price-outlook:two-day:2026-08-20,2026-08-20,po:commodity:copper:price-outlook:two-day:2026-08-20:55cc8a070a78d2ab:54b73fc812a575f6,"{""distribution"":{""crps"":0.01975079593044869,""crpsGridPoints"":5,""crpsPHigh"":0.9,""crpsPLow"":0.1,""inBand"":true,""inWideBand"":true,""pinball"":{""0.1"":0.013374446367140093,""0.25"":0.019344470691257554,""0.5"":0.011427463030329488,""0.75"":0.007611294470835972,""0.9"":0.008323942635836799}},""excursion"":null,""legBrier"":{""legs"":{},""scoredRungs"":0,""settleByObservable"":{""terminal_close"":6.5833},""version"":""settlement/1""},""receipt"":null,""settleBasis"":""hl-candle-close"",""settleNote"":null,""settleQuality"":{""bars"":120.0,""coverage"":1.0,""droppedCandles"":0.0,""expectedBars"":120.0,""intervalSeconds"":60.0,""maxGapBars"":0.0,""stalenessSeconds"":0.001},""settleSource"":""hyperliquid-candle"",""settlementVersion"":""settlement/1""}",,settlement/1,2026-08-20T20:59:59.999000000+00:00,,terminal_close,"{""0.1"":0.013374446367140093,""0.25"":0.019344470691257554,""0.5"":0.011427463030329488,""0.75"":0.007611294470835972,""0.9"":0.008323942635836799}",6.50592211723497,,,two-day,6.613745177883344,,,,,,,,,,terminal_close,,coverage,"[{""clampedPercentiles"":[],""contributing"":true,""leg"":""house"",""median"":6.560445073939341,""rawWeight"":0.6,""scaleSource"":""own"",""support"":6115,""weight"":1.0}]",,6.5582,6.560445073939341,6.4495555363285995,6.50592211723497,6.613745177883344,6.666539426358368,False,2026-08-18T21:30:48.515056Z,2026-08-18T21:30:48.515056Z,2026-08-20T21:00:00Z,2026-08-20,1.9786051498148147,blend/1,decide/1,-0.34716519163123316,0.34716519163123316,47.48652359555555,commodity:copper|2026-08-20|hl-candle-close,0
,Gold — Two-day · to Aug 20,,,commodity,,commodity:gold:price-outlook:two-day,commodity:gold,asset-price/1,coverage,2026-08-20T21:00:00.000000000+00:00,hyperliquid-candle,,,hl-candle-close,,119.34772851474472,,5,0.9,False,4347.055024882668,,False,2026-08-20T21:15:17.190000000+00:00,4345.994929756076,4258.058821627472,experimental,4432.503888328848,0.1,,"{""legs"":{},""scoredRungs"":0,""settleByObservable"":{""terminal_close"":4519.6},""version"":""settlement/1""}",4519.6,pout:commodity:gold:price-outlook:two-day:2026-08-20,2026-08-20,po:commodity:gold:price-outlook:two-day:2026-08-20:55cc8a070a78d2ab:5327f68c2de56c09,"{""distribution"":{""crps"":119.34772851474472,""crpsGridPoints"":5,""crpsPHigh"":0.9,""crpsPLow"":0.1,""inBand"":false,""inWideBand"":false,""pinball"":{""0.1"":26.154117837252855,""0.25"":54.08592980869662,""0.5"":86.2724875586664,""0.75"":97.24005015184844,""0.9"":78.38650050403713}},""excursion"":null,""legBrier"":{""legs"":{},""scoredRungs"":0,""settleByObservable"":{""terminal_close"":4519.6},""version"":""settlement/1""},""receipt"":null,""settleBasis"":""hl-candle-close"",""settleNote"":null,""settleQuality"":{""bars"":120.0,""coverage"":1.0,""droppedCandles"":0.0,""expectedBars"":120.0,""intervalSeconds"":60.0,""maxGapBars"":0.0,""stalenessSeconds"":0.001},""settleSource"":""hyperliquid-candle"",""settlementVersion"":""settlement/1""}",,settlement/1,2026-08-20T20:59:59.999000000+00:00,,terminal_close,"{""0.1"":26.154117837252855,""0.25"":54.08592980869662,""0.5"":86.2724875586664,""0.75"":97.24005015184844,""0.9"":78.38650050403713}",4303.256280765214,,,two-day,4389.946599797536,,,,,,,,,,terminal_close,,coverage,"[{""clampedPercentiles"":[],""contributing"":true,""leg"":""house"",""median"":4347.055024882668,""rawWeight"":0.6,""scaleSource"":""own"",""support"":6115,""weight"":1.0}]",,4345.25,4347.055024882668,4258.058821627472,4303.256280765214,4389.946599797536,4432.503888328848,False,2026-08-18T21:30:48.515056Z,2026-08-18T21:30:48.515056Z,2026-08-20T21:00:00Z,2026-08-20,1.9786051498148147,blend/1,decide/1,-3.817704556096398,3.817704556096398,47.48652359555555,commodity:gold|2026-08-20|hl-candle-close,0
,Silver — Two-day · to Aug 20,,,commodity,,commodity:silver:price-outlook:two-day,commodity:silver,asset-price/1,coverage,2026-08-20T21:00:00.000000000+00:00,hyperliquid-candle,,,hl-candle-close,,3.276803597726027,,5,0.9,False,63.48481356345385,,False,2026-08-20T21:15:19.284000000+00:00,63.468341835370886,61.45948877616231,experimental,65.45168240263406,0.1,,"{""legs"":{},""scoredRungs"":0,""settleByObservable"":{""terminal_close"":68.119},""version"":""settlement/1""}",68.119,pout:commodity:silver:price-outlook:two-day:2026-08-20,2026-08-20,po:commodity:silver:price-outlook:two-day:2026-08-20:55cc8a070a78d2ab:47458d562ddf6095,"{""distribution"":{""crps"":3.276803597726027,""crpsGridPoints"":5,""crpsPHigh"":0.9,""crpsPLow"":0.1,""inBand"":false,""inWideBand"":false,""pinball"":{""0.1"":0.6659511223837691,""0.25"":1.4084759599366325,""0.5"":2.317093218273076,""0.75"":2.7372151515321725,""0.9"":2.400585837629343}},""excursion"":null,""legBrier"":{""legs"":{},""scoredRungs"":0,""settleByObservable"":{""terminal_close"":68.119},""version"":""settlement/1""},""receipt"":null,""settleBasis"":""hl-candle-close"",""settleNote"":null,""settleQuality"":{""bars"":120.0,""coverage"":1.0,""droppedCandles"":0.0,""expectedBars"":120.0,""intervalSeconds"":60.0,""maxGapBars"":0.0,""stalenessSeconds"":0.001},""settleSource"":""hyperliquid-candle"",""settlementVersion"":""settlement/1""}",,settlement/1,2026-08-20T20:59:59.999000000+00:00,,terminal_close,"{""0.1"":0.6659511223837691,""0.25"":1.4084759599366325,""0.5"":2.317093218273076,""0.75"":2.7372151515321725,""0.9"":2.400585837629343}",62.48509616025347,,,two-day,64.4693797979571,,,,,,,,,,terminal_close,,coverage,"[{""clampedPercentiles"":[],""contributing"":true,""leg"":""house"",""median"":63.48481356345385,""rawWeight"":0.6,""scaleSource"":""own"",""support"":6115,""weight"":1.0}]",,63.4435,63.48481356345385,61.45948877616231,62.48509616025347,64.4693797979571,65.45168240263406,False,2026-08-18T21:30:48.515056Z,2026-08-18T21:30:48.515056Z,2026-08-20T21:00:00Z,2026-08-20,1.9786051498148147,blend/1,decide/1,-6.803074673066474,6.803074673066474,47.48652359555555,commodity:silver|2026-08-20|hl-candle-close,0
,WTI Crude Oil — Two-day · to Aug 20,,,commodity,,commodity:wti:price-outlook:two-day,commodity:wti,asset-price/1,coverage,2026-08-20T21:00:00.000000000+00:00,hyperliquid-candle,,,hl-candle-close,,0.9401670048402342,,5,0.9,False,84.42876469923915,,True,2026-08-20T21:15:19.818000000+00:00,84.4099897191449,81.1189412864651,experimental,87.66674938484311,0.1,,"{""legs"":{},""scoredRungs"":0,""settleByObservable"":{""terminal_close"":86.219},""version"":""settlement/1""}",86.219,pout:commodity:wti:price-outlook:two-day:2026-08-20,2026-08-20,po:commodity:wti:price-outlook:two-day:2026-08-20:55cc8a070a78d2ab:ad8fe463ced137bc,"{""distribution"":{""crps"":0.9401670048402342,""crpsGridPoints"":5,""crpsPHigh"":0.9,""crpsPLow"":0.1,""inBand"":false,""inWideBand"":true,""pinball"":{""0.1"":0.5100058713534893,""0.25"":0.8567807031874572,""0.5"":0.8951176503804206,""0.75"":0.12919694224842715,""0.9"":0.14477493848431205}},""excursion"":null,""legBrier"":{""legs"":{},""scoredRungs"":0,""settleByObservable"":{""terminal_close"":86.219},""version"":""settlement/1""},""receipt"":null,""settleBasis"":""hl-candle-close"",""settleNote"":null,""settleQuality"":{""bars"":120.0,""coverage"":1.0,""droppedCandles"":0.0,""expectedBars"":120.0,""intervalSeconds"":60.0,""maxGapBars"":0.0,""stalenessSeconds"":0.001},""settleSource"":""hyperliquid-candle"",""settlementVersion"":""settlement/1""}",,settlement/1,2026-08-20T20:59:59.999000000+00:00,,terminal_close,"{""0.1"":0.5100058713534893,""0.25"":0.8567807031874572,""0.5"":0.8951176503804206,""0.75"":0.12919694224842715,""0.9"":0.14477493848431205}",82.79187718725017,,,two-day,86.04673741033542,,,,,,,,,,terminal_close,,coverage,"[{""clampedPercentiles"":[],""contributing"":true,""leg"":""house"",""median"":84.42876469923915,""rawWeight"":0.6,""scaleSource"":""own"",""support"":6115,""weight"":1.0}]",,84.361,84.42876469923915,81.1189412864651,82.79187718725017,86.04673741033542,87.66674938484311,False,2026-08-18T21:30:48.515056Z,2026-08-18T21:30:48.515056Z,2026-08-20T21:00:00Z,2026-08-20,1.9786051498148147,blend/1,decide/1,-2.0763814249305157,2.0763814249305157,47.48652359555555,commodity:wti|2026-08-20|hl-candle-close,0
,Bitcoin — Two-day · to Aug 20,,,crypto,,crypto:btc:price-outlook:two-day,crypto:btc,asset-price/1,coverage,2026-08-20T21:00:00.000000000+00:00,hyperliquid-candle,,,hl-candle-close,,6086.1008610093495,,5,0.9,False,64621.89998177274,,False,2026-08-20T21:15:20.416000000+00:00,64670.79861127166,63203.20643245058,experimental,66177.38397115187,0.1,,"{""legs"":{},""scoredRungs"":0,""settleByObservable"":{""terminal_close"":72642.0},""version"":""settlement/1""}",72642.0,pout:crypto:btc:price-outlook:two-day:2026-08-20,2026-08-20,po:crypto:btc:price-outlook:two-day:2026-08-20:55cc8a070a78d2ab:dee8b60ae9966b2c,"{""distribution"":{""crps"":6086.1008610093495,""crpsGridPoints"":5,""crpsPHigh"":0.9,""crpsPLow"":0.1,""inBand"":false,""inWideBand"":false,""pinball"":{""0.1"":943.8793567549424,""0.25"":2167.2953495190104,""0.5"":4010.050009113631,""0.75"":5499.631623092977,""0.9"":5818.15442596332}},""excursion"":null,""legBrier"":{""legs"":{},""scoredRungs"":0,""settleByObservable"":{""terminal_close"":72642.0},""version"":""settlement/1""},""receipt"":null,""settleBasis"":""hl-candle-close"",""settleNote"":null,""settleQuality"":{""bars"":120.0,""coverage"":1.0,""droppedCandles"":0.0,""expectedBars"":120.0,""intervalSeconds"":60.0,""maxGapBars"":0.0,""stalenessSeconds"":0.001},""settleSource"":""hyperliquid-candle"",""settlementVersion"":""settlement/1""}",,settlement/1,2026-08-20T20:59:59.999000000+00:00,,terminal_close,"{""0.1"":943.8793567549424,""0.25"":2167.2953495190104,""0.5"":4010.050009113631,""0.75"":5499.631623092977,""0.9"":5818.15442596332}",63972.81860192396,,,two-day,65309.15783587603,,,,,,,,,,terminal_close,,coverage,"[{""clampedPercentiles"":[],""contributing"":true,""leg"":""house"",""median"":64621.89998177274,""rawWeight"":0.6,""scaleSource"":""own"",""support"":2748,""weight"":1.0}]",,64601.5,64621.89998177274,63203.20643245058,63972.81860192396,65309.15783587603,66177.38397115187,False,2026-08-18T21:30:48.515056Z,2026-08-18T21:30:48.515056Z,2026-08-20T21:00:00Z,2026-08-20,1.9786051498148147,blend/1,decide/1,-11.040582608170565,11.040582608170565,47.48652359555555,crypto:btc|2026-08-20|hl-candle-close,0
kalshi,Silver — Daily · to Aug 21,,,commodity,,commodity:silver:price-outlook:daily,commodity:silver,asset-price/1,signal,2026-08-21T00:00:00.000000000+00:00,hyperliquid-candle,,,hl-candle-close,,0.0650881238587806,,5,0.9,True,68.32875723991259,,True,2026-08-21T00:15:20.105000000+00:00,68.29509158476799,67.98311443887293,experimental,68.54977216816367,0.1,,"{""legs"":{""venue"":{""brier"":0.04018971,""leg"":""venue"",""meanOutcome"":0.73529412,""meanProbability"":0.76,""n"":34,""reason"":null,""unscored"":{""grid_no_probability"":6}}},""scoredRungs"":34,""settleByObservable"":{""terminal_close"":68.215},""version"":""settlement/1""}",68.215,pout:commodity:silver:price-outlook:daily:2026-08-21,2026-08-21,po:commodity:silver:price-outlook:daily:2026-08-21:17104ba73f25c049:e9404f7c3645a55e,"{""distribution"":{""crps"":0.0650881238587806,""crpsGridPoints"":5,""crpsPHigh"":0.9,""crpsPLow"":0.1,""inBand"":true,""inWideBand"":true,""pinball"":{""0.1"":0.023188556112707204,""0.25"":0.012375516102338224,""0.5"":0.05687861995629362,""0.75"":0.05799685375084351,""0.9"":0.0334772168163667}},""excursion"":null,""legBrier"":{""legs"":{""venue"":{""brier"":0.04018971,""leg"":""venue"",""meanOutcome"":0.73529412,""meanProbability"":0.76,""n"":34,""reason"":null,""unscored"":{""grid_no_probability"":6}}},""scoredRungs"":34,""settleByObservable"":{""terminal_close"":68.215},""version"":""settlement/1""},""receipt"":null,""settleBasis"":""hl-candle-close"",""settleNote"":null,""settleQuality"":{""bars"":120.0,""coverage"":1.0,""droppedCandles"":0.0,""expectedBars"":120.0,""intervalSeconds"":60.0,""maxGapBars"":0.0,""stalenessSeconds"":0.001},""settleSource"":""hyperliquid-candle"",""settlementVersion"":""settlement/1""}",,settlement/1,2026-08-20T23:59:59.999000000+00:00,,terminal_close,"{""0.1"":0.023188556112707204,""0.25"":0.012375516102338224,""0.5"":0.05687861995629362,""0.75"":0.05799685375084351,""0.9"":0.0334772168163667}",68.16549793559065,,,daily,68.44698741500338,KXSILVERH,,,,,,venue,,,terminal_close,,signal,"[{""clampedPercentiles"":[],""contributing"":true,""leg"":""house"",""median"":68.33003662655983,""rawWeight"":0.45,""scaleSource"":""own"",""support"":6115,""weight"":0.8181818181818181},{""clampedPercentiles"":[0.75,0.9],""contributing"":true,""leg"":""venue"",""median"":68.32300000000001,""rawWeight"":0.1,""scaleSource"":""own"",""support"":17,""weight"":0.18181818181818182}]",,68.3295,68.32875723991259,67.98311443887293,68.16549793559065,68.44698741500338,68.54977216816367,False,2026-08-20T23:31:47.37946Z,2026-08-20T23:31:47.37946Z,2026-08-21T00:00:00Z,2026-08-21,0.01959051550925926,blend/1,decide/1,0.16676279397872495,0.16676279397872495,0.4701723722222222,commodity:silver|2026-08-21|hl-candle-close,0
kalshi,Bitcoin — Daily · to Aug 21,,,crypto,,crypto:btc:price-outlook:daily,crypto:btc,asset-price/1,signal,2026-08-21T00:00:00.000000000+00:00,hyperliquid-candle,,,hl-candle-close,,161.94445319733495,,5,0.9,False,73275.2314020778,,True,2026-08-21T00:15:21.293000000+00:00,73251.0163367239,72952.84159945807,experimental,73621.1498388056,0.1,,"{""legs"":{""venue"":{""brier"":0.01114847,""leg"":""venue"",""meanOutcome"":0.93877551,""meanProbability"":0.95193878,""n"":196,""reason"":null,""unscored"":{""grid_no_probability"":12}}},""scoredRungs"":196,""settleByObservable"":{""terminal_close"":72996.0},""version"":""settlement/1""}",72996.0,pout:crypto:btc:price-outlook:daily:2026-08-21,2026-08-21,po:crypto:btc:price-outlook:daily:2026-08-21:17104ba73f25c049:1f9b00306676d749,"{""distribution"":{""crps"":161.94445319733495,""crpsGridPoints"":5,""crpsPHigh"":0.9,""crpsPLow"":0.1,""inBand"":false,""inWideBand"":true,""pinball"":{""0.1"":4.3158400541928135,""0.25"":96.10770800770479,""0.5"":139.61570103889972,""0.75"":109.17223971147541,""0.9"":62.5149838805606}},""excursion"":null,""legBrier"":{""legs"":{""venue"":{""brier"":0.01114847,""leg"":""venue"",""meanOutcome"":0.93877551,""meanProbability"":0.95193878,""n"":196,""reason"":null,""unscored"":{""grid_no_probability"":12}}},""scoredRungs"":196,""settleByObservable"":{""terminal_close"":72996.0},""version"":""settlement/1""},""receipt"":null,""settleBasis"":""hl-candle-close"",""settleNote"":null,""settleQuality"":{""bars"":120.0,""coverage"":1.0,""droppedCandles"":0.0,""expectedBars"":120.0,""intervalSeconds"":60.0,""maxGapBars"":0.0,""stalenessSeconds"":0.001},""settleSource"":""hyperliquid-candle"",""settlementVersion"":""settlement/1""}",,settlement/1,2026-08-20T23:59:59.999000000+00:00,,terminal_close,"{""0.1"":4.3158400541928135,""0.25"":96.10770800770479,""0.5"":139.61570103889972,""0.75"":109.17223971147541,""0.9"":62.5149838805606}",73124.14361067694,,,daily,73432.6889588459,KXBTCD,,,,,,venue,,,terminal_close,,signal,"[{""clampedPercentiles"":[],""contributing"":true,""leg"":""house"",""median"":73271.95171365065,""rawWeight"":0.45,""scaleSource"":""own"",""support"":2748,""weight"":0.8181818181818181},{""clampedPercentiles"":[],""contributing"":true,""leg"":""venue"",""median"":73289.99,""rawWeight"":0.1,""scaleSource"":""own"",""support"":208,""weight"":0.18181818181818182}]",,73271.5,73275.2314020778,72952.84159945807,73124.14361067694,73432.6889588459,73621.1498388056,False,2026-08-20T23:31:47.37946Z,2026-08-20T23:31:47.37946Z,2026-08-21T00:00:00Z,2026-08-21,0.01959051550925926,blend/1,decide/1,0.3825297305027665,0.3825297305027665,0.4701723722222222,crypto:btc|2026-08-21|hl-candle-close,0
kalshi,Gold — Daily · to Aug 21,,,commodity,,commodity:gold:price-outlook:daily,commodity:gold,asset-price/1,signal,2026-08-21T00:00:00.000000000+00:00,hyperliquid-candle,,,hl-candle-close,,1.843161310160208,,5,0.9,True,4525.482296337946,,True,2026-08-21T00:15:19.379000000+00:00,4525.23393101429,4514.566129315962,experimental,4535.783361700807,0.1,,"{""legs"":{""venue"":{""brier"":0.02697258,""leg"":""venue"",""meanOutcome"":0.77419355,""meanProbability"":0.7416129,""n"":31,""reason"":null,""unscored"":{""grid_no_probability"":9}}},""scoredRungs"":31,""settleByObservable"":{""terminal_close"":4527.5},""version"":""settlement/1""}",4527.5,pout:commodity:gold:price-outlook:daily:2026-08-21,2026-08-21,po:commodity:gold:price-outlook:daily:2026-08-21:17104ba73f25c049:f7a6287bcb4c03d2,"{""distribution"":{""crps"":1.843161310160208,""crpsGridPoints"":5,""crpsPHigh"":0.9,""crpsPLow"":0.1,""inBand"":true,""inWideBand"":true,""pinball"":{""0.1"":1.2933870684038085,""0.25"":1.7931000515543474,""0.5"":1.0088518310271866,""0.75"":0.7580922206304876,""0.9"":0.8283361700807289}},""excursion"":null,""legBrier"":{""legs"":{""venue"":{""brier"":0.02697258,""leg"":""venue"",""meanOutcome"":0.77419355,""meanProbability"":0.7416129,""n"":31,""reason"":null,""unscored"":{""grid_no_probability"":9}}},""scoredRungs"":31,""settleByObservable"":{""terminal_close"":4527.5},""version"":""settlement/1""},""receipt"":null,""settleBasis"":""hl-candle-close"",""settleNote"":null,""settleQuality"":{""bars"":120.0,""coverage"":1.0,""droppedCandles"":0.0,""expectedBars"":120.0,""intervalSeconds"":60.0,""maxGapBars"":0.0,""stalenessSeconds"":0.001},""settleSource"":""hyperliquid-candle"",""settlementVersion"":""settlement/1""}",,settlement/1,2026-08-20T23:59:59.999000000+00:00,,terminal_close,"{""0.1"":1.2933870684038085,""0.25"":1.7931000515543474,""0.5"":1.0088518310271866,""0.75"":0.7580922206304876,""0.9"":0.8283361700807289}",4520.327599793783,,,daily,4530.532368882522,KXGOLDH,,,,,,venue,,,terminal_close,,signal,"[{""clampedPercentiles"":[],""contributing"":true,""leg"":""house"",""median"":4525.472037404498,""rawWeight"":0.45,""scaleSource"":""own"",""support"":6115,""weight"":0.8181818181818181},{""clampedPercentiles"":[],""contributing"":true,""leg"":""venue"",""median"":4525.528461538462,""rawWeight"":0.1,""scaleSource"":""own"",""support"":35,""weight"":0.18181818181818182}]",,4525.45,4525.482296337946,4514.566129315962,4520.327599793783,4530.532368882522,4535.783361700807,False,2026-08-20T23:31:47.37946Z,2026-08-20T23:31:47.37946Z,2026-08-21T00:00:00Z,2026-08-21,0.01959051550925926,blend/1,decide/1,-0.044565514346866335,0.044565514346866335,0.4701723722222222,commodity:gold|2026-08-21|hl-candle-close,0
,WTI Crude Oil — Weekly · to Aug 21,False,,commodity,False,commodity:wti:price-outlook:weekly,commodity:wti,asset-price/1,signal,2026-08-21T14:30:00.000000000-04:00,hyperliquid-candle,True,,hl-candle-close,,1.6634562349204507,,5,0.9,False,83.96302889127153,,True,2026-08-21T19:15:11.939000000+00:00,83.98493894633785,78.89714437694218,experimental,89.29133470431441,0.1,5ece95f4-a4c7-4a6a-b8c7-5bba4a01e53c,"{""legs"":{},""scoredRungs"":0,""settleByObservable"":{""terminal_close"":87.039},""version"":""settlement/1""}",87.039,pout:commodity:wti:price-outlook:weekly:2026-08-21,2026-08-21,po:commodity:wti:price-outlook:weekly:2026-08-21:55cc8a070a78d2ab:5111276933a5bbd0,"{""distribution"":{""crps"":1.6634562349204507,""crpsGridPoints"":5,""crpsPHigh"":0.9,""crpsPLow"":0.1,""inBand"":false,""inWideBand"":true,""pinball"":{""0.1"":0.8141855623057822,""0.25"":1.3870164560001008,""0.5"":1.5379855543642336,""0.75"":0.45936005106927524,""0.9"":0.22523347043144065}},""excursion"":null,""legBrier"":{""legs"":{},""scoredRungs"":0,""settleByObservable"":{""terminal_close"":87.039},""version"":""settlement/1""},""receipt"":null,""settleBasis"":""hl-candle-close"",""settleNote"":null,""settleQuality"":{""bars"":120.0,""coverage"":1.0,""droppedCandles"":0.0,""expectedBars"":120.0,""intervalSeconds"":60.0,""maxGapBars"":0.0,""stalenessSeconds"":0.001},""settleSource"":""hyperliquid-candle"",""settlementVersion"":""settlement/1""}",True,settlement/1,2026-08-21T18:29:59.999000000+00:00,,terminal_close,"{""0.1"":0.8141855623057822,""0.25"":1.3870164560001008,""0.5"":1.5379855543642336,""0.75"":0.45936005106927524,""0.9"":0.22523347043144065}",81.4909341759996,,True,weekly,86.42651993190763,,,,,,,venue,,,terminal_close,,signal,"[{""clampedPercentiles"":[],""contributing"":true,""leg"":""house"",""median"":84.1449926836873,""rawWeight"":0.6,""scaleSource"":""own"",""support"":6115,""weight"":0.7058823529411765},{""clampedPercentiles"":[],""contributing"":true,""leg"":""venue"",""median"":83.52631578947368,""rawWeight"":0.25,""scaleSource"":""own"",""support"":27,""weight"":0.29411764705882354}]",,84.009,83.96302889127153,78.89714437694218,81.4909341759996,86.42651993190763,89.29133470431441,False,2026-08-17T21:30:41.594968Z,2026-08-17T21:30:41.594968Z,2026-08-21T14:30:00-04:00,2026-08-21,3.874518576759259,blend/1,decide/1,-3.534014762035946,3.534014762035946,92.98844584222222,commodity:wti|2026-08-21|hl-candle-close,0
kalshi,Copper — Weekly · to Aug 21,False,,commodity,False,commodity:copper:price-outlook:weekly,commodity:copper,asset-price/1,signal,2026-08-21T21:00:00.000000000+00:00,hyperliquid-candle,True,,hl-candle-close,,0.07598631793445386,,5,0.9,False,6.531987166667936,,True,2026-08-21T21:15:08.015000000+00:00,6.559046379575657,6.4457052099550385,experimental,6.722623915792914,0.1,984dccfa-0427-4fa1-af4e-05c8ff03bd1d,"{""legs"":{""q"":{""brier"":0.17922503,""leg"":""q"",""meanOutcome"":0.81818182,""meanProbability"":0.5046914,""n"":11,""reason"":null,""unscored"":{""grid_no_probability"":22}},""venue"":{""brier"":0.27235,""leg"":""venue"",""meanOutcome"":0.55555556,""meanProbability"":0.21388889,""n"":18,""reason"":null,""unscored"":{""grid_no_probability"":22}}},""scoredRungs"":29,""settleByObservable"":{""terminal_close"":6.6844},""version"":""settlement/1""}",6.6844,pout:commodity:copper:price-outlook:weekly:2026-08-21,2026-08-21,po:commodity:copper:price-outlook:weekly:2026-08-21:17104ba73f25c049:fb4e33998c4ea448,"{""distribution"":{""crps"":0.07598631793445386,""crpsGridPoints"":5,""crpsPHigh"":0.9,""crpsPLow"":0.1,""inBand"":false,""inWideBand"":true,""pinball"":{""0.1"":0.023869479004496166,""0.25"":0.05452819420057575,""0.5"":0.0762064166660319,""0.75"":0.029795128334098697,""0.9"":0.0038223915792913836}},""excursion"":null,""legBrier"":{""legs"":{""q"":{""brier"":0.17922503,""leg"":""q"",""meanOutcome"":0.81818182,""meanProbability"":0.5046914,""n"":11,""reason"":null,""unscored"":{""grid_no_probability"":22}},""venue"":{""brier"":0.27235,""leg"":""venue"",""meanOutcome"":0.55555556,""meanProbability"":0.21388889,""n"":18,""reason"":null,""unscored"":{""grid_no_probability"":22}}},""scoredRungs"":29,""settleByObservable"":{""terminal_close"":6.6844},""version"":""settlement/1""},""receipt"":null,""settleBasis"":""hl-candle-close"",""settleNote"":null,""settleQuality"":{""bars"":120.0,""coverage"":1.0,""droppedCandles"":0.0,""expectedBars"":120.0,""intervalSeconds"":60.0,""maxGapBars"":0.0,""stalenessSeconds"":0.001},""settleSource"":""hyperliquid-candle"",""settlementVersion"":""settlement/1""}",True,settlement/1,2026-08-21T20:59:59.999000000+00:00,,terminal_close,"{""0.1"":0.023869479004496166,""0.25"":0.05452819420057575,""0.5"":0.0762064166660319,""0.75"":0.029795128334098697,""0.9"":0.0038223915792913836}",6.466287223197697,,True,weekly,6.644673162221202,KXCOPPERW,,,,,,venue,,,terminal_close,,signal,"[{""clampedPercentiles"":[],""contributing"":true,""leg"":""house"",""median"":6.589981998362205,""rawWeight"":0.45,""scaleSource"":""own"",""support"":6115,""weight"":0.45},{""clampedPercentiles"":[0.1],""contributing"":true,""leg"":""venue"",""median"":6.473333333333334,""rawWeight"":0.1,""scaleSource"":""own"",""support"":40,""weight"":0.1},{""clampedPercentiles"":[0.1,0.25,0.9],""contributing"":true,""leg"":""q"",""median"":6.487026520159134,""rawWeight"":0.45,""scaleSource"":""own"",""support"":11,""weight"":0.45}]",,6.5889,6.531987166667936,6.4457052099550385,6.466287223197697,6.644673162221202,6.722623915792914,False,2026-08-20T21:30:54.616226Z,2026-08-20T21:30:54.616226Z,2026-08-21T21:00:00Z,2026-08-21,0.9785345344212963,blend/1,decide/1,-2.2801273612001642,2.2801273612001642,23.484828826111112,commodity:copper|2026-08-21|hl-candle-close,11
,Gold — Weekly · to Aug 21,False,,commodity,False,commodity:gold:price-outlook:weekly,commodity:gold,asset-price/1,signal,2026-08-21T21:00:00.000000000+00:00,hyperliquid-candle,True,,hl-candle-close,,42.526086595560294,,5,0.9,False,4527.313180629672,,True,2026-08-21T21:15:08.783000000+00:00,4524.637472926978,4416.476024724789,experimental,4640.501759327901,0.1,984dccfa-0427-4fa1-af4e-05c8ff03bd1d,"{""legs"":{""q"":{""brier"":0.12872578,""leg"":""q"",""meanOutcome"":1.0,""meanProbability"":0.66937557,""n"":8,""reason"":null,""unscored"":{""grid_no_probability"":40}}},""scoredRungs"":8,""settleByObservable"":{""terminal_close"":4604.7},""version"":""settlement/1""}",4604.7,pout:commodity:gold:price-outlook:weekly:2026-08-21,2026-08-21,po:commodity:gold:price-outlook:weekly:2026-08-21:55cc8a070a78d2ab:7f9e7b43521a6b6b,"{""distribution"":{""crps"":42.526086595560294,""crpsGridPoints"":5,""crpsPHigh"":0.9,""crpsPLow"":0.1,""inBand"":false,""inWideBand"":true,""pinball"":{""0.1"":18.822397527521115,""0.25"":33.32366976420735,""0.5"":38.693409685163715,""0.75"":16.223819570622027,""0.9"":3.5801759327900973}},""excursion"":null,""legBrier"":{""legs"":{""q"":{""brier"":0.12872578,""leg"":""q"",""meanOutcome"":1.0,""meanProbability"":0.66937557,""n"":8,""reason"":null,""unscored"":{""grid_no_probability"":40}}},""scoredRungs"":8,""settleByObservable"":{""terminal_close"":4604.7},""version"":""settlement/1""},""receipt"":null,""settleBasis"":""hl-candle-close"",""settleNote"":null,""settleQuality"":{""bars"":120.0,""coverage"":1.0,""droppedCandles"":0.0,""expectedBars"":120.0,""intervalSeconds"":60.0,""maxGapBars"":0.0,""stalenessSeconds"":0.001},""settleSource"":""hyperliquid-candle"",""settlementVersion"":""settlement/1""}",True,settlement/1,2026-08-21T20:59:59.999000000+00:00,,terminal_close,"{""0.1"":18.822397527521115,""0.25"":33.32366976420735,""0.5"":38.693409685163715,""0.75"":16.223819570622027,""0.9"":3.5801759327900973}",4471.40532094317,,True,weekly,4583.068240572504,,,,,,,venue,,,terminal_close,,signal,"[{""clampedPercentiles"":[],""contributing"":true,""leg"":""house"",""median"":4529.114505892036,""rawWeight"":0.6,""scaleSource"":""own"",""support"":6115,""weight"":0.7058823529411765},{""clampedPercentiles"":[],""contributing"":true,""leg"":""venue"",""median"":4522.99,""rawWeight"":0.25,""scaleSource"":""own"",""support"":40,""weight"":0.29411764705882354},{""clampedPercentiles"":[],""contributing"":false,""leg"":""q"",""median"":4389.9539653915635,""rawWeight"":0.0,""scaleSource"":""own"",""support"":8,""weight"":0.0}]",,4526.75,4527.313180629672,4416.476024724789,4471.40532094317,4583.068240572504,4640.501759327901,False,2026-08-19T21:30:58.558955Z,2026-08-19T21:30:58.558955Z,2026-08-21T21:00:00Z,2026-08-21,1.9784889009837965,blend/1,decide/1,-1.680605020312451,1.680605020312451,47.483733623611116,commodity:gold|2026-08-21|hl-candle-close,8
,Silver — Weekly · to Aug 21,False,,commodity,False,commodity:silver:price-outlook:weekly,commodity:silver,asset-price/1,signal,2026-08-21T21:00:00.000000000+00:00,hyperliquid-candle,True,,hl-candle-close,,1.1000471395783264,,5,0.9,False,66.96260874344425,,True,2026-08-21T21:15:10.911000000+00:00,66.87378473539142,64.26151084325916,experimental,69.87245607588574,0.1,984dccfa-0427-4fa1-af4e-05c8ff03bd1d,"{""legs"":{""q"":{""brier"":0.10608379,""leg"":""q"",""meanOutcome"":1.0,""meanProbability"":0.68622757,""n"":6,""reason"":null,""unscored"":{""grid_no_probability"":40}}},""scoredRungs"":6,""settleByObservable"":{""terminal_close"":68.964},""version"":""settlement/1""}",68.964,pout:commodity:silver:price-outlook:weekly:2026-08-21,2026-08-21,po:commodity:silver:price-outlook:weekly:2026-08-21:55cc8a070a78d2ab:e896cb3797d776a8,"{""distribution"":{""crps"":1.1000471395783264,""crpsGridPoints"":5,""crpsPHigh"":0.9,""crpsPLow"":0.1,""inBand"":false,""inWideBand"":true,""pinball"":{""0.1"":0.4702489156740839,""0.25"":0.8632903859864882,""0.5"":1.0006956282778745,""0.75"":0.4255474813884881,""0.9"":0.09084560758857377}},""excursion"":null,""legBrier"":{""legs"":{""q"":{""brier"":0.10608379,""leg"":""q"",""meanOutcome"":1.0,""meanProbability"":0.68622757,""n"":6,""reason"":null,""unscored"":{""grid_no_probability"":40}}},""scoredRungs"":6,""settleByObservable"":{""terminal_close"":68.964},""version"":""settlement/1""},""receipt"":null,""settleBasis"":""hl-candle-close"",""settleNote"":null,""settleQuality"":{""bars"":120.0,""coverage"":1.0,""droppedCandles"":0.0,""expectedBars"":120.0,""intervalSeconds"":60.0,""maxGapBars"":0.0,""stalenessSeconds"":0.001},""settleSource"":""hyperliquid-candle"",""settlementVersion"":""settlement/1""}",True,settlement/1,2026-08-21T20:59:59.999000000+00:00,,terminal_close,"{""0.1"":0.4702489156740839,""0.25"":0.8632903859864882,""0.5"":1.0006956282778745,""0.75"":0.4255474813884881,""0.9"":0.09084560758857377}",65.51083845605405,,True,weekly,68.39660335814868,,,,,,,venue,,,terminal_close,,signal,"[{""clampedPercentiles"":[],""contributing"":true,""leg"":""house"",""median"":67.04234155321268,""rawWeight"":0.6,""scaleSource"":""own"",""support"":6115,""weight"":0.7058823529411765},{""clampedPercentiles"":[],""contributing"":true,""leg"":""venue"",""median"":66.77125,""rawWeight"":0.25,""scaleSource"":""own"",""support"":40,""weight"":0.29411764705882354}]",,66.9885,66.96260874344425,64.26151084325916,65.51083845605405,68.39660335814868,69.87245607588574,False,2026-08-19T21:30:58.558955Z,2026-08-19T21:30:58.558955Z,2026-08-21T21:00:00Z,2026-08-21,1.9784889009837965,blend/1,decide/1,-2.9020811677915277,2.9020811677915277,47.483733623611116,commodity:silver|2026-08-21|hl-candle-close,6
,Bitcoin — Two-day · to Aug 21,False,,crypto,False,crypto:btc:price-outlook:two-day,crypto:btc,asset-price/1,signal,2026-08-21T21:00:00.000000000+00:00,hyperliquid-candle,True,,hl-candle-close,,5565.272070310264,,5,0.9,False,69754.2397157505,,False,2026-08-21T21:15:11.526000000+00:00,69787.16077101952,67055.66464193445,experimental,72725.90471291146,0.1,984dccfa-0427-4fa1-af4e-05c8ff03bd1d,"{""legs"":{},""scoredRungs"":0,""settleByObservable"":{""terminal_close"":77510.0},""version"":""settlement/1""}",77510.0,pout:crypto:btc:price-outlook:two-day:2026-08-21,2026-08-21,po:crypto:btc:price-outlook:two-day:2026-08-21:55cc8a070a78d2ab:5aef65e7b952ebc3,"{""distribution"":{""crps"":5565.272070310264,""crpsGridPoints"":5,""crpsPHigh"":0.9,""crpsPLow"":0.1,""inBand"":false,""inWideBand"":false,""pinball"":{""0.1"":1045.4335358065553,""0.25"":2255.57232974872,""0.5"":3877.880142124748,""0.75"":4803.587933051163,""0.9"":4305.685758379684}},""excursion"":null,""legBrier"":{""legs"":{},""scoredRungs"":0,""settleByObservable"":{""terminal_close"":77510.0},""version"":""settlement/1""},""receipt"":null,""settleBasis"":""hl-candle-close"",""settleNote"":null,""settleQuality"":{""bars"":120.0,""coverage"":1.0,""droppedCandles"":0.0,""expectedBars"":120.0,""intervalSeconds"":60.0,""maxGapBars"":0.0,""stalenessSeconds"":0.001},""settleSource"":""hyperliquid-candle"",""settlementVersion"":""settlement/1""}",True,settlement/1,2026-08-21T20:59:59.999000000+00:00,,terminal_close,"{""0.1"":1045.4335358065553,""0.25"":2255.57232974872,""0.5"":3877.880142124748,""0.75"":4803.587933051163,""0.9"":4305.685758379684}",68487.71068100512,,True,two-day,71105.21608926512,,,,,,,venue,,,terminal_close,,signal,"[{""clampedPercentiles"":[],""contributing"":true,""leg"":""house"",""median"":69838.2472727518,""rawWeight"":0.6,""scaleSource"":""own"",""support"":2748,""weight"":0.7058823529411765},{""clampedPercentiles"":[],""contributing"":true,""leg"":""venue"",""median"":69552.62157894738,""rawWeight"":0.25,""scaleSource"":""own"",""support"":50,""weight"":0.29411764705882354}]",,69799.5,69754.2397157505,67055.66464193445,68487.71068100512,71105.21608926512,72725.90471291146,False,2026-08-19T21:30:58.558955Z,2026-08-19T21:30:58.558955Z,2026-08-21T21:00:00Z,2026-08-21,1.9784889009837965,blend/1,decide/1,-10.006141509804536,10.006141509804536,47.483733623611116,crypto:btc|2026-08-21|hl-candle-close,0
kalshi,Bitcoin — Weekly · to Aug 21,False,,crypto,False,crypto:btc:price-outlook:weekly,crypto:btc,asset-price/1,signal,2026-08-21T21:00:00.000000000+00:00,hyperliquid-candle,True,,hl-candle-close,,10061.726735661274,,5,0.9,False,64337.835872405405,,False,2026-08-21T21:15:12.033000000+00:00,64371.1006904815,62282.93009837371,experimental,66543.01058364846,0.1,984dccfa-0427-4fa1-af4e-05c8ff03bd1d,"{""legs"":{},""scoredRungs"":0,""settleByObservable"":{""terminal_close"":77510.0},""version"":""settlement/1""}",77510.0,pout:crypto:btc:price-outlook:weekly:2026-08-21,2026-08-21,po:crypto:btc:price-outlook:weekly:2026-08-21:55cc8a070a78d2ab:07701a8ad0075bf2,"{""distribution"":{""crps"":10061.726735661274,""crpsGridPoints"":5,""crpsPHigh"":0.9,""crpsPLow"":0.1,""inBand"":false,""inWideBand"":false,""pinball"":{""0.1"":1522.706990162629,""0.25"":3530.4064938588017,""0.5"":6586.082063797297,""0.75"":9118.93371621813,""0.9"":9870.290474716388}},""excursion"":null,""legBrier"":{""legs"":{},""scoredRungs"":0,""settleByObservable"":{""terminal_close"":77510.0},""version"":""settlement/1""},""receipt"":null,""settleBasis"":""hl-candle-close"",""settleNote"":null,""settleQuality"":{""bars"":120.0,""coverage"":1.0,""droppedCandles"":0.0,""expectedBars"":120.0,""intervalSeconds"":60.0,""maxGapBars"":0.0,""stalenessSeconds"":0.001},""settleSource"":""hyperliquid-candle"",""settlementVersion"":""settlement/1""}",True,settlement/1,2026-08-21T20:59:59.999000000+00:00,,terminal_close,"{""0.1"":1522.706990162629,""0.25"":3530.4064938588017,""0.5"":6586.082063797297,""0.75"":9118.93371621813,""0.9"":9870.290474716388}",63388.37402456479,,True,weekly,65351.42171170916,KXBTCMINMON,,,,,,venue,,,terminal_close,,signal,"[{""clampedPercentiles"":[],""contributing"":true,""leg"":""house"",""median"":64326.36139616406,""rawWeight"":0.6,""scaleSource"":""own"",""support"":2748,""weight"":0.7058823529411765},{""clampedPercentiles"":[],""contributing"":true,""leg"":""venue"",""median"":64365.374615384615,""rawWeight"":0.25,""scaleSource"":""own"",""support"":50,""weight"":0.29411764705882354}]",,64285.5,64337.835872405405,62282.93009837371,63388.37402456479,65351.42171170916,66543.01058364846,False,2026-08-17T21:30:41.594968Z,2026-08-17T21:30:41.594968Z,2026-08-21T21:00:00Z,2026-08-21,3.9786852434259257,blend/1,decide/1,-16.994148016507022,16.994148016507022,95.48844584222222,crypto:btc|2026-08-21|hl-candle-close,0
kalshi,Gold — Daily · to Aug 21,False,,commodity,False,commodity:gold:price-outlook:daily,commodity:gold,asset-price/1,signal,2026-08-21T20:00:00.000000000+00:00,hyperliquid-candle,True,sha256:41d500799246285dfc4a1707649247b61ba6feb25a7ff84b5de0bdd816e0a6a5,hl-candle-close,,2.096392606871709,,5,0.9,True,4619.852129574792,,True,2026-08-21T22:15:10.836000000+00:00,4619.629191972707,4608.329262663825,experimental,4630.381290610071,0.1,a872a555-5628-4133-af7d-bbb44ce74250,"{""legs"":{""venue"":{""brier"":0.0302069,""leg"":""venue"",""meanOutcome"":0.65517241,""meanProbability"":0.67586207,""n"":29,""reason"":null,""unscored"":{""grid_no_probability"":11}}},""scoredRungs"":29,""settleByObservable"":{""terminal_close"":4617.0},""version"":""settlement/1""}",4617.0,pout:pbh:81b465de68b34d8be1132c53259cc922d726d69bc59cf1b4b9b92e5d660126bd:2026-08-21,2026-08-21,po:commodity:gold:price-outlook:daily:2026-08-21:17104ba73f25c049:b381cfc263b8bd8d,"{""distribution"":{""crps"":2.096392606871709,""crpsGridPoints"":5,""crpsPHigh"":0.9,""crpsPLow"":0.1,""inBand"":true,""inWideBand"":true,""pinball"":{""0.1"":0.8670737336175081,""0.25"":0.6090178367262524,""0.5"":1.4260647873961716,""0.75"":2.0224316482235736,""0.9"":1.3381290610071115}},""excursion"":null,""legBrier"":{""legs"":{""venue"":{""brier"":0.0302069,""leg"":""venue"",""meanOutcome"":0.65517241,""meanProbability"":0.67586207,""n"":29,""reason"":null,""unscored"":{""grid_no_probability"":11}}},""scoredRungs"":29,""settleByObservable"":{""terminal_close"":4617.0},""version"":""settlement/1""},""receipt"":null,""settleBasis"":""hl-candle-close"",""settleNote"":null,""settleQuality"":{""bars"":120.0,""coverage"":1.0,""droppedCandles"":0.0,""expectedBars"":120.0,""intervalSeconds"":60.0,""maxGapBars"":0.0,""stalenessSeconds"":0.001},""settleSource"":""hyperliquid-candle"",""settlementVersion"":""settlement/1""}",True,settlement/1,2026-08-21T19:59:59.999000000+00:00,,terminal_close,"{""0.1"":0.8670737336175081,""0.25"":0.6090178367262524,""0.5"":1.4260647873961716,""0.75"":2.0224316482235736,""0.9"":1.3381290610071115}",4614.563928653095,sha256:41d500799246285dfc4a1707649247b61ba6feb25a7ff84b5de0bdd816e0a6a5,True,daily,4625.089726592894,KXGOLDH,,,,,sha256:41d500799246285dfc4a1707649247b61ba6feb25a7ff84b5de0bdd816e0a6a5,venue,verified,,terminal_close,,signal,"[{""clampedPercentiles"":[],""contributing"":true,""leg"":""house"",""median"":4620.073343554376,""rawWeight"":0.45,""scaleSource"":""own"",""support"":6115,""weight"":0.8181818181818181},{""clampedPercentiles"":[],""contributing"":true,""leg"":""venue"",""median"":4618.856666666667,""rawWeight"":0.1,""scaleSource"":""own"",""support"":32,""weight"":0.18181818181818182}]",,4620.05,4619.852129574792,4608.329262663825,4614.563928653095,4625.089726592894,4630.381290610071,False,2026-08-21T19:31:14.352815Z,2026-08-21T19:31:14.352815Z,2026-08-21T20:00:00Z,2026-08-21,0.019972768344907407,blend/1,decide/2,0.06177451970527059,0.06177451970527059,0.4793464402777778,commodity:gold|2026-08-21|hl-candle-close,0
kalshi,Silver — Daily · to Aug 21,False,,commodity,False,commodity:silver:price-outlook:daily,commodity:silver,asset-price/1,signal,2026-08-21T20:00:00.000000000+00:00,hyperliquid-candle,True,sha256:d235229f7a0265cadb35bded984071e4ca8f8bc0db78f2a4b897ac2a0482525e,hl-candle-close,,0.03504283471476747,,5,0.9,True,69.39605370827688,,True,2026-08-21T22:15:11.975000000+00:00,69.37377783666821,69.04948029020115,experimental,69.6431017212438,0.1,a872a555-5628-4133-af7d-bbb44ce74250,"{""legs"":{""venue"":{""brier"":0.03222,""leg"":""venue"",""meanOutcome"":0.72,""meanProbability"":0.7128,""n"":25,""reason"":null,""unscored"":{""grid_no_probability"":15}}},""scoredRungs"":25,""settleByObservable"":{""terminal_close"":69.398},""version"":""settlement/1""}",69.398,pout:pbh:9e7dc4c3c9728b993a5f35078e4b591c832b3ab4cfbf9f5d694e4bc116b49daa:2026-08-21,2026-08-21,po:commodity:silver:price-outlook:daily:2026-08-21:17104ba73f25c049:3a3aa8216459a918,"{""distribution"":{""crps"":0.03504283471476747,""crpsGridPoints"":5,""crpsPHigh"":0.9,""crpsPLow"":0.1,""inBand"":true,""inWideBand"":true,""pinball"":{""0.1"":0.03485197097988504,""0.25"":0.03420638457317082,""0.5"":0.0009731458615576116,""0.75"":0.029923466222701478,""0.9"":0.024510172124379885}},""excursion"":null,""legBrier"":{""legs"":{""venue"":{""brier"":0.03222,""leg"":""venue"",""meanOutcome"":0.72,""meanProbability"":0.7128,""n"":25,""reason"":null,""unscored"":{""grid_no_probability"":15}}},""scoredRungs"":25,""settleByObservable"":{""terminal_close"":69.398},""version"":""settlement/1""},""receipt"":null,""settleBasis"":""hl-candle-close"",""settleNote"":null,""settleQuality"":{""bars"":120.0,""coverage"":1.0,""droppedCandles"":0.0,""expectedBars"":120.0,""intervalSeconds"":60.0,""maxGapBars"":0.0,""stalenessSeconds"":0.001},""settleSource"":""hyperliquid-candle"",""settlementVersion"":""settlement/1""}",True,settlement/1,2026-08-21T19:59:59.999000000+00:00,,terminal_close,"{""0.1"":0.03485197097988504,""0.25"":0.03420638457317082,""0.5"":0.0009731458615576116,""0.75"":0.029923466222701478,""0.9"":0.024510172124379885}",69.26117446170731,sha256:d235229f7a0265cadb35bded984071e4ca8f8bc0db78f2a4b897ac2a0482525e,True,daily,69.5176938648908,KXSILVERH,,,,,sha256:d235229f7a0265cadb35bded984071e4ca8f8bc0db78f2a4b897ac2a0482525e,venue,verified,,terminal_close,,signal,"[{""clampedPercentiles"":[],""contributing"":true,""leg"":""house"",""median"":69.39704506731783,""rawWeight"":0.45,""scaleSource"":""own"",""support"":6115,""weight"":0.8181818181818181},{""clampedPercentiles"":[],""contributing"":true,""leg"":""venue"",""median"":69.39159259259259,""rawWeight"":0.1,""scaleSource"":""own"",""support"":9,""weight"":0.18181818181818182}]",,69.3965,69.39605370827688,69.04948029020115,69.26117446170731,69.5176938648908,69.6431017212438,False,2026-08-21T19:31:14.352815Z,2026-08-21T19:31:14.352815Z,2026-08-21T20:00:00Z,2026-08-21,0.019972768344907407,blend/1,decide/2,-0.0028045357547987313,0.0028045357547987313,0.4793464402777778,commodity:silver|2026-08-21|hl-candle-close,0
kalshi,WTI Crude Oil — Daily · to Aug 21,False,,commodity,False,commodity:wti:price-outlook:daily,commodity:wti,asset-price/1,signal,2026-08-21T20:00:00.000000000+00:00,hyperliquid-candle,True,sha256:46c2ae7e0818d1019f57a01bdc99207a8d1a27d52940e85a78a6901163e048cd,hl-candle-close,,0.0899850604647562,,5,0.9,False,86.78065868125944,,True,2026-08-21T22:15:12.620000000+00:00,86.77502571200156,86.45474492258678,experimental,87.08848487972293,0.1,a872a555-5628-4133-af7d-bbb44ce74250,"{""legs"":{},""scoredRungs"":0,""settleByObservable"":{""terminal_close"":86.607},""version"":""settlement/1""}",86.607,pout:pbh:9e7347f4ac614c707838462efa869e21be85320b73729a5557c9091ab16b9b63:2026-08-21,2026-08-21,po:commodity:wti:price-outlook:daily:2026-08-21:17104ba73f25c049:a92fdab209e47fc1,"{""distribution"":{""crps"":0.0899850604647562,""crpsGridPoints"":5,""crpsPHigh"":0.9,""crpsPLow"":0.1,""inBand"":false,""inWideBand"":true,""pinball"":{""0.1"":0.015225507741321566,""0.25"":0.010464065413021473,""0.5"":0.08682934062971981,""0.75"":0.08219666156911387,""0.9"":0.04814848797229273}},""excursion"":null,""legBrier"":{""legs"":{},""scoredRungs"":0,""settleByObservable"":{""terminal_close"":86.607},""version"":""settlement/1""},""receipt"":null,""settleBasis"":""hl-candle-close"",""settleNote"":null,""settleQuality"":{""bars"":120.0,""coverage"":1.0,""droppedCandles"":0.0,""expectedBars"":120.0,""intervalSeconds"":60.0,""maxGapBars"":0.0,""stalenessSeconds"":0.001},""settleSource"":""hyperliquid-candle"",""settlementVersion"":""settlement/1""}",True,settlement/1,2026-08-21T19:59:59.999000000+00:00,,terminal_close,"{""0.1"":0.015225507741321566,""0.25"":0.010464065413021473,""0.5"":0.08682934062971981,""0.75"":0.08219666156911387,""0.9"":0.04814848797229273}",86.62095208721736,sha256:46c2ae7e0818d1019f57a01bdc99207a8d1a27d52940e85a78a6901163e048cd,True,daily,86.93578664627645,KXWTI,,,,,sha256:46c2ae7e0818d1019f57a01bdc99207a8d1a27d52940e85a78a6901163e048cd,,verified,,terminal_close,,signal,"[{""clampedPercentiles"":[],""contributing"":true,""leg"":""house"",""median"":86.78065868125944,""rawWeight"":0.45,""scaleSource"":""own"",""support"":6115,""weight"":1.0}]",,86.78,86.78065868125944,86.45474492258678,86.62095208721736,86.93578664627645,87.08848487972293,False,2026-08-21T19:31:14.352815Z,2026-08-21T19:31:14.352815Z,2026-08-21T20:00:00Z,2026-08-21,0.019972768344907407,blend/1,decide/2,0.2005134472495752,0.2005134472495752,0.4793464402777778,commodity:wti|2026-08-21|hl-candle-close,0
kalshi,Bitcoin — Daily · to Aug 21,False,,crypto,False,crypto:btc:price-outlook:daily,crypto:btc,asset-price/1,signal,2026-08-21T22:00:00.000000000+00:00,hyperliquid-candle,True,sha256:f9d5ffd9409636486eafaa9b610b6bd5648edcb519051333e245de0740e38dab,hl-candle-close,,220.56009713508394,,5,0.9,False,78173.71220300237,,True,2026-08-21T22:15:13.200000000+00:00,78164.67766420903,77760.78524860402,experimental,78613.70013262852,0.1,a872a555-5628-4133-af7d-bbb44ce74250,"{""legs"":{""venue"":{""brier"":0.01646121,""leg"":""venue"",""meanOutcome"":0.94827586,""meanProbability"":0.91913793,""n"":174,""reason"":null,""unscored"":{""grid_no_probability"":14}}},""scoredRungs"":174,""settleByObservable"":{""terminal_close"":78556.0},""version"":""settlement/1""}",78556.0,pout:pbh:cc628804f79ff4b92a26159bca4be46d5e6894c9d31ef786b5dc1852a3fb4517:2026-08-21,2026-08-21,po:crypto:btc:price-outlook:daily:2026-08-21:17104ba73f25c049:2cbd60993ba96f5f,"{""distribution"":{""crps"":220.56009713508394,""crpsGridPoints"":5,""crpsPHigh"":0.9,""crpsPLow"":0.1,""inBand"":false,""inWideBand"":true,""pinball"":{""0.1"":79.5214751395979,""0.25"":143.30124305913705,""0.5"":191.14389849881263,""0.75"":137.1848185041381,""0.9"":5.770013262852443}},""excursion"":null,""legBrier"":{""legs"":{""venue"":{""brier"":0.01646121,""leg"":""venue"",""meanOutcome"":0.94827586,""meanProbability"":0.91913793,""n"":174,""reason"":null,""unscored"":{""grid_no_probability"":14}}},""scoredRungs"":174,""settleByObservable"":{""terminal_close"":78556.0},""version"":""settlement/1""},""receipt"":null,""settleBasis"":""hl-candle-close"",""settleNote"":null,""settleQuality"":{""bars"":120.0,""coverage"":1.0,""droppedCandles"":0.0,""expectedBars"":120.0,""intervalSeconds"":60.0,""maxGapBars"":0.0,""stalenessSeconds"":0.001},""settleSource"":""hyperliquid-candle"",""settlementVersion"":""settlement/1""}",True,settlement/1,2026-08-21T21:59:59.999000000+00:00,,terminal_close,"{""0.1"":79.5214751395979,""0.25"":143.30124305913705,""0.5"":191.14389849881263,""0.75"":137.1848185041381,""0.9"":5.770013262852443}",77982.79502776345,sha256:f9d5ffd9409636486eafaa9b610b6bd5648edcb519051333e245de0740e38dab,True,daily,78373.08690866115,KXBTCD,,,,,sha256:f9d5ffd9409636486eafaa9b610b6bd5648edcb519051333e245de0740e38dab,venue,verified,,terminal_close,,signal,"[{""clampedPercentiles"":[],""contributing"":true,""leg"":""house"",""median"":78189.08481377058,""rawWeight"":0.45,""scaleSource"":""own"",""support"":2748,""weight"":0.8181818181818181},{""clampedPercentiles"":[],""contributing"":true,""leg"":""venue"",""median"":78104.53545454546,""rawWeight"":0.1,""scaleSource"":""own"",""support"":188,""weight"":0.18181818181818182}]",,78188.5,78173.71220300237,77760.78524860402,77982.79502776345,78373.08690866115,78613.70013262852,False,2026-08-21T21:31:28.485344Z,2026-08-21T21:31:28.485344Z,2026-08-21T22:00:00Z,2026-08-21,0.019809197407407407,blend/1,decide/2,-0.48664366438925766,0.48664366438925766,0.47542073777777777,crypto:btc|2026-08-21|hl-candle-close,0
kalshi,Bitcoin — Daily · to Aug 22,False,,crypto,False,crypto:btc:price-outlook:daily,crypto:btc,asset-price/1,signal,2026-08-22T00:00:00.000000000+00:00,hyperliquid-candle,True,sha256:f9d5ffd9409636486eafaa9b610b6bd5648edcb519051333e245de0740e38dab,hl-candle-close,,84.25437750233897,,5,0.9,True,78523.09832818714,,True,2026-08-22T00:15:13.306000000+00:00,78456.63457451925,78132.72991022939,experimental,78943.65226071958,0.1,de85f4ec-fd56-4aea-b0f5-f28541428f5a,"{""legs"":{""venue"":{""brier"":0.00518006,""leg"":""venue"",""meanOutcome"":0.94219653,""meanProbability"":0.94560694,""n"":173,""reason"":null,""unscored"":{""grid_no_probability"":15}}},""scoredRungs"":173,""settleByObservable"":{""terminal_close"":78383.0},""version"":""settlement/1""}",78383.0,pout:pbh:cc628804f79ff4b92a26159bca4be46d5e6894c9d31ef786b5dc1852a3fb4517:2026-08-22,2026-08-22,po:crypto:btc:price-outlook:daily:2026-08-22:17104ba73f25c049:9114a528eac848eb,"{""distribution"":{""crps"":84.25437750233897,""crpsGridPoints"":5,""crpsPHigh"":0.9,""crpsPLow"":0.1,""inBand"":true,""inWideBand"":true,""pinball"":{""0.1"":25.027008977060905,""0.25"":10.314455383017048,""0.5"":70.04916409357247,""0.75"":82.3504451124827,""0.9"":56.06522607195801}},""excursion"":null,""legBrier"":{""legs"":{""venue"":{""brier"":0.00518006,""leg"":""venue"",""meanOutcome"":0.94219653,""meanProbability"":0.94560694,""n"":173,""reason"":null,""unscored"":{""grid_no_probability"":15}}},""scoredRungs"":173,""settleByObservable"":{""terminal_close"":78383.0},""version"":""settlement/1""},""receipt"":null,""settleBasis"":""hl-candle-close"",""settleNote"":null,""settleQuality"":{""bars"":120.0,""coverage"":1.0,""droppedCandles"":0.0,""expectedBars"":120.0,""intervalSeconds"":60.0,""maxGapBars"":0.0,""stalenessSeconds"":0.001},""settleSource"":""hyperliquid-candle"",""settlementVersion"":""settlement/1""}",True,settlement/1,2026-08-21T23:59:59.999000000+00:00,,terminal_close,"{""0.1"":25.027008977060905,""0.25"":10.314455383017048,""0.5"":70.04916409357247,""0.75"":82.3504451124827,""0.9"":56.06522607195801}",78341.74217846793,sha256:f9d5ffd9409636486eafaa9b610b6bd5648edcb519051333e245de0740e38dab,True,daily,78712.40178044993,KXBTCD,,,,,sha256:f9d5ffd9409636486eafaa9b610b6bd5648edcb519051333e245de0740e38dab,venue,verified,,terminal_close,,signal,"[{""clampedPercentiles"":[],""contributing"":true,""leg"":""house"",""median"":78530.08536408059,""rawWeight"":0.45,""scaleSource"":""own"",""support"":2748,""weight"":0.8181818181818181},{""clampedPercentiles"":[],""contributing"":true,""leg"":""venue"",""median"":78491.65666666668,""rawWeight"":0.1,""scaleSource"":""own"",""support"":188,""weight"":0.18181818181818182}]",,78529.5,78523.09832818714,78132.72991022939,78341.74217846793,78712.40178044993,78943.65226071958,False,2026-08-21T23:31:27.140556Z,2026-08-21T23:31:27.140556Z,2026-08-22T00:00:00Z,2026-08-22,0.019824762083333333,blend/1,decide/2,0.17873560362214377,0.17873560362214377,0.47579429,crypto:btc|2026-08-22|hl-candle-close,0
,Bitcoin — Two-day · to Aug 22,False,,crypto,False,crypto:btc:price-outlook:two-day,crypto:btc,asset-price/2,coverage,2026-08-22T21:00:00.000000000+00:00,hyperliquid-candle,True,,hl-candle-close,,1572.61706182435,,5,0.9,False,74657.11319109511,,True,2026-08-22T21:15:13.066000000+00:00,74782.3050614098,71735.30358370116,experimental,77920.01969369873,0.1,31cf48c2-94c9-49f8-a089-39d1fa7af783,"{""legs"":{},""scoredRungs"":0,""settleByObservable"":{""terminal_close"":77389.0},""version"":""settlement/1""}",77389.0,pout:crypto:btc:price-outlook:two-day:2026-08-22,2026-08-22,po:crypto:btc:price-outlook:two-day:2026-08-22:17104ba73f25c049:c62b352b3f30a82d,"{""distribution"":{""crps"":1572.61706182435,""crpsGridPoints"":5,""crpsPHigh"":0.9,""crpsPLow"":0.1,""inBand"":false,""inWideBand"":true,""pinball"":{""0.1"":565.3696416298844,""0.25"":1018.7751699394066,""0.5"":1365.943404452446,""0.75"":973.4113749310018,""0.9"":53.101969369873395}},""excursion"":null,""legBrier"":{""legs"":{},""scoredRungs"":0,""settleByObservable"":{""terminal_close"":77389.0},""version"":""settlement/1""},""receipt"":null,""settleBasis"":""hl-candle-close"",""settleNote"":null,""settleQuality"":{""bars"":120.0,""coverage"":1.0,""droppedCandles"":0.0,""expectedBars"":120.0,""intervalSeconds"":60.0,""maxGapBars"":0.0,""stalenessSeconds"":0.001},""settleSource"":""hyperliquid-candle"",""settlementVersion"":""settlement/1""}",True,settlement/1,2026-08-22T20:59:59.999000000+00:00,,terminal_close,"{""0.1"":565.3696416298844,""0.25"":1018.7751699394066,""0.5"":1365.943404452446,""0.75"":973.4113749310018,""0.9"":53.101969369873395}",73313.89932024237,,True,two-day,76091.11816675866,,,,,,,,,,terminal_close,,coverage,"[{""clampedPercentiles"":[],""contributing"":true,""leg"":""house"",""median"":74657.11319109511,""rawWeight"":0.45,""scaleSource"":""own"",""support"":2748,""weight"":1.0}]",,74617.5,74657.11319109511,71735.30358370116,73313.89932024237,76091.11816675866,77920.01969369873,False,2026-08-21T03:30:51.137972Z,2026-08-21T03:30:51.137972Z,2026-08-22T21:00:00Z,2026-08-22,1.7285747919907408,blend/1,decide/2,-3.53007121025584,3.53007121025584,41.48579500777778,crypto:btc|2026-08-22|hl-candle-close,0
kalshi,Bitcoin — Daily · to Aug 23,False,,crypto,False,crypto:btc:price-outlook:daily,crypto:btc,asset-price/2,signal,2026-08-23T00:00:00.000000000+00:00,hyperliquid-candle,True,sha256:f9d5ffd9409636486eafaa9b610b6bd5648edcb519051333e245de0740e38dab,hl-candle-close,,57.65619481621747,,5,0.9,True,77055.1345819611,,True,2026-08-23T00:15:11.040000000+00:00,77051.38948385004,76752.91513182464,experimental,77378.52270736638,0.1,ee1d1ef0-2ecb-497c-bbde-3b99d0fec646,"{""legs"":{""venue"":{""brier"":0.01363313,""leg"":""venue"",""meanOutcome"":0.97590361,""meanProbability"":0.9526506,""n"":83,""reason"":null,""unscored"":{""grid_no_probability"":105}}},""scoredRungs"":83,""settleByObservable"":{""terminal_close"":77133.0},""version"":""settlement/1""}",77133.0,pout:pbh:cc628804f79ff4b92a26159bca4be46d5e6894c9d31ef786b5dc1852a3fb4517:2026-08-23,2026-08-23,po:crypto:btc:price-outlook:daily:2026-08-23:528f1d95b0eb06da:f43ad01e2489139d,"{""distribution"":{""crps"":57.65619481621747,""crpsGridPoints"":5,""crpsPHigh"":0.9,""crpsPLow"":0.1,""inBand"":true,""inWideBand"":true,""pinball"":{""0.1"":38.0084868175356,""0.25"":54.587349690202245,""0.5"":38.93270901944925,""0.75"":17.42696699321459,""0.9"":24.55227073663845}},""excursion"":null,""legBrier"":{""legs"":{""venue"":{""brier"":0.01363313,""leg"":""venue"",""meanOutcome"":0.97590361,""meanProbability"":0.9526506,""n"":83,""reason"":null,""unscored"":{""grid_no_probability"":105}}},""scoredRungs"":83,""settleByObservable"":{""terminal_close"":77133.0},""version"":""settlement/1""},""receipt"":null,""settleBasis"":""hl-candle-close"",""settleNote"":null,""settleQuality"":{""bars"":120.0,""coverage"":1.0,""droppedCandles"":0.0,""expectedBars"":120.0,""intervalSeconds"":60.0,""maxGapBars"":0.0,""stalenessSeconds"":0.001},""settleSource"":""hyperliquid-candle"",""settlementVersion"":""settlement/1""}",True,settlement/1,2026-08-22T23:59:59.999000000+00:00,,terminal_close,"{""0.1"":38.0084868175356,""0.25"":54.587349690202245,""0.5"":38.93270901944925,""0.75"":17.42696699321459,""0.9"":24.55227073663845}",76914.65060123919,sha256:f9d5ffd9409636486eafaa9b610b6bd5648edcb519051333e245de0740e38dab,True,daily,77202.70786797286,KXBTCD,,,,,sha256:f9d5ffd9409636486eafaa9b610b6bd5648edcb519051333e245de0740e38dab,spot,verified,,terminal_close,,signal,"[{""clampedPercentiles"":[],""contributing"":true,""leg"":""house"",""median"":77079.81993297968,""rawWeight"":0.2,""scaleSource"":""own"",""support"":2748,""weight"":0.2},{""clampedPercentiles"":[],""contributing"":true,""leg"":""venue"",""median"":77005.567084,""rawWeight"":0.1,""scaleSource"":""own"",""support"":188,""weight"":0.1},{""clampedPercentiles"":[],""contributing"":true,""leg"":""q"",""median"":77078.77639355122,""rawWeight"":0.7,""scaleSource"":""own"",""support"":2748,""weight"":0.7}]",,77079.5,77055.1345819611,76752.91513182464,76914.65060123919,77202.70786797286,77378.52270736638,False,2026-08-22T23:43:44.500388Z,2026-08-22T23:43:44.500388Z,2026-08-23T00:00:00Z,2026-08-23,0.011290504768518518,blend/1,decide/2,-0.10094955212282485,0.10094955212282485,0.2709721144444444,crypto:btc|2026-08-23|hl-candle-close,0
