venue,market_key,native_market_id,forecasts,requested_start_at,requested_price_end_at,requested_trade_end_at,price_points,public_trades,first_price_at,last_price_at,first_trade_at,last_trade_at,api_entry_marks,price_basis,side_confidence,status,price_error,trade_error,trade_pages_capped,trade_collection_complete,source_details_json,marks_5m,marks_1h,marks_6h,marks_24h
polymarket,polymarket:1125105,1125105,1,2026-08-26T22:35:19.833000Z,2026-09-04T22:35:19.833000Z,2026-09-03T22:35:19.833000Z,2582,0,2026-08-26T22:40:16Z,2026-09-04T22:35:15Z,,,1,polymarket_clob_yes_market_price_history,,complete,,,False,False,"{""condition_id"": ""0x5ee38949a4ba69f716052e5139b03953e2ecf79e8130d583f92acd87e3c1ca68"", ""token_outcomes"": {""60139692331470983073528377436541406561182577422114913333962244219622945192165"": ""NO"", ""64222838365566779811156446052958889905531155913373673203287843797393909396341"": ""YES""}, ""trade_pages_capped"": false, ""yes_token_id"": ""64222838365566779811156446052958889905531155913373673203287843797393909396341""}",1,1,1,1
polymarket,polymarket:1130012,1130012,3,2026-08-24T22:21:53.190000Z,2026-09-04T21:36:16.906000Z,2026-09-03T21:36:16.906000Z,3149,0,2026-08-24T22:25:15Z,2026-09-04T21:35:25Z,,,3,polymarket_clob_yes_market_price_history,,complete,,,False,False,"{""condition_id"": ""0x502a94e5c525766d5ee7f16c6568131ba1b2cbadb69c703af05a6ef00336ed64"", ""token_outcomes"": {""115351075585746600277716377744935410125916932950844626289798775482755919708780"": ""NO"", ""20915769520649892253891152116814645067070024223185517956799957803974344024878"": ""YES""}, ""trade_pages_capped"": false, ""yes_token_id"": ""20915769520649892253891152116814645067070024223185517956799957803974344024878""}",3,3,3,3
polymarket,polymarket:1130016,1130016,4,2026-08-24T22:21:35.750000Z,2026-09-04T23:49:16.027000Z,2026-09-03T23:49:16.027000Z,3175,0,2026-08-24T22:25:16Z,2026-09-04T23:45:11Z,,,4,polymarket_clob_yes_market_price_history,,complete,,,False,False,"{""condition_id"": ""0xc9615bb82d6535d630ff98e8094060bc767d8b9446516e98f84d2001a35e50e7"", ""token_outcomes"": {""11579523374077486340625849389871632811698420338620172235121664865203221472748"": ""YES"", ""94909497204791422218953326989433848804063787259853889845128791095089809741999"": ""NO""}, ""trade_pages_capped"": false, ""yes_token_id"": ""11579523374077486340625849389871632811698420338620172235121664865203221472748""}",4,4,4,4
polymarket,polymarket:1193093,1193093,5,2026-08-26T21:39:40.086000Z,2026-09-05T05:32:46.258285Z,2026-09-04T20:04:51.931000Z,2677,0,2026-08-26T21:40:14Z,2026-09-05T05:30:14Z,,,5,polymarket_clob_yes_market_price_history,,complete,,,False,False,"{""condition_id"": ""0x8a42bb4cb9b9f157b539611f6a8c122388f652570cfc3c07d538e7df2bb78894"", ""token_outcomes"": {""19884202204363090591845974364927513432419394537229594683046302661092511466716"": ""YES"", ""35202785175624473743133325350336939697145393245733500300951742752216521350176"": ""NO""}, ""trade_pages_capped"": false, ""yes_token_id"": ""19884202204363090591845974364927513432419394537229594683046302661092511466716""}",5,5,5,5
polymarket,polymarket:1193094,1193094,6,2026-08-26T21:35:59.149000Z,2026-09-05T05:32:46.258285Z,2026-09-04T12:46:32.159000Z,2675,0,2026-08-26T21:40:15Z,2026-09-05T05:30:17Z,,,6,polymarket_clob_yes_market_price_history,,complete,,,False,False,"{""condition_id"": ""0x58d5cc2bf06a3289b127049239aee051f3b941f219efebbca02d3f50f0eb2a64"", ""token_outcomes"": {""49952287244614575734723913757649087902024339238007187585607375183859292977482"": ""NO"", ""6761884778816083542753350539779617201084594664234729655783875952381923983097"": ""YES""}, ""trade_pages_capped"": false, ""yes_token_id"": ""6761884778816083542753350539779617201084594664234729655783875952381923983097""}",6,6,6,6
polymarket,polymarket:1333258,1333258,6,2026-08-24T23:00:35.385000Z,2026-09-03T17:12:48.826000Z,2026-09-02T17:12:48.826000Z,2800,0,2026-08-24T23:05:08Z,2026-09-03T17:10:12Z,,,6,polymarket_clob_yes_market_price_history,,complete,,,False,False,"{""condition_id"": ""0xf82f84686ee2a25f5690430461413c4dc5a39dcea922a7c5f47d9d29418fbdb6"", ""token_outcomes"": {""39841922967600807878645366356142241043425819214007016730668972738870640660234"": ""NO"", ""82971863320043891986833367061104360861631939120244984019114322661700297642048"": ""YES""}, ""trade_pages_capped"": false, ""yes_token_id"": ""82971863320043891986833367061104360861631939120244984019114322661700297642048""}",6,6,5,6
polymarket,polymarket:1364103,1364103,2,2026-08-24T22:33:39.028000Z,2026-09-03T05:14:28.053000Z,2026-09-02T05:14:28.053000Z,2662,0,2026-08-24T22:35:09Z,2026-09-03T05:10:13Z,,,2,polymarket_clob_yes_market_price_history,,complete,,,False,False,"{""condition_id"": ""0x6c9bd12ca2dded7eb4c688a3200e94f143cc95984eb1952ab71f7ec31e07cf8c"", ""token_outcomes"": {""35602493632810760738386198296948892290967628762024875561300523660752297123327"": ""YES"", ""64029856263858554141279058862324671804447344553866793973782268617758210076846"": ""NO""}, ""trade_pages_capped"": false, ""yes_token_id"": ""35602493632810760738386198296948892290967628762024875561300523660752297123327""}",2,2,2,2
polymarket,polymarket:1365861,1365861,1,2026-08-26T22:04:59.412000Z,2026-09-04T22:04:59.412000Z,2026-09-03T22:04:59.412000Z,2582,0,2026-08-26T22:05:25Z,2026-09-04T22:00:15Z,,,1,polymarket_clob_yes_market_price_history,,complete,,,False,False,"{""condition_id"": ""0x6114306f724135bd1db2f5f3169386decf18f618653c196ef0a6c1afd27f4c73"", ""token_outcomes"": {""40248862204095545824507770609491521282553259429991780219438297794719904718932"": ""NO"", ""49821065181473419798146957267480015506102711160660718636601116902870701340131"": ""YES""}, ""trade_pages_capped"": false, ""yes_token_id"": ""49821065181473419798146957267480015506102711160660718636601116902870701340131""}",1,1,1,1
polymarket,polymarket:1365894,1365894,5,2026-08-24T22:27:37.093000Z,2026-09-04T23:59:14.720000Z,2026-09-03T23:59:14.720000Z,3176,0,2026-08-24T22:30:28Z,2026-09-04T23:55:14Z,,,5,polymarket_clob_yes_market_price_history,,complete,,,False,False,"{""condition_id"": ""0xcba20965509d04b5f3ae2c51a221747317aff9387c197ca6d5919e85e5a20ee9"", ""token_outcomes"": {""72535696429445050612666657960056103058476328640415986990291437131287448661718"": ""YES"", ""77494900967400183362216413155454035668807139923320636902701443907940469488743"": ""NO""}, ""trade_pages_capped"": false, ""yes_token_id"": ""72535696429445050612666657960056103058476328640415986990291437131287448661718""}",5,5,5,5
polymarket,polymarket:1365896,1365896,2,2026-08-24T13:12:16.393000Z,2026-09-03T13:38:45.653000Z,2026-09-02T13:38:45.653000Z,2875,0,2026-08-24T13:15:12Z,2026-09-03T13:35:12Z,,,2,polymarket_clob_yes_market_price_history,,complete,,,False,False,"{""condition_id"": ""0x3dbbbe0f8e69b1aee0092e1eca397b24c954c00ecc54995035a8683201ad26aa"", ""token_outcomes"": {""43726855300040737060919873281553757241653114189888342684526904777470480732634"": ""NO"", ""88578465272411624227946968556355768244846251347974013830272507870143623656581"": ""YES""}, ""trade_pages_capped"": false, ""yes_token_id"": ""88578465272411624227946968556355768244846251347974013830272507870143623656581""}",2,2,2,2
polymarket,polymarket:1365904,1365904,7,2026-08-24T13:10:20.424000Z,2026-09-05T00:01:07.169000Z,2026-09-04T00:01:07.169000Z,3287,0,2026-08-24T13:10:28Z,2026-09-05T00:00:20Z,,,7,polymarket_clob_yes_market_price_history,,complete,,,False,False,"{""condition_id"": ""0xbc0070bd88b113d9beedbae5efd78df0e605ca029aff8ef470c881010c923a24"", ""token_outcomes"": {""20637217712997864553867475669278238727326858704193091040111183987981733729683"": ""YES"", ""47627966085172760705785636278889708622869169862219868575174176690844073780006"": ""NO""}, ""trade_pages_capped"": false, ""yes_token_id"": ""20637217712997864553867475669278238727326858704193091040111183987981733729683""}",7,7,7,7
polymarket,polymarket:1366007,1366007,1,2026-08-27T00:14:13.256000Z,2026-09-05T00:14:13.256000Z,2026-09-04T00:14:13.256000Z,2580,0,2026-08-27T00:15:14Z,2026-09-05T00:10:14Z,,,1,polymarket_clob_yes_market_price_history,,complete,,,False,False,"{""condition_id"": ""0x5d5b8feb963ddcc0f4688f7ac0c0d375f99945b7a07155d60cd1a306c6b3054b"", ""token_outcomes"": {""111141743875022425014082366328706246366536998743881258465740846069926282242834"": ""YES"", ""73197386422190855683808847899890112720383354193439504968265722423178479955299"": ""NO""}, ""trade_pages_capped"": false, ""yes_token_id"": ""111141743875022425014082366328706246366536998743881258465740846069926282242834""}",1,1,1,1
polymarket,polymarket:1397270,1397270,1,2026-08-24T12:38:54.724000Z,2026-09-02T12:38:54.724000Z,2026-09-01T12:38:54.724000Z,2581,0,2026-08-24T12:40:26Z,2026-09-02T12:35:13Z,,,1,polymarket_clob_yes_market_price_history,,complete,,,False,False,"{""condition_id"": ""0xf691956d44187f9296718a26b10c03d3b85e3369e2098ab2188f765ef4dc97b7"", ""token_outcomes"": {""33494367347551331946342435103439941845098826775268607415622273267276026227499"": ""YES"", ""51174730270538698720528185736961900001672490726094083035547904410137973988148"": ""NO""}, ""trade_pages_capped"": false, ""yes_token_id"": ""33494367347551331946342435103439941845098826775268607415622273267276026227499""}",1,1,1,1
polymarket,polymarket:1493235,1493235,2,2026-08-24T22:06:33.881000Z,2026-09-02T22:19:46.869000Z,2026-09-01T22:19:46.869000Z,2385,0,2026-08-24T22:10:13Z,2026-09-02T05:40:10Z,,,2,polymarket_clob_yes_market_price_history,,complete,,,False,False,"{""condition_id"": ""0xf56efa5879b1ac0496b649b97793e321e65bed2aff9cfed42d9efa87a0cd7680"", ""token_outcomes"": {""30763135880765767714915424809927017029690489225123793413196619783027580637320"": ""NO"", ""46688554141591134907151368754264218732364130881653514219834373823719885024053"": ""YES""}, ""trade_pages_capped"": false, ""yes_token_id"": ""46688554141591134907151368754264218732364130881653514219834373823719885024053""}",2,2,2,2
polymarket,polymarket:1822574,1822574,1,2026-08-25T14:16:52.642000Z,2026-09-03T14:16:52.642000Z,2026-09-02T14:16:52.642000Z,2581,0,2026-08-25T14:20:14Z,2026-09-03T14:15:15Z,,,1,polymarket_clob_yes_market_price_history,,complete,,,False,False,"{""condition_id"": ""0xc4aaf626324e7fb7c855e5190336de1ecae44fcb77a3e13a962cff0420478827"", ""token_outcomes"": {""35925353465737721380257304297604000361527640583036769389540966967968190708059"": ""NO"", ""40244160576529720424551594991223167789002581417460083817123245590177751510307"": ""YES""}, ""trade_pages_capped"": false, ""yes_token_id"": ""40244160576529720424551594991223167789002581417460083817123245590177751510307""}",1,1,1,1
polymarket,polymarket:2088926,2088926,1,2026-08-25T14:12:52.734000Z,2026-09-03T14:12:52.734000Z,2026-09-02T14:12:52.734000Z,2582,0,2026-08-25T14:15:14Z,2026-09-03T14:10:21Z,,,1,polymarket_clob_yes_market_price_history,,complete,,,False,False,"{""condition_id"": ""0xbb9450c639a6cff45852a72f736ad87bd7937bb6c32a5188951c384044db7a3e"", ""token_outcomes"": {""24078451613163097416410370805562772205827071462344242816835897193771116630414"": ""NO"", ""54664556200324793449929245163617063512863172456904840088634813156464291518709"": ""YES""}, ""trade_pages_capped"": false, ""yes_token_id"": ""54664556200324793449929245163617063512863172456904840088634813156464291518709""}",1,1,1,1
polymarket,polymarket:2232192,2232192,1,2026-08-24T12:38:00.780000Z,2026-09-02T12:38:00.780000Z,2026-09-01T12:38:00.780000Z,2580,0,2026-08-24T12:40:26Z,2026-09-02T12:35:13Z,,,1,polymarket_clob_yes_market_price_history,,complete,,,False,False,"{""condition_id"": ""0xb7d6db12a48e282585501f57871e6e482b9e2c41c68d1d5019bdbd2902209b69"", ""token_outcomes"": {""13676207362387655746963205713590038128620088110508381127494033198879282220597"": ""YES"", ""48450423362097068390752266425061029678470529089502364298292157548990727173078"": ""NO""}, ""trade_pages_capped"": false, ""yes_token_id"": ""13676207362387655746963205713590038128620088110508381127494033198879282220597""}",1,1,1,1
polymarket,polymarket:2232193,2232193,1,2026-08-24T18:37:32.789000Z,2026-09-02T18:37:32.789000Z,2026-09-01T18:37:32.789000Z,2580,0,2026-08-24T18:40:17Z,2026-09-02T18:35:12Z,,,1,polymarket_clob_yes_market_price_history,,complete,,,False,False,"{""condition_id"": ""0x6557ff312837c0707d82bc2def893572289e012cff21a264593c6551f85d7e50"", ""token_outcomes"": {""48873910033235986508783141818523885860585864273648430832701394287389559952755"": ""YES"", ""79618988033930663543512621080821434218821771920947015966165828296142499451136"": ""NO""}, ""trade_pages_capped"": false, ""yes_token_id"": ""48873910033235986508783141818523885860585864273648430832701394287389559952755""}",1,1,1,1
polymarket,polymarket:2243896,2243896,1,2026-08-29T00:37:23.225000Z,2026-09-05T05:32:46.258285Z,2026-09-05T05:32:46.258285Z,2066,0,2026-08-29T00:40:12Z,2026-09-05T05:30:13Z,,,1,polymarket_clob_yes_market_price_history,,complete,,,False,False,"{""condition_id"": ""0x6c3f1009a0c91ba9f7aae44aeadf86863b0d433b60f7a090fd00c945019aa32f"", ""token_outcomes"": {""10861802947610899379330568332287100318869035186187733531205554992019689450318"": ""YES"", ""39319769648132414476170103739900770633009012502056309868976886150530270219889"": ""NO""}, ""trade_pages_capped"": false, ""yes_token_id"": ""10861802947610899379330568332287100318869035186187733531205554992019689450318""}",1,1,0,0
polymarket,polymarket:2243897,2243897,1,2026-08-25T00:36:54.430000Z,2026-09-03T00:36:54.430000Z,2026-09-02T00:36:54.430000Z,2581,0,2026-08-25T00:40:13Z,2026-09-03T00:35:16Z,,,1,polymarket_clob_yes_market_price_history,,complete,,,False,False,"{""condition_id"": ""0x5c19f205507ce03ff5f3be08a8090a5969ea6870cc07b902a4ca2e61dfe48fdd"", ""token_outcomes"": {""69565284411089708271128692790745152090129066525382935764397092493923596997488"": ""NO"", ""99878393523957043401217108863095556720659532630565063651671026144852955005052"": ""YES""}, ""trade_pages_capped"": false, ""yes_token_id"": ""99878393523957043401217108863095556720659532630565063651671026144852955005052""}",1,1,1,1
polymarket,polymarket:2244513,2244513,5,2026-08-24T22:31:57.214000Z,2026-09-04T23:43:07.602000Z,2026-09-03T23:43:07.602000Z,3170,0,2026-08-24T22:35:13Z,2026-09-04T23:40:17Z,,,5,polymarket_clob_yes_market_price_history,,complete,,,False,False,"{""condition_id"": ""0x5187c6fefe08cf4513e08dd31a514b698aaebc18c259b9a98c8170cca2b7d6e8"", ""token_outcomes"": {""110733065748553545217454634891476672625752393463372120136074998748480450877411"": ""YES"", ""58936947587466153732065958358005311102302329218132355113763210144958383670811"": ""NO""}, ""trade_pages_capped"": false, ""yes_token_id"": ""110733065748553545217454634891476672625752393463372120136074998748480450877411""}",5,5,5,5
polymarket,polymarket:2252244,2252244,4,2026-08-24T16:48:10.308000Z,2026-09-04T23:41:48.687000Z,2026-09-03T23:41:48.687000Z,3241,0,2026-08-24T16:50:20Z,2026-09-04T23:40:14Z,,,4,polymarket_clob_yes_market_price_history,,complete,,,False,False,"{""condition_id"": ""0xa3b36b2d6104d34af4e6c6215fc818e43352e78a748fbfb0b85e3a35f71dec9a"", ""token_outcomes"": {""5615282760875985231868508008056959876238536896643315063916840237042205273721"": ""YES"", ""97050921740416192996389806693742575608111328819185493163189880975611314813724"": ""NO""}, ""trade_pages_capped"": false, ""yes_token_id"": ""5615282760875985231868508008056959876238536896643315063916840237042205273721""}",4,4,4,4
polymarket,polymarket:2264328,2264328,1,2026-08-25T00:38:13.862000Z,2026-09-03T00:38:13.862000Z,2026-09-02T00:38:13.862000Z,2580,0,2026-08-25T00:40:16Z,2026-09-03T00:35:19Z,,,1,polymarket_clob_yes_market_price_history,,complete,,,False,False,"{""condition_id"": ""0x84c625fdccf5c5246a15e476361e4563033906ee225800e1136c0d737596a72f"", ""token_outcomes"": {""51308444364217538450493615474295421156909090806486317984535574801660314569304"": ""YES"", ""74076568846866714142503847026760702713555643778038790220454009063912340064073"": ""NO""}, ""trade_pages_capped"": false, ""yes_token_id"": ""51308444364217538450493615474295421156909090806486317984535574801660314569304""}",1,1,1,1
polymarket,polymarket:2304228,2304228,2,2026-08-26T22:31:36.572000Z,2026-09-05T00:26:46.914000Z,2026-09-04T00:26:46.914000Z,2605,0,2026-08-26T22:35:12Z,2026-09-05T00:25:13Z,,,2,polymarket_clob_yes_market_price_history,,complete,,,False,False,"{""condition_id"": ""0x9e2966ab58d8cd6efaccfd92b2d7c518ff6c4318e8bcd3032fef68c8254d102a"", ""token_outcomes"": {""49208719549935438660034858287759012465900558517159395254556531239968960380856"": ""YES"", ""95399383497358388248317453494851248345032800460278500312760007407055588997168"": ""NO""}, ""trade_pages_capped"": false, ""yes_token_id"": ""49208719549935438660034858287759012465900558517159395254556531239968960380856""}",2,2,2,2
polymarket,polymarket:2304229,2304229,2,2026-08-26T22:36:58.234000Z,2026-09-04T23:14:19.698000Z,2026-09-03T23:14:19.698000Z,2589,0,2026-08-26T22:40:14Z,2026-09-04T23:10:14Z,,,2,polymarket_clob_yes_market_price_history,,complete,,,False,False,"{""condition_id"": ""0xa3d50cf0138c0faad988d80e35036aab97ae6d5627f539ce3ce531b555acc209"", ""token_outcomes"": {""24325957418515924380246713818489196241550230768607396742545894419698411754934"": ""NO"", ""52334878018814685972547014875009160054717120171100348069688980422350429906466"": ""YES""}, ""trade_pages_capped"": false, ""yes_token_id"": ""52334878018814685972547014875009160054717120171100348069688980422350429906466""}",2,2,2,2
polymarket,polymarket:2318182,2318182,1,2026-08-24T13:24:30.784000Z,2026-09-02T13:24:30.784000Z,2026-09-01T13:24:30.784000Z,2581,0,2026-08-24T13:25:13Z,2026-09-02T13:20:10Z,,,1,polymarket_clob_yes_market_price_history,,complete,,,False,False,"{""condition_id"": ""0x71f72bf6709b92c9b1bfc3d658dd11a798997e65e03463e81bc2beb3d1e39798"", ""token_outcomes"": {""38987351649523060970456682746628113355654760964985173895265666673382888827679"": ""NO"", ""44724138724240638272753888807092030781797188594482238481247928724220883702534"": ""YES""}, ""trade_pages_capped"": false, ""yes_token_id"": ""44724138724240638272753888807092030781797188594482238481247928724220883702534""}",1,1,1,1
polymarket,polymarket:2364961,2364961,1,2026-08-27T18:38:40.522000Z,2026-09-05T05:32:46.258285Z,2026-09-04T18:38:40.522000Z,2425,0,2026-08-27T18:40:10Z,2026-09-05T05:30:15Z,,,1,polymarket_clob_yes_market_price_history,,complete,,,False,False,"{""condition_id"": ""0xa745eff902c48aa61fd7478b3286623b38e979d0a5d89fef46964edf45e46219"", ""token_outcomes"": {""60721106651047318972353533272976554010468129253652681478570218681774510353152"": ""YES"", ""93755508598420461745823860603365033870586027786420875401840655590362174031227"": ""NO""}, ""trade_pages_capped"": false, ""yes_token_id"": ""60721106651047318972353533272976554010468129253652681478570218681774510353152""}",1,1,1,1
polymarket,polymarket:2365031,2365031,1,2026-08-25T12:43:04.750000Z,2026-09-03T12:43:04.750000Z,2026-09-02T12:43:04.750000Z,2582,0,2026-08-25T12:45:10Z,2026-09-03T12:40:13Z,,,1,polymarket_clob_yes_market_price_history,,complete,,,False,False,"{""condition_id"": ""0x15ddba100cf49043ada06a98d63ac221cdca86da873485dcca72c174cb9cc300"", ""token_outcomes"": {""17764000619347851313521287024371602117122893564455129527305258700082098782058"": ""NO"", ""55438884553479289150292990840792024710917825886712830718218802108974282474850"": ""YES""}, ""trade_pages_capped"": false, ""yes_token_id"": ""55438884553479289150292990840792024710917825886712830718218802108974282474850""}",1,1,1,1
polymarket,polymarket:2487510,2487510,4,2026-08-24T22:15:43.151000Z,2026-09-05T00:08:10.537000Z,2026-09-04T00:08:10.537000Z,3180,0,2026-08-24T22:20:12Z,2026-09-05T00:05:13Z,,,4,polymarket_clob_yes_market_price_history,,complete,,,False,False,"{""condition_id"": ""0x67a28cbd0e3454c2b040495b376dddb2cb2c415fa817f5d845a949c980c0ce55"", ""token_outcomes"": {""63419729266449209962994106271167746841909317608496486519242251908002903357947"": ""YES"", ""84740378697500695241067170095550607469756181042643085071241778002270713633022"": ""NO""}, ""trade_pages_capped"": false, ""yes_token_id"": ""63419729266449209962994106271167746841909317608496486519242251908002903357947""}",4,4,4,4
polymarket,polymarket:2591183,2591183,2,2026-08-24T22:40:29.051000Z,2026-09-03T13:54:43.319000Z,2026-09-02T13:54:43.319000Z,2763,0,2026-08-24T22:45:15Z,2026-09-03T13:50:16Z,,,2,polymarket_clob_yes_market_price_history,,complete,,,False,False,"{""condition_id"": ""0x77b0380be9f46471b5383fd5fd0730d666b852c3c1fcc61529e0699a62f45d47"", ""token_outcomes"": {""77296121908679352434251847862979395356842679683122047698068091276062911570618"": ""NO"", ""98396451299063535424001248770637521563809832785133239666640843440816692687869"": ""YES""}, ""trade_pages_capped"": false, ""yes_token_id"": ""98396451299063535424001248770637521563809832785133239666640843440816692687869""}",2,2,2,2
polymarket,polymarket:2661523,2661523,1,2026-08-26T22:16:39.570000Z,2026-09-04T22:16:39.570000Z,2026-09-03T22:16:39.570000Z,2580,0,2026-08-26T22:20:15Z,2026-09-04T22:15:16Z,,,1,polymarket_clob_yes_market_price_history,,complete,,,False,False,"{""condition_id"": ""0x1883b6810fb3e723165ee9c61a88f8803b5d6ffd2bf48d1a9ee391d3c13bfa2a"", ""token_outcomes"": {""100507929646733770762798120364925115625793480625487962870487805000966690920192"": ""NO"", ""101226646659160481931269342739035989075280131990130572924718801665839150667247"": ""YES""}, ""trade_pages_capped"": false, ""yes_token_id"": ""101226646659160481931269342739035989075280131990130572924718801665839150667247""}",1,1,1,1
polymarket,polymarket:2757806,2757806,2,2026-08-24T18:36:23.780000Z,2026-09-03T13:47:15.152000Z,2026-09-02T13:47:15.152000Z,2812,0,2026-08-24T18:40:15Z,2026-09-03T13:45:15Z,,,2,polymarket_clob_yes_market_price_history,,complete,,,False,False,"{""condition_id"": ""0xb818eb1084fdbc85161dda72c93e1e2da6eb3cc675aa815becb69f45f30683c9"", ""token_outcomes"": {""103775278139867652925368420151914170566282318357595808142286343000646623384207"": ""NO"", ""28124160639561291369865852757900361591346814138837883756455228145975719395425"": ""YES""}, ""trade_pages_capped"": false, ""yes_token_id"": ""28124160639561291369865852757900361591346814138837883756455228145975719395425""}",2,2,2,2
polymarket,polymarket:2865876,2865876,5,2026-08-24T22:45:41.623000Z,2026-09-05T00:09:40.370000Z,2026-09-04T00:09:40.370000Z,3174,0,2026-08-24T22:50:16Z,2026-09-05T00:05:14Z,,,5,polymarket_clob_yes_market_price_history,,complete,,,False,False,"{""condition_id"": ""0x3b508796d8760cef5b75680f275ae9e5116002d95cc4fd4f46e44ef89e6cd1f3"", ""token_outcomes"": {""105368625795655432964190496754546650270881070451655430684110166613065601984894"": ""YES"", ""63654702053030778226283239133209395805217803182349643479883631208564693452162"": ""NO""}, ""trade_pages_capped"": false, ""yes_token_id"": ""105368625795655432964190496754546650270881070451655430684110166613065601984894""}",5,5,5,5
polymarket,polymarket:2870692,2870692,2,2026-08-24T22:36:49.035000Z,2026-09-03T14:35:32.487000Z,2026-09-02T14:35:32.487000Z,2214,0,2026-08-24T22:40:14Z,2026-09-01T15:05:09Z,,,2,polymarket_clob_yes_market_price_history,,complete,,,False,False,"{""condition_id"": ""0x0ef882f06f66d1207140c7608d1054546a5b3e9729ced3cc7614ce55cdfd5373"", ""token_outcomes"": {""70418481073299345547635667394724147634350783464147910729302044856711345678914"": ""YES"", ""82570690581376065986347340488611965910752261120185927907358565551701082485752"": ""NO""}, ""trade_pages_capped"": false, ""yes_token_id"": ""70418481073299345547635667394724147634350783464147910729302044856711345678914""}",2,1,1,0
polymarket,polymarket:3008043,3008043,4,2026-08-24T22:40:26.887000Z,2026-09-05T05:32:46.258285Z,2026-09-04T07:28:48.477000Z,3240,0,2026-08-24T22:45:12Z,2026-09-05T05:30:14Z,,,4,polymarket_clob_yes_market_price_history,,complete,,,False,False,"{""condition_id"": ""0x2617cadbd861eb62a1c7bedd55c00c7d23efc266e9d9330c5ac76396f4d326bb"", ""token_outcomes"": {""105302465759585981453681343792678489473708646311637753255125983028166400715179"": ""YES"", ""48423405923055764552969061263100267590508264020569095130359492320979578034814"": ""NO""}, ""trade_pages_capped"": false, ""yes_token_id"": ""105302465759585981453681343792678489473708646311637753255125983028166400715179""}",4,4,4,4
polymarket,polymarket:3081910,3081910,4,2026-08-24T22:14:39.558000Z,2026-09-05T00:02:43.084000Z,2026-09-04T00:02:43.084000Z,3178,0,2026-08-24T22:15:15Z,2026-09-05T00:00:20Z,,,4,polymarket_clob_yes_market_price_history,,complete,,,False,False,"{""condition_id"": ""0x795ce0ad387f29cc77474ef1a628913e4e2a06549ac694332889a1964a359719"", ""token_outcomes"": {""53434105094772062325442044365248791156827522357241819229374271698813422785333"": ""NO"", ""60206073657515651940710194548486691648974864758053896176946599662982589703869"": ""YES""}, ""trade_pages_capped"": false, ""yes_token_id"": ""60206073657515651940710194548486691648974864758053896176946599662982589703869""}",4,4,4,4
polymarket,polymarket:3087157,3087157,1,2026-08-26T21:57:03.277000Z,2026-09-04T21:57:03.277000Z,2026-09-03T21:57:03.277000Z,2582,0,2026-08-26T22:00:16Z,2026-09-04T21:55:27Z,,,1,polymarket_clob_yes_market_price_history,,complete,,,False,False,"{""condition_id"": ""0x263e0b8fd25ff0cbba70632c51d2815c8c4baee07485132909425769c4eacb34"", ""token_outcomes"": {""102310045461734588077779078166990872317761226486600712678916824798493454810082"": ""NO"", ""52552413639973866807077773632749355391669935418910985263521693651648829701593"": ""YES""}, ""trade_pages_capped"": false, ""yes_token_id"": ""52552413639973866807077773632749355391669935418910985263521693651648829701593""}",1,1,1,1
polymarket,polymarket:3093192,3093192,4,2026-08-25T14:02:56.104000Z,2026-09-05T00:08:14.531000Z,2026-09-04T00:08:14.531000Z,2991,0,2026-08-25T14:05:08Z,2026-09-05T00:05:13Z,,,4,polymarket_clob_yes_market_price_history,,complete,,,False,False,"{""condition_id"": ""0x60baa48f4a62dd886f1fdf63ddaef9555ac2432d59b0a380e0c6431ea3e086df"", ""token_outcomes"": {""595692777873736963445116441287747368342900932750558047967637644834380157077"": ""YES"", ""89860948538323755700963128304987414512167276883983552202950216575234323947482"": ""NO""}, ""trade_pages_capped"": false, ""yes_token_id"": ""595692777873736963445116441287747368342900932750558047967637644834380157077""}",4,4,4,4
polymarket,polymarket:3093225,3093225,1,2026-08-26T22:21:26.080000Z,2026-09-04T22:21:26.080000Z,2026-09-03T22:21:26.080000Z,2580,0,2026-08-26T22:25:46Z,2026-09-04T22:20:18Z,,,1,polymarket_clob_yes_market_price_history,,complete,,,False,False,"{""condition_id"": ""0x56d9ef10a415ed77afe58da9a3708eda590f1f219c6c4ccdea02dca091716a66"", ""token_outcomes"": {""40522080263647669781406034116695196482411262073791022776684686279353831263915"": ""YES"", ""94363772426809493503257440599304818891216476172486234921153458160910303394366"": ""NO""}, ""trade_pages_capped"": false, ""yes_token_id"": ""40522080263647669781406034116695196482411262073791022776684686279353831263915""}",1,1,1,1
polymarket,polymarket:3093331,3093331,6,2026-08-24T22:09:54.664000Z,2026-09-05T00:26:46.914000Z,2026-09-04T00:26:46.914000Z,3186,0,2026-08-24T22:10:13Z,2026-09-05T00:25:14Z,,,6,polymarket_clob_yes_market_price_history,,complete,,,False,False,"{""condition_id"": ""0x40bce14f28d814b55194fd255772b5ab53291bb77445ce33fc7a1f556e9f60b5"", ""token_outcomes"": {""109190808458628999405734531845392894693262017905574646413764985360976959699766"": ""YES"", ""16850187324385687877543725550431847919142920395897994478581962263364809320334"": ""NO""}, ""trade_pages_capped"": false, ""yes_token_id"": ""109190808458628999405734531845392894693262017905574646413764985360976959699766""}",6,6,6,6
polymarket,polymarket:3093332,3093332,1,2026-08-26T22:28:43.034000Z,2026-09-04T22:28:43.034000Z,2026-09-03T22:28:43.034000Z,2582,0,2026-08-26T22:30:26Z,2026-09-04T22:25:13Z,,,1,polymarket_clob_yes_market_price_history,,complete,,,False,False,"{""condition_id"": ""0x95f41e6f6c8bc899fda186967cdc6359f5eca12dc9fe48372cd95383a38f995c"", ""token_outcomes"": {""106467735613398550063682298439308816104730442742232791983152709315802132774571"": ""YES"", ""45321092727933569920364006809729994012126878260351334302468573615801740947691"": ""NO""}, ""trade_pages_capped"": false, ""yes_token_id"": ""106467735613398550063682298439308816104730442742232791983152709315802132774571""}",1,1,1,1
polymarket,polymarket:3093466,3093466,1,2026-08-26T22:48:46.959000Z,2026-09-04T22:48:46.959000Z,2026-09-03T22:48:46.959000Z,2582,0,2026-08-26T22:50:14Z,2026-09-04T22:45:14Z,,,1,polymarket_clob_yes_market_price_history,,complete,,,False,False,"{""condition_id"": ""0xb0f114a7a16609de9c157ed551d75753090b5012c061ba91c45b27b3c0eeb114"", ""token_outcomes"": {""16886089315374568657918647409329050144192014482573882527673148032871213402982"": ""YES"", ""34162790682333255861892750088251709037023947598354176340033706284184195285274"": ""NO""}, ""trade_pages_capped"": false, ""yes_token_id"": ""16886089315374568657918647409329050144192014482573882527673148032871213402982""}",1,1,1,1
polymarket,polymarket:3096170,3096170,1,2026-08-24T18:14:36.592000Z,2026-09-02T18:14:36.592000Z,2026-09-01T18:14:36.592000Z,2043,0,2026-08-24T18:15:11Z,2026-08-31T20:35:12Z,,,1,polymarket_clob_yes_market_price_history,,complete,,,False,False,"{""condition_id"": ""0xd8797877b9fe5643539c87a2b774fd6e2906f61df2901a7d46895a2ebbba3436"", ""token_outcomes"": {""107756481870484008855920966218267756564551425265943302432500830201094825050811"": ""NO"", ""22688132650446839400462714094172991095867446205418447091309851975802973986421"": ""YES""}, ""trade_pages_capped"": false, ""yes_token_id"": ""22688132650446839400462714094172991095867446205418447091309851975802973986421""}",1,1,0,0
polymarket,polymarket:3096357,3096357,1,2026-08-24T17:43:52.078000Z,2026-09-02T17:43:52.078000Z,2026-09-01T17:43:52.078000Z,2082,0,2026-08-24T17:45:11Z,2026-08-31T23:20:15Z,,,1,polymarket_clob_yes_market_price_history,,complete,,,False,False,"{""condition_id"": ""0x83a9a0501e19dfc227b1604c0b55c1e1e9e43918d69cc88f0c45ca35551dec9f"", ""token_outcomes"": {""12408973408689563582044292366899888091691484331717656780841705547606019392460"": ""YES"", ""4013734201918774727407726429795557487781194037008783148301181229471494991559"": ""NO""}, ""trade_pages_capped"": false, ""yes_token_id"": ""12408973408689563582044292366899888091691484331717656780841705547606019392460""}",1,1,1,0
polymarket,polymarket:3096365,3096365,1,2026-08-24T22:12:28.609000Z,2026-09-02T22:12:28.609000Z,2026-09-01T22:12:28.609000Z,2028,0,2026-08-24T22:15:12Z,2026-08-31T23:15:11Z,,,1,polymarket_clob_yes_market_price_history,,complete,,,False,False,"{""condition_id"": ""0xa50efa43bc8ad9c0ecf3745206d5a0a5ff3955e5948cdae7a7f765cc44dd6813"", ""token_outcomes"": {""101656636996611306165845108651017046437571703482270889818120725083724935625046"": ""NO"", ""74855072311298160274415368953706506993581626157611480626918153151140366780695"": ""YES""}, ""trade_pages_capped"": false, ""yes_token_id"": ""74855072311298160274415368953706506993581626157611480626918153151140366780695""}",1,1,0,0
polymarket,polymarket:3096370,3096370,1,2026-08-24T22:12:22.866000Z,2026-09-02T22:12:22.866000Z,2026-09-01T22:12:22.866000Z,2028,0,2026-08-24T22:15:14Z,2026-08-31T23:15:12Z,,,1,polymarket_clob_yes_market_price_history,,complete,,,False,False,"{""condition_id"": ""0x67ffde00ab0c6d93d894a1107718b1f4587ded1d0d5f9fbe1f7a8998e5e4c05e"", ""token_outcomes"": {""26742496328765955089810787145065818089751623038718004802433053708070419823667"": ""YES"", ""67877810631910699216107712813326795205851680319699008832914330283373303731945"": ""NO""}, ""trade_pages_capped"": false, ""yes_token_id"": ""26742496328765955089810787145065818089751623038718004802433053708070419823667""}",1,1,0,0
polymarket,polymarket:3096382,3096382,1,2026-08-24T17:40:18.101000Z,2026-09-02T17:40:18.101000Z,2026-09-01T17:40:18.101000Z,2082,0,2026-08-24T17:40:24Z,2026-08-31T23:15:14Z,,,1,polymarket_clob_yes_market_price_history,,complete,,,False,False,"{""condition_id"": ""0xb9770611105e90a758588cafa7511bc09b76ee3cea40069f64329e6bea597f65"", ""token_outcomes"": {""113456790334693426814961306171532026802501952511923513998222049153371374336992"": ""YES"", ""5419460515231565929389919953731124839020389671838059892322704915235193209887"": ""NO""}, ""trade_pages_capped"": false, ""yes_token_id"": ""113456790334693426814961306171532026802501952511923513998222049153371374336992""}",1,1,1,0
polymarket,polymarket:3096391,3096391,1,2026-08-24T22:10:56.531000Z,2026-09-02T22:10:56.531000Z,2026-09-01T22:10:56.531000Z,2028,0,2026-08-24T22:15:14Z,2026-08-31T23:15:13Z,,,1,polymarket_clob_yes_market_price_history,,complete,,,False,False,"{""condition_id"": ""0xede766da19358275a340d328a4235de2732b736baa28e74e756cd420dd0a3886"", ""token_outcomes"": {""74948991083519682970774119324422128856414622925031283912946041753142437021613"": ""YES"", ""95095762047190411024564525260995509001549455461443147480689879901799406863998"": ""NO""}, ""trade_pages_capped"": false, ""yes_token_id"": ""74948991083519682970774119324422128856414622925031283912946041753142437021613""}",1,1,0,0
polymarket,polymarket:3096413,3096413,1,2026-08-24T17:40:40.580000Z,2026-09-02T17:40:40.580000Z,2026-09-01T17:40:40.580000Z,2083,0,2026-08-24T17:45:09Z,2026-08-31T23:20:12Z,,,1,polymarket_clob_yes_market_price_history,,complete,,,False,False,"{""condition_id"": ""0x55937e321733f53af84a7c74884fc86801b97def5b14be888250e7d5057f4be8"", ""token_outcomes"": {""12271201066702671192512366723059850977877323787698905069269847136574521131200"": ""YES"", ""72231169683952703551810915209813949516292895904463184163961468355174735034878"": ""NO""}, ""trade_pages_capped"": false, ""yes_token_id"": ""12271201066702671192512366723059850977877323787698905069269847136574521131200""}",1,1,1,0
polymarket,polymarket:3096415,3096415,1,2026-08-24T17:40:27.559000Z,2026-09-02T17:40:27.559000Z,2026-09-01T17:40:27.559000Z,2081,0,2026-08-24T17:45:11Z,2026-08-31T23:15:14Z,,,1,polymarket_clob_yes_market_price_history,,complete,,,False,False,"{""condition_id"": ""0xb529e8dbe7fff34143a5a79396a1bd5d5c3b9c810d1829d0ad2c483ee5858981"", ""token_outcomes"": {""47008811341579399094069836257829274172566530287816006984285634561637726784649"": ""NO"", ""53203462477384566180376909050900650282748308678412509005941093686739155763576"": ""YES""}, ""trade_pages_capped"": false, ""yes_token_id"": ""53203462477384566180376909050900650282748308678412509005941093686739155763576""}",1,1,1,0
polymarket,polymarket:3096416,3096416,1,2026-08-24T22:13:26.682000Z,2026-09-02T22:13:26.682000Z,2026-09-01T22:13:26.682000Z,2028,0,2026-08-24T22:15:11Z,2026-08-31T23:15:10Z,,,1,polymarket_clob_yes_market_price_history,,complete,,,False,False,"{""condition_id"": ""0x4ca4c2914ffc92a7e686e6b732da62cc6440242895df5c527225cb7b62255615"", ""token_outcomes"": {""105020167286029681607743884087267498762815669926087038893490877462510898310022"": ""YES"", ""42942509916200362985971000189800999658619687171243970458748151228423959217786"": ""NO""}, ""trade_pages_capped"": false, ""yes_token_id"": ""105020167286029681607743884087267498762815669926087038893490877462510898310022""}",1,1,0,0
polymarket,polymarket:3096430,3096430,1,2026-08-24T22:12:54.890000Z,2026-09-02T22:12:54.890000Z,2026-09-01T22:12:54.890000Z,2027,0,2026-08-24T22:15:16Z,2026-08-31T23:15:14Z,,,1,polymarket_clob_yes_market_price_history,,complete,,,False,False,"{""condition_id"": ""0x1b758589fbd82a436ed68a21148c23944569b3bdb59b3eac4d9c7c5d11262391"", ""token_outcomes"": {""1232293871310354737383009638427805110903083007639037776819561739903595809883"": ""YES"", ""40262302472358884390953954449862228150627364247177092675005662232880121294882"": ""NO""}, ""trade_pages_capped"": false, ""yes_token_id"": ""1232293871310354737383009638427805110903083007639037776819561739903595809883""}",1,1,0,0
polymarket,polymarket:3096445,3096445,1,2026-08-24T22:13:46.007000Z,2026-09-02T22:13:46.007000Z,2026-09-01T22:13:46.007000Z,2027,0,2026-08-24T22:15:16Z,2026-08-31T23:15:15Z,,,1,polymarket_clob_yes_market_price_history,,complete,,,False,False,"{""condition_id"": ""0x756ac550ec21abf681219915ce900ab6682a70ab82a50a9654a23491d349d979"", ""token_outcomes"": {""105365829238598988298928468111872604216715662054576961902841537714625000534498"": ""YES"", ""27315837888766492954473094601222883755270133607930792520232691392461379443611"": ""NO""}, ""trade_pages_capped"": false, ""yes_token_id"": ""105365829238598988298928468111872604216715662054576961902841537714625000534498""}",1,1,0,0
polymarket,polymarket:3102462,3102462,1,2026-08-24T17:40:32.514000Z,2026-09-02T17:40:32.514000Z,2026-09-01T17:40:32.514000Z,2081,0,2026-08-24T17:45:10Z,2026-08-31T23:15:13Z,,,1,polymarket_clob_yes_market_price_history,,complete,,,False,False,"{""condition_id"": ""0x8c773ddca5739e30a49cd8aa214a2f7e99b96784b7155a1997f4fe0d9586c11d"", ""token_outcomes"": {""24800571717763245364224503729129664803908934461486331853636597701161191561035"": ""NO"", ""89736114449042308880996018833428623393063583386966316595784287600762345987481"": ""YES""}, ""trade_pages_capped"": false, ""yes_token_id"": ""89736114449042308880996018833428623393063583386966316595784287600762345987481""}",1,1,1,0
polymarket,polymarket:3128887,3128887,6,2026-08-24T22:22:15.448000Z,2026-09-04T23:42:39.284000Z,2026-09-03T23:42:39.284000Z,3173,0,2026-08-24T22:25:14Z,2026-09-04T23:40:12Z,,,6,polymarket_clob_yes_market_price_history,,complete,,,False,False,"{""condition_id"": ""0x30174f3f46398e37c96a07b45916e01eab9a8a854ecb624ac73a91a8490fd074"", ""token_outcomes"": {""56465933220082022835700817063946174635909725507734416248556389304448520396318"": ""NO"", ""88752597571738831347942513760817776151125290177540731190810686943474863159303"": ""YES""}, ""trade_pages_capped"": false, ""yes_token_id"": ""88752597571738831347942513760817776151125290177540731190810686943474863159303""}",6,6,6,6
polymarket,polymarket:3128888,3128888,2,2026-08-25T13:38:30.968000Z,2026-09-04T21:47:50.395000Z,2026-09-03T21:47:50.395000Z,2968,0,2026-08-25T13:40:12Z,2026-09-04T21:45:15Z,,,2,polymarket_clob_yes_market_price_history,,complete,,,False,False,"{""condition_id"": ""0xcee04ba47d02f6c64642369b34193c355f64de1b9ae425c71ea4efef1989d271"", ""token_outcomes"": {""77737603049704371401985143030203551130624520784925815473217168646825527075459"": ""NO"", ""87712920673252297509200151045391015262449055764880659907762503287643101055970"": ""YES""}, ""trade_pages_capped"": false, ""yes_token_id"": ""87712920673252297509200151045391015262449055764880659907762503287643101055970""}",2,2,2,2
polymarket,polymarket:3195077,3195077,2,2026-08-26T23:36:06.741000Z,2026-09-05T00:26:46.914000Z,2026-09-04T00:26:46.914000Z,2592,0,2026-08-26T23:40:18Z,2026-09-05T00:25:13Z,,,2,polymarket_clob_yes_market_price_history,,complete,,,False,False,"{""condition_id"": ""0xa8ad6a1a4662e901e0d24b7f98d03a06a533e34848673e8ef3647bb59dabc9fd"", ""token_outcomes"": {""104920227971216930193125562748385184597688996581945710470434096110265536222051"": ""YES"", ""73822660195437374094560556319955737041385738456130978013544877195983313805229"": ""NO""}, ""trade_pages_capped"": false, ""yes_token_id"": ""104920227971216930193125562748385184597688996581945710470434096110265536222051""}",2,2,2,2
polymarket,polymarket:3205508,3205508,9,2026-08-24T22:31:54.992000Z,2026-09-05T05:25:53.120000Z,2026-09-04T05:25:53.120000Z,3241,0,2026-08-24T22:35:11Z,2026-09-05T05:25:15Z,,,9,polymarket_clob_yes_market_price_history,,complete,,,False,False,"{""condition_id"": ""0x6753180082c3024e0727352387066cabf13fd2ebea317ec4394baa8d8a86c1ea"", ""token_outcomes"": {""23964064506478332926756528995074186481331466701043620373824580744594929076777"": ""NO"", ""70658309282610412659849520407370274189888994735485551720460777420587971989044"": ""YES""}, ""trade_pages_capped"": false, ""yes_token_id"": ""70658309282610412659849520407370274189888994735485551720460777420587971989044""}",9,9,8,9
polymarket,polymarket:3207829,3207829,1,2026-08-24T13:19:18.447000Z,2026-09-02T13:19:18.447000Z,2026-09-01T13:19:18.447000Z,2581,0,2026-08-24T13:20:11Z,2026-09-02T13:15:09Z,,,1,polymarket_clob_yes_market_price_history,,complete,,,False,False,"{""condition_id"": ""0x8c0548080bad228af5d29cc9babd9a146a5b23979cea4b5277144e49401f3d5d"", ""token_outcomes"": {""64520244172314706877530778222794658545092304219805274831202888161931290524146"": ""NO"", ""86780678452913854643334781407983949973017302798092887672309367498496008492458"": ""YES""}, ""trade_pages_capped"": false, ""yes_token_id"": ""86780678452913854643334781407983949973017302798092887672309367498496008492458""}",1,1,1,1
polymarket,polymarket:3212174,3212174,1,2026-08-26T22:44:46.437000Z,2026-09-04T22:44:46.437000Z,2026-09-03T22:44:46.437000Z,2580,0,2026-08-26T22:45:16Z,2026-09-04T22:40:17Z,,,1,polymarket_clob_yes_market_price_history,,complete,,,False,False,"{""condition_id"": ""0xd31ea16f62323490bd64810ed8d10c46801ee63763e2d144bfa19e71e7b3e19c"", ""token_outcomes"": {""39771334486741346905822006281449519799982989837235235818073802067017492155242"": ""NO"", ""66320572865749404232377707418430729536993224918428555706354551577501365212362"": ""YES""}, ""trade_pages_capped"": false, ""yes_token_id"": ""66320572865749404232377707418430729536993224918428555706354551577501365212362""}",1,1,1,1
polymarket,polymarket:3212175,3212175,1,2026-08-26T21:59:36.584000Z,2026-09-04T21:59:36.584000Z,2026-09-03T21:59:36.584000Z,2581,0,2026-08-26T22:00:17Z,2026-09-04T21:55:29Z,,,1,polymarket_clob_yes_market_price_history,,complete,,,False,False,"{""condition_id"": ""0x547a1a83abf33bdbe7ca1c37707f334355c81901035e5c6f1e9dff23fea54fb2"", ""token_outcomes"": {""39518954514881771729700800700420383976847046395046027192382239857840872316712"": ""NO"", ""65357241631372935654381851285956796194376848378705071642181234066464060408228"": ""YES""}, ""trade_pages_capped"": false, ""yes_token_id"": ""65357241631372935654381851285956796194376848378705071642181234066464060408228""}",1,1,1,1
polymarket,polymarket:3212410,3212410,1,2026-08-24T13:06:24.100000Z,2026-09-02T13:06:24.100000Z,2026-09-01T13:06:24.100000Z,2247,0,2026-08-24T13:10:28Z,2026-09-01T08:25:17Z,,,1,polymarket_clob_yes_market_price_history,,complete,,,False,False,"{""condition_id"": ""0x14ba8a92b8b11f9bf5a82f8ff7824d645084af88570b4f5495e55332b42ee968"", ""token_outcomes"": {""49891459220803092671813671318155200872311395579155724130542012921398506898041"": ""NO"", ""91202173165143875721864022525781397502353764010885402727561780303269009509865"": ""YES""}, ""trade_pages_capped"": false, ""yes_token_id"": ""91202173165143875721864022525781397502353764010885402727561780303269009509865""}",1,1,1,0
polymarket,polymarket:3213981,3213981,1,2026-08-25T13:46:54.416000Z,2026-09-03T13:46:54.416000Z,2026-09-02T13:46:54.416000Z,2462,0,2026-08-25T13:50:26Z,2026-09-03T03:55:14Z,,,1,polymarket_clob_yes_market_price_history,,complete,,,False,False,"{""condition_id"": ""0x624c1ca3b1e536abf70b6b2c299df01e105f99bbd2f04f347a25ddef45229232"", ""token_outcomes"": {""25234674597650325187675841789643936640300045086706519509362286299059567696747"": ""NO"", ""54449515233197025986124632569267720438901582462015776026332814344315626924072"": ""YES""}, ""trade_pages_capped"": false, ""yes_token_id"": ""54449515233197025986124632569267720438901582462015776026332814344315626924072""}",1,1,1,1
polymarket,polymarket:3248055,3248055,1,2026-08-24T19:07:09.568000Z,2026-09-02T19:07:09.568000Z,2026-09-01T19:07:09.568000Z,2030,0,2026-08-24T19:10:16Z,2026-08-31T20:25:28Z,,,1,polymarket_clob_yes_market_price_history,,complete,,,False,False,"{""condition_id"": ""0xf519fdcac690066be61940425378eaa3b2c7b47490da5bda88864153f319a3f0"", ""token_outcomes"": {""114735358833927339748262817068742084264147136028137564652869277344778071802067"": ""YES"", ""78063066500114406692711425525653807022206486396953848094542536589887083805375"": ""NO""}, ""trade_pages_capped"": false, ""yes_token_id"": ""114735358833927339748262817068742084264147136028137564652869277344778071802067""}",1,1,0,0
polymarket,polymarket:3248143,3248143,1,2026-08-24T18:02:20.437000Z,2026-09-02T18:02:20.437000Z,2026-09-01T18:02:20.437000Z,2043,0,2026-08-24T18:05:27Z,2026-08-31T20:20:13Z,,,1,polymarket_clob_yes_market_price_history,,complete,,,False,False,"{""condition_id"": ""0xfdff1eaa142303a80d0967b0cf90b4b93081bc1ec103844c5f4251a9ac9bc669"", ""token_outcomes"": {""47040247110281888555007431360070839207399895650221855236256055571207235621214"": ""YES"", ""59696000294179660063532456892910458200265330148274799193784218606668058327831"": ""NO""}, ""trade_pages_capped"": false, ""yes_token_id"": ""47040247110281888555007431360070839207399895650221855236256055571207235621214""}",1,1,0,0
polymarket,polymarket:3248205,3248205,1,2026-08-24T19:07:30.671000Z,2026-09-02T19:07:30.671000Z,2026-09-01T19:07:30.671000Z,2030,0,2026-08-24T19:10:13Z,2026-08-31T20:20:12Z,,,1,polymarket_clob_yes_market_price_history,,complete,,,False,False,"{""condition_id"": ""0xd395664d7f1f0dd03a3f98adb2b65062341b76425e1e8be666ecb3e225742fad"", ""token_outcomes"": {""100508823000689642828889853052757657112616171273413198910809779717838864206386"": ""YES"", ""70746017518207526173050486659189053103859640194775745778000752158889955378500"": ""NO""}, ""trade_pages_capped"": false, ""yes_token_id"": ""100508823000689642828889853052757657112616171273413198910809779717838864206386""}",1,1,0,0
polymarket,polymarket:3248329,3248329,1,2026-08-24T18:02:49.875000Z,2026-09-02T18:02:49.875000Z,2026-09-01T18:02:49.875000Z,2042,0,2026-08-24T18:05:28Z,2026-08-31T20:20:15Z,,,1,polymarket_clob_yes_market_price_history,,complete,,,False,False,"{""condition_id"": ""0x2d516a5c977cdbdb749d7e8a06f8caa4767394a16a7d55fed31045ef33dc587b"", ""token_outcomes"": {""10040463536070112637169528185142701264365676379649019115433682959108349569825"": ""NO"", ""87059054674592279975647520030487524693312567737082580937140333470330710190377"": ""YES""}, ""trade_pages_capped"": false, ""yes_token_id"": ""87059054674592279975647520030487524693312567737082580937140333470330710190377""}",1,1,0,0
polymarket,polymarket:3248345,3248345,1,2026-08-24T18:03:43.564000Z,2026-09-02T18:03:43.564000Z,2026-09-01T18:03:43.564000Z,2042,0,2026-08-24T18:05:28Z,2026-08-31T20:20:15Z,,,1,polymarket_clob_yes_market_price_history,,complete,,,False,False,"{""condition_id"": ""0x4df99e8ad534a27890688914670712881ca35e5bb08162f2841bd6cdbe420109"", ""token_outcomes"": {""94463244585560519366597368384410814247741062267145413068753761805820001102473"": ""NO"", ""98656715250835701007812651474214470026157437124588111967185358246883430270317"": ""YES""}, ""trade_pages_capped"": false, ""yes_token_id"": ""98656715250835701007812651474214470026157437124588111967185358246883430270317""}",1,1,0,0
polymarket,polymarket:3248397,3248397,1,2026-08-24T10:46:34.167000Z,2026-09-02T10:46:34.167000Z,2026-09-01T10:46:34.167000Z,2131,0,2026-08-24T10:50:13Z,2026-08-31T20:25:17Z,,,1,polymarket_clob_yes_market_price_history,,complete,,,False,False,"{""condition_id"": ""0x81e2e9c09fadef2669cc0c40baab345134e68f525975662066c559b4723a4f5d"", ""token_outcomes"": {""44463055234191834634273832077598321702262654909985967453217105239930080032277"": ""YES"", ""85358334813197234726716904413473817983228429671380014622721248667239269088996"": ""NO""}, ""trade_pages_capped"": false, ""yes_token_id"": ""44463055234191834634273832077598321702262654909985967453217105239930080032277""}",1,1,1,0
polymarket,polymarket:3248402,3248402,1,2026-08-24T18:02:08.224000Z,2026-09-02T18:02:08.224000Z,2026-09-01T18:02:08.224000Z,2043,0,2026-08-24T18:05:28Z,2026-08-31T20:25:26Z,,,1,polymarket_clob_yes_market_price_history,,complete,,,False,False,"{""condition_id"": ""0xd202178f120f2e21f69a9eb43f9740fac0f5d2a0c3d013666e30940b15586200"", ""token_outcomes"": {""60854223624591965430562115804732548569475488982925123215627587936841811080140"": ""YES"", ""71887305033895273451048304772722579408174044260929008197322890415729262926952"": ""NO""}, ""trade_pages_capped"": false, ""yes_token_id"": ""60854223624591965430562115804732548569475488982925123215627587936841811080140""}",1,1,0,0
polymarket,polymarket:3248459,3248459,1,2026-08-24T18:02:07.487000Z,2026-09-02T18:02:07.487000Z,2026-09-01T18:02:07.487000Z,2044,0,2026-08-24T18:05:28Z,2026-08-31T20:30:17Z,,,1,polymarket_clob_yes_market_price_history,,complete,,,False,False,"{""condition_id"": ""0xe17e9bb0933aee7060b4c64a6be415193bed87fadecdb20cea485e040675bcf0"", ""token_outcomes"": {""18255237427178952065681434913670527949207956412837706558354011581870789276876"": ""YES"", ""4168042369469313329587485655297687410503547904541570659022768707457840583929"": ""NO""}, ""trade_pages_capped"": false, ""yes_token_id"": ""18255237427178952065681434913670527949207956412837706558354011581870789276876""}",1,1,0,0
polymarket,polymarket:3248730,3248730,1,2026-08-24T18:02:58.801000Z,2026-09-02T18:02:58.801000Z,2026-09-01T18:02:58.801000Z,2044,0,2026-08-24T18:05:28Z,2026-08-31T20:30:17Z,,,1,polymarket_clob_yes_market_price_history,,complete,,,False,False,"{""condition_id"": ""0x770ef5f449707d2437d9fe72d1e4c466790c888c69f6beb0a915e6cfc1c5187f"", ""token_outcomes"": {""108143405083622107563413850485216676491747806555107569264519059801123680712419"": ""NO"", ""67855150992892092088250966717459631298059955148910035985146675399814245968215"": ""YES""}, ""trade_pages_capped"": false, ""yes_token_id"": ""67855150992892092088250966717459631298059955148910035985146675399814245968215""}",1,1,0,0
polymarket,polymarket:3275539,3275539,4,2026-08-25T13:56:34.804000Z,2026-09-03T18:35:33.524000Z,2026-09-02T18:35:33.524000Z,2637,0,2026-08-25T14:00:08Z,2026-09-03T18:35:21Z,,,4,polymarket_clob_yes_market_price_history,,complete,,,False,False,"{""condition_id"": ""0xaf03b0032d5e71c6072db014aee0974074e0470cdc5b5d715e316379b9f20058"", ""token_outcomes"": {""52169322600821890381117463154253211812785715327597043129121226793267434086998"": ""YES"", ""7177049493161355042853009125514123083500381477179443844805294362166008950632"": ""NO""}, ""trade_pages_capped"": false, ""yes_token_id"": ""52169322600821890381117463154253211812785715327597043129121226793267434086998""}",4,4,4,4
polymarket,polymarket:3350285,3350285,1,2026-08-24T10:55:05.752000Z,2026-09-02T10:55:05.752000Z,2026-09-01T10:55:05.752000Z,2148,0,2026-08-24T10:55:16Z,2026-08-31T22:00:17Z,,,1,polymarket_clob_yes_market_price_history,,complete,,,False,False,"{""condition_id"": ""0xbb0ad7a8324b9e3fccfc937ecd649585db3bd42d73de3340ae8c0ea44c816eca"", ""token_outcomes"": {""113101750267807328991812712793361257175821566838787118456237095247948776433001"": ""YES"", ""13862693476075169888520065543821641090877782209362975074932848258265775151766"": ""NO""}, ""trade_pages_capped"": false, ""yes_token_id"": ""113101750267807328991812712793361257175821566838787118456237095247948776433001""}",1,1,1,0
polymarket,polymarket:3350292,3350292,5,2026-08-24T19:40:02.570000Z,2026-09-05T05:32:46.258285Z,2026-09-05T05:32:46.258285Z,3275,0,2026-08-24T19:40:19Z,2026-09-05T05:30:17Z,,,5,polymarket_clob_yes_market_price_history,,complete,,,False,False,"{""condition_id"": ""0x96a5f5abe1e0788c4f6ba3ecf0661f677c613e0634f6ac1f719ab50befdfe2ee"", ""token_outcomes"": {""42873235144178782917850206372007159767112378386808418875521230157745590535690"": ""NO"", ""65921308686872928359067799675561008336086025372647394887439766018443656920278"": ""YES""}, ""trade_pages_capped"": false, ""yes_token_id"": ""65921308686872928359067799675561008336086025372647394887439766018443656920278""}",5,4,4,3
polymarket,polymarket:3350293,3350293,5,2026-08-25T05:49:32.799000Z,2026-09-05T05:32:46.258285Z,2026-09-05T05:32:46.258285Z,3153,0,2026-08-25T05:50:16Z,2026-09-05T05:30:18Z,,,5,polymarket_clob_yes_market_price_history,,complete,,,False,False,"{""condition_id"": ""0xd1e934165b4bed9ba3ef8c72ec4d956bfe27b027d7023ce871d3972eace111c9"", ""token_outcomes"": {""106223657836292975556141718857191426549164746371305575492113291542756740245308"": ""NO"", ""65964168688662882111716767213819542940622635950693759116614176659898998409202"": ""YES""}, ""trade_pages_capped"": false, ""yes_token_id"": ""65964168688662882111716767213819542940622635950693759116614176659898998409202""}",5,4,4,3
polymarket,polymarket:3350294,3350294,6,2026-08-24T11:04:36.299000Z,2026-09-05T05:32:46.258285Z,2026-09-05T05:32:46.258285Z,3380,0,2026-08-24T11:05:10Z,2026-09-05T05:30:13Z,,,6,polymarket_clob_yes_market_price_history,,complete,,,False,False,"{""condition_id"": ""0x1b189246ce5ca9899cc1e8bc70a6094f4918523ea4bb438ab9da218ebf8526bb"", ""token_outcomes"": {""30197164904906253923866231061727708387347443654415114442023893397901739180298"": ""NO"", ""7080353348631229157742965111861393711669601432478823015424468674624979605115"": ""YES""}, ""trade_pages_capped"": false, ""yes_token_id"": ""7080353348631229157742965111861393711669601432478823015424468674624979605115""}",6,5,5,4
polymarket,polymarket:3350313,3350313,1,2026-08-24T22:17:48.332000Z,2026-09-02T22:17:48.332000Z,2026-09-01T22:17:48.332000Z,2017,0,2026-08-24T22:20:13Z,2026-08-31T22:25:14Z,,,1,polymarket_clob_yes_market_price_history,,complete,,,False,False,"{""condition_id"": ""0x285dd4605aba0e5db7c825008613da0d28927beedf70347e8c587919622986ea"", ""token_outcomes"": {""16064732961060464206410973963010495085847139624042137137488245906350098278662"": ""NO"", ""8788078381420258083261142063663817360221102955602431425097176557848892993290"": ""YES""}, ""trade_pages_capped"": false, ""yes_token_id"": ""8788078381420258083261142063663817360221102955602431425097176557848892993290""}",1,0,0,0
polymarket,polymarket:3350350,3350350,5,2026-08-25T11:05:34.415000Z,2026-09-05T05:32:46.258285Z,2026-09-05T05:32:46.258285Z,3089,0,2026-08-25T11:10:26Z,2026-09-05T05:30:20Z,,,5,polymarket_clob_yes_market_price_history,,complete,,,False,False,"{""condition_id"": ""0x551e76bce104625d0f2e86924c681a52ef47257369d5705695d4c5b8cdbb0162"", ""token_outcomes"": {""100643318770688920040804934601293147520453216226353672058215993907395707069233"": ""YES"", ""47224428235579799913268199594462186861516310816882570774078894635609562488551"": ""NO""}, ""trade_pages_capped"": false, ""yes_token_id"": ""100643318770688920040804934601293147520453216226353672058215993907395707069233""}",5,4,4,3
polymarket,polymarket:3350352,3350352,5,2026-08-24T19:39:25.510000Z,2026-09-05T05:32:46.258285Z,2026-09-05T05:32:46.258285Z,3276,0,2026-08-24T19:40:18Z,2026-09-05T05:30:17Z,,,5,polymarket_clob_yes_market_price_history,,complete,,,False,False,"{""condition_id"": ""0x0f518aeac3e84e3caa3897d0f36b34fb8340af29277961c4f6c99d070bdb2c8e"", ""token_outcomes"": {""14977585690017505569490609704168662083526344532463094518856501097963317325924"": ""NO"", ""70935963541982727947543326195778178377677030252132728542425570420421777229315"": ""YES""}, ""trade_pages_capped"": false, ""yes_token_id"": ""70935963541982727947543326195778178377677030252132728542425570420421777229315""}",5,4,4,3
polymarket,polymarket:3358720,3358720,1,2026-08-24T22:42:34.221000Z,2026-09-02T22:42:34.221000Z,2026-09-01T22:42:34.221000Z,2582,0,2026-08-24T22:45:12Z,2026-09-02T22:40:14Z,,,1,polymarket_clob_yes_market_price_history,,complete,,,False,False,"{""condition_id"": ""0xf9d0065a787c87164795c89f9de0b6fd832bc60b2bf7dcf663ac54a7be4802b4"", ""token_outcomes"": {""29913492815808282576776171315007557911668296216900429010305152484443932266049"": ""NO"", ""77027397980391277397513522355031604533890151363282815925834459907404127741788"": ""YES""}, ""trade_pages_capped"": false, ""yes_token_id"": ""77027397980391277397513522355031604533890151363282815925834459907404127741788""}",1,1,1,1
polymarket,polymarket:3372745,3372745,4,2026-08-24T22:17:36.930000Z,2026-09-04T23:55:41.802000Z,2026-09-03T23:55:41.802000Z,3178,0,2026-08-24T22:20:13Z,2026-09-04T23:55:15Z,,,4,polymarket_clob_yes_market_price_history,,complete,,,False,False,"{""condition_id"": ""0xc04f9aec719287435df8267da59ddc825f7d1f076cd4078554a70160e04fdb46"", ""token_outcomes"": {""45681419501727432149522475937464248601907707153656228108744494495267199657268"": ""YES"", ""75900845287799547615368452877294884856883030692376741195015801935922254264792"": ""NO""}, ""trade_pages_capped"": false, ""yes_token_id"": ""45681419501727432149522475937464248601907707153656228108744494495267199657268""}",4,4,4,4
polymarket,polymarket:3379789,3379789,3,2026-08-24T22:39:59.910000Z,2026-09-03T18:35:33.524000Z,2026-09-02T18:35:33.524000Z,2822,0,2026-08-24T22:40:14Z,2026-09-03T18:35:22Z,,,3,polymarket_clob_yes_market_price_history,,complete,,,False,False,"{""condition_id"": ""0xd057d6d4326e89bd33545af4ca650c474fab86cb87490902a5c5a29e34b21f99"", ""token_outcomes"": {""2478108234624998347979419587546336139272700899365964032600347332479239452246"": ""NO"", ""49012212898427200427683367651252118045679382387582392018450794553793824751081"": ""YES""}, ""trade_pages_capped"": false, ""yes_token_id"": ""49012212898427200427683367651252118045679382387582392018450794553793824751081""}",3,3,3,3
polymarket,polymarket:3383654,3383654,1,2026-08-24T17:41:56.362000Z,2026-09-02T17:41:56.362000Z,2026-09-01T17:41:56.362000Z,2081,0,2026-08-24T17:45:10Z,2026-08-31T23:15:13Z,,,1,polymarket_clob_yes_market_price_history,,complete,,,False,False,"{""condition_id"": ""0x9a3ff64dc7b27e7f084e9e87a23bd02d5299fd102108f370a58fcbac51963dc4"", ""token_outcomes"": {""107273775676449200979927456535236791831772322945131072060581391551237363891341"": ""YES"", ""97105527431188045478584146018498991025879277471046109569952579249024584903275"": ""NO""}, ""trade_pages_capped"": false, ""yes_token_id"": ""107273775676449200979927456535236791831772322945131072060581391551237363891341""}",1,1,1,0
polymarket,polymarket:3393069,3393069,7,2026-08-24T22:16:06.342000Z,2026-09-05T05:32:46.258285Z,2026-09-05T05:32:46.258285Z,3245,0,2026-08-24T22:20:13Z,2026-09-05T05:30:16Z,,,7,polymarket_clob_yes_market_price_history,,complete,,,False,False,"{""condition_id"": ""0x255384774c05718ae95522d0f836ae1408c16ee877a4ddf047bcb03eeee93a51"", ""token_outcomes"": {""40721599646000753777322788317090710390964834983358917124920523623864988529671"": ""YES"", ""90697389197736971156351503122329386785294776354617519456309561837089821373873"": ""NO""}, ""trade_pages_capped"": false, ""yes_token_id"": ""40721599646000753777322788317090710390964834983358917124920523623864988529671""}",7,7,7,6
polymarket,polymarket:3393165,3393165,2,2026-08-26T21:58:55.392000Z,2026-09-05T01:19:50.470000Z,2026-09-04T01:19:50.470000Z,2620,0,2026-08-26T22:00:20Z,2026-09-05T01:15:17Z,,,2,polymarket_clob_yes_market_price_history,,complete,,,False,False,"{""condition_id"": ""0x7166c469e872045af1f6621c33fb8109a69a3e2c16624db87aeb9a033dd1417e"", ""token_outcomes"": {""31363254046507720818727755108222865694971473047986086243099280233980758292567"": ""NO"", ""43519153331685441247890489935392982100503948147022319719561417456521370621591"": ""YES""}, ""trade_pages_capped"": false, ""yes_token_id"": ""43519153331685441247890489935392982100503948147022319719561417456521370621591""}",2,2,2,2
polymarket,polymarket:3399197,3399197,7,2026-08-24T22:34:34.491000Z,2026-09-05T00:53:07.315000Z,2026-09-04T00:53:07.315000Z,3184,0,2026-08-24T22:35:12Z,2026-09-05T00:50:15Z,,,7,polymarket_clob_yes_market_price_history,,complete,,,False,False,"{""condition_id"": ""0x2f112a1cd954debe3438caac411ca4395cc53be0e1580a5802ab42618b94aff7"", ""token_outcomes"": {""34349914026097401057128861099057880661380967396881948920123251373255308524355"": ""YES"", ""71234862251672757371948659116461055704827525552888146795032051912250820474179"": ""NO""}, ""trade_pages_capped"": false, ""yes_token_id"": ""34349914026097401057128861099057880661380967396881948920123251373255308524355""}",7,7,7,7
polymarket,polymarket:3399458,3399458,3,2026-08-24T22:27:17.714000Z,2026-09-04T21:39:56.170000Z,2026-09-03T21:39:56.170000Z,3146,0,2026-08-24T22:30:33Z,2026-09-04T21:35:30Z,,,3,polymarket_clob_yes_market_price_history,,complete,,,False,False,"{""condition_id"": ""0x524ce344b80a160c237d91a33efdd8b82468b0dc0d33f60d500f8bf69b80b8bb"", ""token_outcomes"": {""110124369154659006328320349797831539154282530245624469518430389053088403535939"": ""YES"", ""27584284826455438094347446510379196256289720442108190871721085592324191711749"": ""NO""}, ""trade_pages_capped"": false, ""yes_token_id"": ""110124369154659006328320349797831539154282530245624469518430389053088403535939""}",3,3,3,3
polymarket,polymarket:3399459,3399459,9,2026-08-24T22:27:17.714000Z,2026-09-05T05:32:46.258285Z,2026-09-04T21:16:58.355000Z,3241,0,2026-08-24T22:30:32Z,2026-09-05T05:30:18Z,,,9,polymarket_clob_yes_market_price_history,,complete,,,False,False,"{""condition_id"": ""0xc3d5708780de5528998aeb53ca90e7ade64804f9f2386392a681435d5c42b44d"", ""token_outcomes"": {""34386684966925037477701889915132575610574649191623462027976379158560146275115"": ""NO"", ""36595575197199846398267481972385180643951985822505187477756829088194676076340"": ""YES""}, ""trade_pages_capped"": false, ""yes_token_id"": ""36595575197199846398267481972385180643951985822505187477756829088194676076340""}",9,9,9,9
polymarket,polymarket:3399473,3399473,2,2026-08-24T22:40:35.535000Z,2026-09-02T23:01:42.121000Z,2026-09-01T23:01:42.121000Z,2585,0,2026-08-24T22:45:12Z,2026-09-02T23:00:16Z,,,2,polymarket_clob_yes_market_price_history,,complete,,,False,False,"{""condition_id"": ""0x6b6fc067a481ea2426eab480e4041751f2d21b3af575e08be54d20f6dcdfe783"", ""token_outcomes"": {""22227662999284388929721876092506812981798617938529933916398041130249411166581"": ""NO"", ""44007830652896102192190752247260840647145635365565932624201614697565663183502"": ""YES""}, ""trade_pages_capped"": false, ""yes_token_id"": ""44007830652896102192190752247260840647145635365565932624201614697565663183502""}",2,2,2,2
polymarket,polymarket:3479999,3479999,5,2026-08-26T22:48:44.407000Z,2026-09-05T05:32:46.258285Z,2026-09-05T05:32:46.258285Z,2661,0,2026-08-26T22:50:20Z,2026-09-05T05:30:18Z,,,5,polymarket_clob_yes_market_price_history,,complete,,,False,False,"{""condition_id"": ""0x5000db8fa7252c00b65280a0c601d494e6765a464ca0842bc256d57e7e128245"", ""token_outcomes"": {""30304620390165525957895369784707930500431458976443713657403052472376357712763"": ""NO"", ""89978116674613774026158652509003927432922802335027059564691128940422459889155"": ""YES""}, ""trade_pages_capped"": false, ""yes_token_id"": ""89978116674613774026158652509003927432922802335027059564691128940422459889155""}",5,5,5,4
polymarket,polymarket:3491474,3491474,6,2026-08-24T22:28:27.376000Z,2026-09-05T05:32:46.258285Z,2026-09-04T09:17:49.534000Z,3243,0,2026-08-24T22:30:27Z,2026-09-05T05:30:13Z,,,6,polymarket_clob_yes_market_price_history,,complete,,,False,False,"{""condition_id"": ""0xde64f0c49c7b26baa1ed2ebb7097574de5532c2237b779ab9b415e822c12a0a0"", ""token_outcomes"": {""54535939936252494990237723579988336237910336281008291808351435211825298252708"": ""NO"", ""68003608521015222679268138757769131071496782683879354114198876947977145147842"": ""YES""}, ""trade_pages_capped"": false, ""yes_token_id"": ""68003608521015222679268138757769131071496782683879354114198876947977145147842""}",6,6,6,6
polymarket,polymarket:3499322,3499322,3,2026-08-26T22:16:09.361000Z,2026-09-05T05:32:46.258285Z,2026-09-05T00:11:46.700000Z,2667,0,2026-08-26T22:20:14Z,2026-09-05T05:30:17Z,,,3,polymarket_clob_yes_market_price_history,,complete,,,False,False,"{""condition_id"": ""0x4fe2ad1ce65930f3e8ead4bb9952386373dde56fcb2535c20160c7c92d4ac8e7"", ""token_outcomes"": {""32043419027878889512953520448280133245981719980329184711917702067632520596056"": ""YES"", ""73358936184726536190516371226158996956497063844479964972656466851527637774138"": ""NO""}, ""trade_pages_capped"": false, ""yes_token_id"": ""32043419027878889512953520448280133245981719980329184711917702067632520596056""}",3,3,3,3
polymarket,polymarket:3499453,3499453,5,2026-08-26T22:04:05.394000Z,2026-09-05T05:01:06.277000Z,2026-09-04T05:01:06.277000Z,2664,0,2026-08-26T22:05:27Z,2026-09-05T05:00:18Z,,,5,polymarket_clob_yes_market_price_history,,complete,,,False,False,"{""condition_id"": ""0x408d41fccaa94a40b0dfb3b786e379a138c9d87657953f64ef76827df599918d"", ""token_outcomes"": {""27222569747189818400861640004352672734676198263093232969976399089982030580127"": ""YES"", ""72596844882722077304367514017064395111613237112838540737610785556727598079396"": ""NO""}, ""trade_pages_capped"": false, ""yes_token_id"": ""27222569747189818400861640004352672734676198263093232969976399089982030580127""}",5,5,5,5
polymarket,polymarket:3499559,3499559,2,2026-08-26T22:24:47.672000Z,2026-09-05T05:32:46.258285Z,2026-09-04T06:39:10.926000Z,2666,0,2026-08-26T22:25:42Z,2026-09-05T05:30:19Z,,,2,polymarket_clob_yes_market_price_history,,complete,,,False,False,"{""condition_id"": ""0xdfb86000c82d99ab3c75ac8bb661e4999b7ffb073e2598c678f5a85b70fdbc3f"", ""token_outcomes"": {""25824300404316967435944100717730643862740002709013586343659115746231446080161"": ""YES"", ""47005265715113436503422410865251022637367392056280497660441707542125412835303"": ""NO""}, ""trade_pages_capped"": false, ""yes_token_id"": ""25824300404316967435944100717730643862740002709013586343659115746231446080161""}",2,2,2,2
polymarket,polymarket:3499640,3499640,1,2026-08-26T22:06:54.310000Z,2026-09-04T22:06:54.310000Z,2026-09-03T22:06:54.310000Z,2580,0,2026-08-26T22:10:14Z,2026-09-04T22:05:17Z,,,1,polymarket_clob_yes_market_price_history,,complete,,,False,False,"{""condition_id"": ""0x3d28ff1028dd7ebfcde50c0c0208539e148e84011fc3de3a0e1255cc818e5692"", ""token_outcomes"": {""54214938540662086375817975292056699746005933035328239334788285122093043162841"": ""NO"", ""99079879199508977210399116265642912651605607207781527033047545331663690308836"": ""YES""}, ""trade_pages_capped"": false, ""yes_token_id"": ""99079879199508977210399116265642912651605607207781527033047545331663690308836""}",1,1,1,1
polymarket,polymarket:3502067,3502067,6,2026-08-24T13:21:12.405000Z,2026-09-04T21:21:01.789000Z,2026-09-03T21:21:01.789000Z,3254,0,2026-08-24T13:25:12Z,2026-09-04T21:20:11Z,,,6,polymarket_clob_yes_market_price_history,,complete,,,False,False,"{""condition_id"": ""0x9a8f30ef0604e608aff86ae82420ab1d7d7b78d5880a838bcdd30999e97cf7be"", ""token_outcomes"": {""40992608742095516593469609640987236130377497877936724703049557017319001895233"": ""YES"", ""60299378309319428086356115072995922944023021717565864839591443575481013812245"": ""NO""}, ""trade_pages_capped"": false, ""yes_token_id"": ""40992608742095516593469609640987236130377497877936724703049557017319001895233""}",6,6,6,6
polymarket,polymarket:3503314,3503314,1,2026-08-26T22:20:11.555000Z,2026-09-04T22:20:11.555000Z,2026-09-03T22:20:11.555000Z,2582,0,2026-08-26T22:20:14Z,2026-09-04T22:15:15Z,,,1,polymarket_clob_yes_market_price_history,,complete,,,False,False,"{""condition_id"": ""0x7d7a5a1824571b55728a73ffb1666c07eee786ecc811bd084367e05a1bd38806"", ""token_outcomes"": {""10364179379516139875811336434920805118490600353471266889887949654647087581148"": ""YES"", ""20933222715663249886721405462861217340975588274849975936014864877255739669337"": ""NO""}, ""trade_pages_capped"": false, ""yes_token_id"": ""10364179379516139875811336434920805118490600353471266889887949654647087581148""}",1,1,1,1
polymarket,polymarket:3504098,3504098,4,2026-08-24T22:16:36.229000Z,2026-09-05T00:00:39.864000Z,2026-09-04T00:00:39.864000Z,3179,0,2026-08-24T22:20:12Z,2026-09-05T00:00:16Z,,,4,polymarket_clob_yes_market_price_history,,complete,,,False,False,"{""condition_id"": ""0x87335e877a46e289636d66bda62f4e950dd2e3b63ade63ed8481b34c06349b1a"", ""token_outcomes"": {""65687570482580264157408284185372605615450136597373158301557436200265545057819"": ""NO"", ""89412363520320292775393527123928064360465929570689477273645914506192139825240"": ""YES""}, ""trade_pages_capped"": false, ""yes_token_id"": ""89412363520320292775393527123928064360465929570689477273645914506192139825240""}",4,4,4,4
polymarket,polymarket:3504099,3504099,7,2026-08-24T22:34:51.143000Z,2026-09-05T05:17:26.529000Z,2026-09-04T05:17:26.529000Z,3238,0,2026-08-24T22:35:11Z,2026-09-05T05:15:23Z,,,7,polymarket_clob_yes_market_price_history,,complete,,,False,False,"{""condition_id"": ""0xd4a0412f91ddb4bb4062bf563c360cb2645adce35c1395a6d5bf439afe9cd6ac"", ""token_outcomes"": {""74992885723500969082099636683734690315873034944073788160350685586140474641412"": ""YES"", ""98607291656145724840946714271852256895489792837874100580112470045554450350724"": ""NO""}, ""trade_pages_capped"": false, ""yes_token_id"": ""74992885723500969082099636683734690315873034944073788160350685586140474641412""}",7,7,7,7
polymarket,polymarket:3517831,3517831,1,2026-08-24T22:28:15.111000Z,2026-09-02T22:28:15.111000Z,2026-09-01T22:28:15.111000Z,2106,0,2026-08-24T22:30:27Z,2026-09-01T06:00:16Z,,,1,polymarket_clob_yes_market_price_history,,complete,,,False,False,"{""condition_id"": ""0xd4b3e80850d3acafa47364f5b4ea5adc66b476df89dcb37de8a620853bd34e8b"", ""token_outcomes"": {""30692329716414776866817402814902600530605621744468182625786456450984637567038"": ""NO"", ""70330786496367368125004611567185769535677942218528811609870147986738506076073"": ""YES""}, ""trade_pages_capped"": false, ""yes_token_id"": ""70330786496367368125004611567185769535677942218528811609870147986738506076073""}",1,1,1,0
polymarket,polymarket:3543003,3543003,1,2026-08-24T13:13:57.729000Z,2026-09-02T13:13:57.729000Z,2026-09-01T13:13:57.729000Z,2581,0,2026-08-24T13:15:11Z,2026-09-02T13:10:12Z,,,1,polymarket_clob_yes_market_price_history,,complete,,,False,False,"{""condition_id"": ""0x19f90984858aab1bc67d12c6c05426862de65bc948b9953cf8ec1b312f81c72f"", ""token_outcomes"": {""15128684493815956555987234560834999130012682900516607242976650679361489717409"": ""YES"", ""21260760994274353526044853280298942566796969821827555269483450973984632303895"": ""NO""}, ""trade_pages_capped"": false, ""yes_token_id"": ""15128684493815956555987234560834999130012682900516607242976650679361489717409""}",1,1,1,1
polymarket,polymarket:3554127,3554127,1,2026-08-25T13:39:34.823000Z,2026-09-03T13:39:34.823000Z,2026-09-02T13:39:34.823000Z,2581,0,2026-08-25T13:40:11Z,2026-09-03T13:35:11Z,,,1,polymarket_clob_yes_market_price_history,,complete,,,False,False,"{""condition_id"": ""0xbdc635d467824a385ac7d3bce40f08095da521f398d0dc5af77cefd3b213c4d0"", ""token_outcomes"": {""10278309515826013720947021181047243145790430251501291787827739860532301556788"": ""YES"", ""1260927412717661350144972469608627268382942645841157363732885092639221879410"": ""NO""}, ""trade_pages_capped"": false, ""yes_token_id"": ""10278309515826013720947021181047243145790430251501291787827739860532301556788""}",1,1,1,1
polymarket,polymarket:3554548,3554548,1,2026-08-25T14:13:11.445000Z,2026-09-03T14:13:11.445000Z,2026-09-02T14:13:11.445000Z,2581,0,2026-08-25T14:15:14Z,2026-09-03T14:10:22Z,,,1,polymarket_clob_yes_market_price_history,,complete,,,False,False,"{""condition_id"": ""0xfe990a9fae13a3efbc2bb21684d129d6fb94b7f2336325515bfb17802bd44f7f"", ""token_outcomes"": {""58303097180947736953285193875575351577484018073942647648409092202156176467204"": ""YES"", ""587736029274900961172417556501217964045634085785707069690890187573479899138"": ""NO""}, ""trade_pages_capped"": false, ""yes_token_id"": ""58303097180947736953285193875575351577484018073942647648409092202156176467204""}",1,1,1,1
polymarket,polymarket:3554657,3554657,3,2026-08-26T22:04:11.263000Z,2026-09-05T05:32:46.258285Z,2026-09-04T16:13:32.060000Z,2672,0,2026-08-26T22:05:24Z,2026-09-05T05:30:14Z,,,3,polymarket_clob_yes_market_price_history,,complete,,,False,False,"{""condition_id"": ""0x8091d617a6b1a70847d357f59b7d1d303b7599d376ba92729705e233b3716940"", ""token_outcomes"": {""17398972530137600675762712744895375915722542439211248541948693649429200536957"": ""YES"", ""85377241479106312434941600365981690112200050573592763839850833219429995374007"": ""NO""}, ""trade_pages_capped"": false, ""yes_token_id"": ""17398972530137600675762712744895375915722542439211248541948693649429200536957""}",3,3,3,3
polymarket,polymarket:3561916,3561916,1,2026-08-26T22:19:06.365000Z,2026-09-04T22:19:06.365000Z,2026-09-03T22:19:06.365000Z,2581,0,2026-08-26T22:20:12Z,2026-09-04T22:15:12Z,,,1,polymarket_clob_yes_market_price_history,,complete,,,False,False,"{""condition_id"": ""0xfd4a02ff6ae7488fec1e7703398befc1aa4e24d7517261345c3f2379e8441d9a"", ""token_outcomes"": {""111298138377563993092134225975136320189301451429785490480960975987235797764793"": ""YES"", ""8198474575022344752511692459785490408590205557749020258510265116504208182302"": ""NO""}, ""trade_pages_capped"": false, ""yes_token_id"": ""111298138377563993092134225975136320189301451429785490480960975987235797764793""}",1,1,1,1
polymarket,polymarket:3562235,3562235,1,2026-08-26T22:11:20.930000Z,2026-09-04T22:11:20.930000Z,2026-09-03T22:11:20.930000Z,2581,0,2026-08-26T22:15:16Z,2026-09-04T22:10:28Z,,,1,polymarket_clob_yes_market_price_history,,complete,,,False,False,"{""condition_id"": ""0xb3804733212765a88d94de21d0e0434ce453e7c39c64b1ac69e56dbf32c954e9"", ""token_outcomes"": {""101937734913631974610277211837661392894274934995967408564821834276542212328240"": ""YES"", ""73731166220557315977482393747623704499754351546147280489309809654628881261674"": ""NO""}, ""trade_pages_capped"": false, ""yes_token_id"": ""101937734913631974610277211837661392894274934995967408564821834276542212328240""}",1,1,1,1
polymarket,polymarket:3562236,3562236,1,2026-08-26T22:46:13.391000Z,2026-09-04T22:46:13.391000Z,2026-09-03T22:46:13.391000Z,2582,0,2026-08-26T22:50:17Z,2026-09-04T22:45:16Z,,,1,polymarket_clob_yes_market_price_history,,complete,,,False,False,"{""condition_id"": ""0x35e937709794b25202be03105093aef831d7532d3252bfa11a6f51da10a395df"", ""token_outcomes"": {""24202442957019196017081698246499895180158615177287509625999858273864320023142"": ""NO"", ""99651778517916963441459208598519583860483475242015325647224805941293647284639"": ""YES""}, ""trade_pages_capped"": false, ""yes_token_id"": ""99651778517916963441459208598519583860483475242015325647224805941293647284639""}",1,1,1,1
polymarket,polymarket:3562237,3562237,1,2026-08-26T22:43:51.246000Z,2026-09-04T22:43:51.246000Z,2026-09-03T22:43:51.246000Z,2582,0,2026-08-26T22:45:14Z,2026-09-04T22:40:14Z,,,1,polymarket_clob_yes_market_price_history,,complete,,,False,False,"{""condition_id"": ""0x9808730a8bbfe89e17269ca089880b3d5e6797ff795509ced55eb42f332a1cbf"", ""token_outcomes"": {""56995288832413186358894543100188042007625090727054735140597102533014993658886"": ""NO"", ""90810844147678618792127649990617155066860651809053371749397688811834026822499"": ""YES""}, ""trade_pages_capped"": false, ""yes_token_id"": ""90810844147678618792127649990617155066860651809053371749397688811834026822499""}",1,1,1,1
polymarket,polymarket:3562249,3562249,1,2026-08-26T22:35:33.532000Z,2026-09-04T22:35:33.532000Z,2026-09-03T22:35:33.532000Z,2582,0,2026-08-26T22:40:15Z,2026-09-04T22:35:15Z,,,1,polymarket_clob_yes_market_price_history,,complete,,,False,False,"{""condition_id"": ""0xf3f42aab7e17a351281557da44e3115efc124ad9f66b7d3b5a9e56a3cfaec407"", ""token_outcomes"": {""20608235872370650563240642883952032932436405088483360004516988866613476197836"": ""NO"", ""49578221819290988476890893513966193116538325980334248538540126173225958565965"": ""YES""}, ""trade_pages_capped"": false, ""yes_token_id"": ""49578221819290988476890893513966193116538325980334248538540126173225958565965""}",1,1,1,1
polymarket,polymarket:3562250,3562250,1,2026-08-26T22:13:58.218000Z,2026-09-04T22:13:58.218000Z,2026-09-03T22:13:58.218000Z,2580,0,2026-08-26T22:15:17Z,2026-09-04T22:10:29Z,,,1,polymarket_clob_yes_market_price_history,,complete,,,False,False,"{""condition_id"": ""0x8d8d5999f58c14294dbf62c6dd06eb9ca1b7b3311d1e4c83522db5aaad01982a"", ""token_outcomes"": {""30120544815789429593358949020619732999118617448941458362219732075050387267416"": ""NO"", ""48747121763683369703628724804387872882799850194094560494985265604274150330408"": ""YES""}, ""trade_pages_capped"": false, ""yes_token_id"": ""48747121763683369703628724804387872882799850194094560494985265604274150330408""}",1,1,1,1
polymarket,polymarket:3562256,3562256,1,2026-08-26T22:23:40.176000Z,2026-09-04T22:23:40.176000Z,2026-09-03T22:23:40.176000Z,2580,0,2026-08-26T22:25:45Z,2026-09-04T22:20:18Z,,,1,polymarket_clob_yes_market_price_history,,complete,,,False,False,"{""condition_id"": ""0x02a8918bb36b9834d4c67f25d058d97d7a196215b45eefb2c4d6ee9ca58e77e3"", ""token_outcomes"": {""75987970296113334102211548722663972850867277398713070619547596991018781001832"": ""YES"", ""92090050276523033238668214657635291045352874287080626529687745755610086499768"": ""NO""}, ""trade_pages_capped"": false, ""yes_token_id"": ""75987970296113334102211548722663972850867277398713070619547596991018781001832""}",1,1,1,1
polymarket,polymarket:3562309,3562309,2,2026-08-26T22:37:42.896000Z,2026-09-05T05:32:46.258285Z,2026-09-04T06:39:10.926000Z,2665,0,2026-08-26T22:40:15Z,2026-09-05T05:30:15Z,,,2,polymarket_clob_yes_market_price_history,,complete,,,False,False,"{""condition_id"": ""0xe6f43b58c977048e954f71297d4b2ad4f4f9828b636c6ef0f5da75f871d33e17"", ""token_outcomes"": {""108300806370587581102323768572030496562708777703030192474292401308537096681941"": ""NO"", ""17953700445327584733489162383235081508172388230581445657532827224341988990564"": ""YES""}, ""trade_pages_capped"": false, ""yes_token_id"": ""17953700445327584733489162383235081508172388230581445657532827224341988990564""}",2,2,2,2
polymarket,polymarket:3572776,3572776,1,2026-08-25T14:16:06.500000Z,2026-09-03T14:16:06.500000Z,2026-09-02T14:16:06.500000Z,2582,0,2026-08-25T14:20:12Z,2026-09-03T14:15:13Z,,,1,polymarket_clob_yes_market_price_history,,complete,,,False,False,"{""condition_id"": ""0x8551feaa3686055daf51aab30b996edc01cbbd91d8e75ae1b6bda4fd03f10dae"", ""token_outcomes"": {""20931715326708136432177283393277984882991201566305977678396042002697935722192"": ""YES"", ""7445752042449845563600219842797468048431904591118706144637614208005700528888"": ""NO""}, ""trade_pages_capped"": false, ""yes_token_id"": ""20931715326708136432177283393277984882991201566305977678396042002697935722192""}",1,1,1,1
polymarket,polymarket:3660775,3660775,4,2026-08-24T22:12:04.739000Z,2026-09-05T00:04:59.331000Z,2026-09-04T00:04:59.331000Z,3179,0,2026-08-24T22:15:11Z,2026-09-05T00:00:14Z,,,4,polymarket_clob_yes_market_price_history,,complete,,,False,False,"{""condition_id"": ""0xde60bc3efdb6494e316aa5b70dd2ac225492cb6f45b57644e3c1361084da1100"", ""token_outcomes"": {""47086365027874923982538702278435160341582550254541306831448144214147200128078"": ""NO"", ""99561626624048873641886116612303265152194479665280636724143931987846319711076"": ""YES""}, ""trade_pages_capped"": false, ""yes_token_id"": ""99561626624048873641886116612303265152194479665280636724143931987846319711076""}",4,4,4,4
polymarket,polymarket:3662194,3662194,1,2026-08-27T00:13:52.764000Z,2026-09-05T00:13:52.764000Z,2026-09-04T00:13:52.764000Z,2581,0,2026-08-27T00:15:12Z,2026-09-05T00:10:12Z,,,1,polymarket_clob_yes_market_price_history,,complete,,,False,False,"{""condition_id"": ""0x11a062dda5569b24dcc2cb2a870a321689c2f3e04662914e9fefa8e749edeed3"", ""token_outcomes"": {""102050121716804618505709502676268834213280240345451506004789637416060964517139"": ""YES"", ""95662906027124622553201100669717619119844875124245003849602728972562068401578"": ""NO""}, ""trade_pages_capped"": false, ""yes_token_id"": ""102050121716804618505709502676268834213280240345451506004789637416060964517139""}",1,1,1,1
polymarket,polymarket:3667936,3667936,2,2026-08-25T14:05:28.122000Z,2026-09-04T22:27:19.724000Z,2026-09-03T22:27:19.724000Z,2968,0,2026-08-25T14:10:21Z,2026-09-04T22:25:16Z,,,2,polymarket_clob_yes_market_price_history,,complete,,,False,False,"{""condition_id"": ""0xcfdf507e7677114ebd2da6371b167c8e2f19b1a048f1b9f92f139c9553fc9364"", ""token_outcomes"": {""1214967076451275013672475918960686119453200658385335239904081669203510660137"": ""YES"", ""45616597027927994404486413287361000068169599668527207960164030011513161114219"": ""NO""}, ""trade_pages_capped"": false, ""yes_token_id"": ""1214967076451275013672475918960686119453200658385335239904081669203510660137""}",2,2,2,2
polymarket,polymarket:3669895,3669895,4,2026-08-25T14:10:02.749000Z,2026-09-05T05:32:46.258285Z,2026-09-04T07:44:21.427000Z,3053,0,2026-08-25T14:10:24Z,2026-09-05T05:30:19Z,,,4,polymarket_clob_yes_market_price_history,,complete,,,False,False,"{""condition_id"": ""0xbdefa3daa643bbcd8591f23e39086253bca68fb9fd01d9d99b8f37c63c250572"", ""token_outcomes"": {""5174646645356014952771791665411170483843736374294038581493590001541313459663"": ""YES"", ""8802960509020101078648300493536432894872521550683717502656134457340481510091"": ""NO""}, ""trade_pages_capped"": false, ""yes_token_id"": ""5174646645356014952771791665411170483843736374294038581493590001541313459663""}",4,4,4,4
polymarket,polymarket:3685354,3685354,3,2026-08-27T00:14:48.338000Z,2026-09-05T05:32:46.258285Z,2026-09-04T07:10:16.703000Z,2644,0,2026-08-27T00:15:15Z,2026-09-05T05:30:20Z,,,3,polymarket_clob_yes_market_price_history,,complete,,,False,False,"{""condition_id"": ""0x6b0142f2a37f6d576452e7c2a98a46fdca2ab0ed309a2edc3d160c6f2dcb8d0a"", ""token_outcomes"": {""55018570536153079869023258257645640645262699220925241854884953806674907476512"": ""NO"", ""72758683267662289075531312858876324103486434793798274167402323800728831948427"": ""YES""}, ""trade_pages_capped"": false, ""yes_token_id"": ""72758683267662289075531312858876324103486434793798274167402323800728831948427""}",3,3,3,3
polymarket,polymarket:3698018,3698018,2,2026-08-24T22:45:22.442000Z,2026-09-03T14:07:44.149000Z,2026-09-02T14:07:44.149000Z,2765,0,2026-08-24T22:50:24Z,2026-09-03T14:05:15Z,,,2,polymarket_clob_yes_market_price_history,,complete,,,False,False,"{""condition_id"": ""0x4a024938674fc15596e49ca20d953ed1af596c1bb1756bf9dfa20e92ebc6049f"", ""token_outcomes"": {""105359734841846745046435360654539987671887183049060832689158282685936168310577"": ""NO"", ""40975707779155764849102791492647218336463248414936908012401419510958217040944"": ""YES""}, ""trade_pages_capped"": false, ""yes_token_id"": ""40975707779155764849102791492647218336463248414936908012401419510958217040944""}",2,2,2,2
polymarket,polymarket:3702045,3702045,2,2026-08-25T13:38:30.968000Z,2026-09-03T14:37:09.375000Z,2026-09-02T14:37:09.375000Z,2593,0,2026-08-25T13:40:14Z,2026-09-03T14:35:16Z,,,2,polymarket_clob_yes_market_price_history,,complete,,,False,False,"{""condition_id"": ""0x71dd44fa5059fbed28a279172185d3623aa34ce86be1936281df26b5d1b87200"", ""token_outcomes"": {""94770042529883309392255966715551132169012522769091385480819155582901630638873"": ""YES"", ""99862408480091690818712580390739372269388074326995957034508591909408581976106"": ""NO""}, ""trade_pages_capped"": false, ""yes_token_id"": ""94770042529883309392255966715551132169012522769091385480819155582901630638873""}",2,2,2,2
polymarket,polymarket:3708871,3708871,1,2026-08-26T22:36:41.262000Z,2026-09-04T22:36:41.262000Z,2026-09-03T22:36:41.262000Z,2580,0,2026-08-26T22:40:19Z,2026-09-04T22:35:17Z,,,1,polymarket_clob_yes_market_price_history,,complete,,,False,False,"{""condition_id"": ""0x14bfdb57d127a7a0bf192bdff469a3e51258826e0601c21354269ec61097a6e2"", ""token_outcomes"": {""111537860153550996302420822828229982982350690586820413673553564190144563308597"": ""NO"", ""31199824410246657524980551905698889504160688270434944532280094082401834798720"": ""YES""}, ""trade_pages_capped"": false, ""yes_token_id"": ""31199824410246657524980551905698889504160688270434944532280094082401834798720""}",1,1,1,1
polymarket,polymarket:3710795,3710795,1,2026-08-26T22:28:01.350000Z,2026-09-04T22:28:01.350000Z,2026-09-03T22:28:01.350000Z,2582,0,2026-08-26T22:30:27Z,2026-09-04T22:25:14Z,,,1,polymarket_clob_yes_market_price_history,,complete,,,False,False,"{""condition_id"": ""0xcced27f4c19a395cf53b9d7cb31e3a173402e425b990cfaa886700005fac369a"", ""token_outcomes"": {""17228778746929240855410120898881901489361491411663382162595059382932329819402"": ""NO"", ""33641891867519494474804327364839134776261716935076312779062854519554859072521"": ""YES""}, ""trade_pages_capped"": false, ""yes_token_id"": ""33641891867519494474804327364839134776261716935076312779062854519554859072521""}",1,1,1,1
polymarket,polymarket:3710800,3710800,1,2026-08-24T13:14:22.657000Z,2026-09-02T13:14:22.657000Z,2026-09-01T13:14:22.657000Z,2580,0,2026-08-24T13:15:13Z,2026-09-02T13:10:14Z,,,1,polymarket_clob_yes_market_price_history,,complete,,,False,False,"{""condition_id"": ""0x5905c2d141c39cba83bfab967cbaa3b0226cd095bb2400bbb63cabc12513416e"", ""token_outcomes"": {""20333829331587760108113538260147086784164623154062564106236440352973914438232"": ""NO"", ""22213271031626525023653493802582231516051934468384433677097948685225851978765"": ""YES""}, ""trade_pages_capped"": false, ""yes_token_id"": ""22213271031626525023653493802582231516051934468384433677097948685225851978765""}",1,1,1,1
polymarket,polymarket:3711095,3711095,1,2026-08-24T11:00:00.614000Z,2026-09-02T11:00:00.614000Z,2026-09-01T11:00:00.614000Z,2580,0,2026-08-24T11:00:16Z,2026-09-02T10:55:16Z,,,1,polymarket_clob_yes_market_price_history,,complete,,,False,False,"{""condition_id"": ""0xf29e15ae791fc2191058570c41d59dc2e68c2d40f253dfce9b978de563b22af0"", ""token_outcomes"": {""16663506472604237464048287748788621635386446048178651571467462757345604983550"": ""NO"", ""19621116182138732081463133038450913277952026867154557930335770513812580245437"": ""YES""}, ""trade_pages_capped"": false, ""yes_token_id"": ""19621116182138732081463133038450913277952026867154557930335770513812580245437""}",1,1,1,1
polymarket,polymarket:3711097,3711097,1,2026-08-26T02:08:51.915000Z,2026-09-04T02:08:51.915000Z,2026-09-03T02:08:51.915000Z,2212,0,2026-08-26T02:10:18Z,2026-09-02T19:25:16Z,,,1,polymarket_clob_yes_market_price_history,,complete,,,False,False,"{""condition_id"": ""0xf356a78eba290ca81a8f28bcad9d68595c971b72bb94fa6c104d1c5896c5066d"", ""token_outcomes"": {""113395461752575079708924173013192203920222480216433402657686953015787736654913"": ""NO"", ""73463699429604669125404956879070296623497688497270871789167204388148366332644"": ""YES""}, ""trade_pages_capped"": false, ""yes_token_id"": ""73463699429604669125404956879070296623497688497270871789167204388148366332644""}",1,1,1,0
polymarket,polymarket:3711107,3711107,1,2026-08-24T13:09:45.463000Z,2026-09-02T13:09:45.463000Z,2026-09-01T13:09:45.463000Z,2580,0,2026-08-24T13:10:28Z,2026-09-02T13:05:15Z,,,1,polymarket_clob_yes_market_price_history,,complete,,,False,False,"{""condition_id"": ""0xedb3cd6f09d585fe0a5f4c67efbd0d9270dd3abc90df08791b215718da919c93"", ""token_outcomes"": {""47971641005047164394054790243193064684875872997197491865198753737992927909348"": ""NO"", ""66058898204662027925402155621860267455958225780775432327464418945942656246481"": ""YES""}, ""trade_pages_capped"": false, ""yes_token_id"": ""66058898204662027925402155621860267455958225780775432327464418945942656246481""}",1,1,1,1
polymarket,polymarket:3719741,3719741,2,2026-08-25T13:34:07.894000Z,2026-09-04T21:47:00.844000Z,2026-09-03T21:47:00.844000Z,2969,0,2026-08-25T13:35:09Z,2026-09-04T21:45:15Z,,,2,polymarket_clob_yes_market_price_history,,complete,,,False,False,"{""condition_id"": ""0xfd155fdd279dc1f5aaa451285a2f98777fcf7d37719d630aa7918472e5d57ce2"", ""token_outcomes"": {""46823860506224273130758300745094541598747497878859270908164688978256679771702"": ""YES"", ""50277425760613980875612844983091003245613114459938090075364301146356599899133"": ""NO""}, ""trade_pages_capped"": false, ""yes_token_id"": ""46823860506224273130758300745094541598747497878859270908164688978256679771702""}",2,2,2,2
polymarket,polymarket:3741437,3741437,2,2026-08-24T22:46:04.902000Z,2026-09-04T22:04:19.790000Z,2026-09-03T22:04:19.790000Z,2930,0,2026-08-24T22:50:19Z,2026-09-04T03:45:14Z,,,2,polymarket_clob_yes_market_price_history,,complete,,,False,False,"{""condition_id"": ""0xc676325088a7935a1addfaf62b77c2b1ab4e09a65501934f417a334a086fc270"", ""token_outcomes"": {""41152694984969880310974060789799898647864586326467046237063491493328097704561"": ""YES"", ""61410955386800979996902454993507723713062778484600775237116831083687246677928"": ""NO""}, ""trade_pages_capped"": false, ""yes_token_id"": ""41152694984969880310974060789799898647864586326467046237063491493328097704561""}",2,2,2,2
polymarket,polymarket:3741669,3741669,2,2026-08-24T22:34:01.769000Z,2026-09-03T13:45:34.734000Z,2026-09-02T13:45:34.734000Z,2765,0,2026-08-24T22:35:10Z,2026-09-03T13:45:14Z,,,2,polymarket_clob_yes_market_price_history,,complete,,,False,False,"{""condition_id"": ""0xcb953a9c8dee30952e3f3307819a84abc79892a28c063368608a43ffaf961436"", ""token_outcomes"": {""49299634877465646402054516664705870582717023967252566587607120331958968258747"": ""NO"", ""68841208721123189466733267596244079238151186628537896402606051939475001873930"": ""YES""}, ""trade_pages_capped"": false, ""yes_token_id"": ""68841208721123189466733267596244079238151186628537896402606051939475001873930""}",2,2,2,2
polymarket,polymarket:3748289,3748289,2,2026-08-24T22:42:43.998000Z,2026-09-03T14:08:03.886000Z,2026-09-02T14:08:03.886000Z,2766,0,2026-08-24T22:45:15Z,2026-09-03T14:05:15Z,,,2,polymarket_clob_yes_market_price_history,,complete,,,False,False,"{""condition_id"": ""0x7742f204918829d4fd36cbdea1d8812244e57e8f541b33d1fc03ab3873f611bb"", ""token_outcomes"": {""40697562340771197690006659769422277622940500199709013626200615448576292192802"": ""NO"", ""56522763979344612796921433475460439356714732973649238041712255689074865342154"": ""YES""}, ""trade_pages_capped"": false, ""yes_token_id"": ""56522763979344612796921433475460439356714732973649238041712255689074865342154""}",2,2,2,2
polymarket,polymarket:3748340,3748340,1,2026-08-26T22:35:36.718000Z,2026-09-04T22:35:36.718000Z,2026-09-03T22:35:36.718000Z,2580,0,2026-08-26T22:40:18Z,2026-09-04T22:35:17Z,,,1,polymarket_clob_yes_market_price_history,,complete,,,False,False,"{""condition_id"": ""0x2d8f0a87720b45898f293259057169f154594b65c48eff9d623b5413419afa03"", ""token_outcomes"": {""49515993839093242467679120245276224113950092594628303483011369280269064672736"": ""NO"", ""5326444720647641689846953054631763159781995123261786077367723687790727804940"": ""YES""}, ""trade_pages_capped"": false, ""yes_token_id"": ""5326444720647641689846953054631763159781995123261786077367723687790727804940""}",1,1,1,1
polymarket,polymarket:3748341,3748341,1,2026-08-26T22:44:31.312000Z,2026-09-04T22:44:31.312000Z,2026-09-03T22:44:31.312000Z,2580,0,2026-08-26T22:45:16Z,2026-09-04T22:40:16Z,,,1,polymarket_clob_yes_market_price_history,,complete,,,False,False,"{""condition_id"": ""0xa66c403aeb544e6bb4edcab8be18a01f7e9fc6b93cd24dc85ccbc62c62976a96"", ""token_outcomes"": {""36341142165684888217287063350342240887607384631098879259077935316706243275890"": ""NO"", ""58858280667779858809685046300472531925323186322438703136610862782540193265101"": ""YES""}, ""trade_pages_capped"": false, ""yes_token_id"": ""58858280667779858809685046300472531925323186322438703136610862782540193265101""}",1,1,1,1
polymarket,polymarket:3748349,3748349,1,2026-08-26T22:43:42.196000Z,2026-09-04T22:43:42.196000Z,2026-09-03T22:43:42.196000Z,2582,0,2026-08-26T22:45:15Z,2026-09-04T22:40:15Z,,,1,polymarket_clob_yes_market_price_history,,complete,,,False,False,"{""condition_id"": ""0x7c7f3080daf11e2f2be4e0f5520c55bae5d6b2b99a1ae74bd0e873981947fce6"", ""token_outcomes"": {""108925466255620479001436767269464812773986811816103994973066918329994243927842"": ""YES"", ""37069660521080852320351699590711411012520885687798120669273162848133356776829"": ""NO""}, ""trade_pages_capped"": false, ""yes_token_id"": ""108925466255620479001436767269464812773986811816103994973066918329994243927842""}",1,1,1,1
polymarket,polymarket:3748409,3748409,1,2026-08-26T22:29:23.469000Z,2026-09-04T22:29:23.469000Z,2026-09-03T22:29:23.469000Z,2580,0,2026-08-26T22:30:29Z,2026-09-04T22:25:16Z,,,1,polymarket_clob_yes_market_price_history,,complete,,,False,False,"{""condition_id"": ""0x0e0be1206fd204317858133e740e85d7ffcc141dd1fc91fdca660770aded0ab0"", ""token_outcomes"": {""24530715406653612631221383722065425266841830115707798002702058137934543453246"": ""YES"", ""62471096147113521542018782986569650417229551126751232107766294076799113407762"": ""NO""}, ""trade_pages_capped"": false, ""yes_token_id"": ""24530715406653612631221383722065425266841830115707798002702058137934543453246""}",1,1,1,1
polymarket,polymarket:3748413,3748413,1,2026-08-26T22:41:40.718000Z,2026-09-04T22:41:40.718000Z,2026-09-03T22:41:40.718000Z,2580,0,2026-08-26T22:45:16Z,2026-09-04T22:40:16Z,,,1,polymarket_clob_yes_market_price_history,,complete,,,False,False,"{""condition_id"": ""0xb6922364fc5a4700a70430725a54ac991605089062981e7a67e3a0a84b1676ae"", ""token_outcomes"": {""21866462962235210437095479788902992408405362494763717324446216835064886336640"": ""YES"", ""34695762893387852054075538893735851126047766190016047576346025726815744158543"": ""NO""}, ""trade_pages_capped"": false, ""yes_token_id"": ""21866462962235210437095479788902992408405362494763717324446216835064886336640""}",1,1,1,1
polymarket,polymarket:3748425,3748425,2,2026-08-25T14:32:06.343000Z,2026-09-04T22:04:25.210000Z,2026-09-03T22:04:25.210000Z,2958,0,2026-08-25T14:35:15Z,2026-09-04T22:00:18Z,,,2,polymarket_clob_yes_market_price_history,,complete,,,False,False,"{""condition_id"": ""0x27017a9ae97c0f69372676c499670cb8259f98b325ff05c976caf7fab97ef2d7"", ""token_outcomes"": {""41041373265370905571725082458027911093341776300562983095822781525136656227571"": ""YES"", ""92471782775897356814125706240012840103064578565617667871048920764421806276013"": ""NO""}, ""trade_pages_capped"": false, ""yes_token_id"": ""41041373265370905571725082458027911093341776300562983095822781525136656227571""}",2,2,2,2
polymarket,polymarket:3748548,3748548,1,2026-08-26T21:54:01.755000Z,2026-09-04T21:54:01.755000Z,2026-09-03T21:54:01.755000Z,2582,0,2026-08-26T21:55:12Z,2026-09-04T21:50:13Z,,,1,polymarket_clob_yes_market_price_history,,complete,,,False,False,"{""condition_id"": ""0x8c8026b414edae3e7c1b76617d5296d08b8d43f7041b76251cb0845acfc9a771"", ""token_outcomes"": {""40201272061178543943967157406150117073069320238472616650797642007703807002976"": ""NO"", ""82957583024297048116005808004317986809772487391893733961663825190424352583733"": ""YES""}, ""trade_pages_capped"": false, ""yes_token_id"": ""82957583024297048116005808004317986809772487391893733961663825190424352583733""}",1,1,1,1
polymarket,polymarket:3748549,3748549,8,2026-08-26T21:51:49.090000Z,2026-09-05T05:32:46.258285Z,2026-09-05T05:32:46.258285Z,2674,0,2026-08-26T21:55:13Z,2026-09-05T05:30:15Z,,,8,polymarket_clob_yes_market_price_history,,complete,,,False,False,"{""condition_id"": ""0xba1553d561fea958df1534460526e7ef166d9d766c90df2015ba8abbfee799aa"", ""token_outcomes"": {""29054734834970911411690655238304790257630052490725267794503375241747844760242"": ""YES"", ""4573683370310089556101670946861434645466623284806899787560749126125733305253"": ""NO""}, ""trade_pages_capped"": false, ""yes_token_id"": ""29054734834970911411690655238304790257630052490725267794503375241747844760242""}",8,8,8,8
polymarket,polymarket:3748552,3748552,1,2026-08-26T21:53:55.658000Z,2026-09-04T21:53:55.658000Z,2026-09-03T21:53:55.658000Z,2582,0,2026-08-26T21:55:12Z,2026-09-04T21:50:14Z,,,1,polymarket_clob_yes_market_price_history,,complete,,,False,False,"{""condition_id"": ""0xdfbfe3680087acb027d496f54fedfeebf59334b48212a8e8e547d2d23e008a98"", ""token_outcomes"": {""97230498592262343674050747943023268642452840858817354965643161867549775526367"": ""YES"", ""98837858318460004757739337601463506587895276683793433520237196518199792135183"": ""NO""}, ""trade_pages_capped"": false, ""yes_token_id"": ""97230498592262343674050747943023268642452840858817354965643161867549775526367""}",1,1,1,1
polymarket,polymarket:3748553,3748553,9,2026-08-24T22:10:53.758000Z,2026-09-05T05:32:46.258285Z,2026-09-05T04:33:52.067000Z,3246,0,2026-08-24T22:15:12Z,2026-09-05T05:30:14Z,,,9,polymarket_clob_yes_market_price_history,,complete,,,False,False,"{""condition_id"": ""0xc0389e3f6ad0e8b502f750f829a55e8e7e7829c316c342781711b8811a71cf2a"", ""token_outcomes"": {""101235833514579807385206998540230255927695278979125151929890567071697962113667"": ""YES"", ""80125359704473122796115867046698843422295756386835008793817223207736954401837"": ""NO""}, ""trade_pages_capped"": false, ""yes_token_id"": ""101235833514579807385206998540230255927695278979125151929890567071697962113667""}",9,9,9,9
polymarket,polymarket:3748586,3748586,2,2026-08-24T22:42:51.279000Z,2026-09-03T14:12:14.514000Z,2026-09-02T14:12:14.514000Z,2767,0,2026-08-24T22:45:14Z,2026-09-03T14:10:23Z,,,2,polymarket_clob_yes_market_price_history,,complete,,,False,False,"{""condition_id"": ""0x9970e2e7f8109ac10219af16311143192fb03ea6da0877c60f15a3c9cbdd1f39"", ""token_outcomes"": {""22750166353305381956205730381528939687504260658411876378513456698242359405670"": ""YES"", ""4703047946397553256352738043765454981941918518733272077155273640569794379767"": ""NO""}, ""trade_pages_capped"": false, ""yes_token_id"": ""22750166353305381956205730381528939687504260658411876378513456698242359405670""}",2,2,2,2
polymarket,polymarket:3748590,3748590,4,2026-08-24T22:17:31.694000Z,2026-09-05T00:08:18.257000Z,2026-09-04T00:08:18.257000Z,3180,0,2026-08-24T22:20:11Z,2026-09-05T00:05:13Z,,,4,polymarket_clob_yes_market_price_history,,complete,,,False,False,"{""condition_id"": ""0x8bc22e1e8b7d4775645263f3fc0d3bdf37f1ae230ac3efdcf472ec04a9bc3a73"", ""token_outcomes"": {""71715291542941675150100153701770858848263215127802343400526336992027075340308"": ""NO"", ""79985056902837081206722253758214940240891061336603199652330044403324102122882"": ""YES""}, ""trade_pages_capped"": false, ""yes_token_id"": ""79985056902837081206722253758214940240891061336603199652330044403324102122882""}",4,4,4,4
polymarket,polymarket:3750425,3750425,1,2026-08-24T18:17:56.298000Z,2026-09-02T18:17:56.298000Z,2026-09-01T18:17:56.298000Z,2352,0,2026-08-24T18:20:11Z,2026-09-01T22:10:13Z,,,1,polymarket_clob_yes_market_price_history,,complete,,,False,False,"{""condition_id"": ""0x52fa9c811ccae1d9e80e05a5a1fd0c5bd90db4e9ebe3f73b625a9dc4aa57a9dc"", ""token_outcomes"": {""17002256857107363796615336674379427197313448407798909479862636194516448084860"": ""NO"", ""5131445473021112865038801888707449554041691066028436730923949687361268700620"": ""YES""}, ""trade_pages_capped"": false, ""yes_token_id"": ""5131445473021112865038801888707449554041691066028436730923949687361268700620""}",1,1,1,1
polymarket,polymarket:3750513,3750513,1,2026-08-24T18:19:15.486000Z,2026-09-02T18:19:15.486000Z,2026-09-01T18:19:15.486000Z,2580,0,2026-08-24T18:20:13Z,2026-09-02T18:15:14Z,,,1,polymarket_clob_yes_market_price_history,,complete,,,False,False,"{""condition_id"": ""0x9c0a29716a62aa92bb7e021f620bf9a30985ac7298c2f22c11bbbb1fb9ba3654"", ""token_outcomes"": {""51161334237342839297808946467460023550317313310285915289353323218721936010028"": ""YES"", ""98026720596107031443283865593500440246690323428935236728307554618667253132240"": ""NO""}, ""trade_pages_capped"": false, ""yes_token_id"": ""51161334237342839297808946467460023550317313310285915289353323218721936010028""}",1,1,1,1
polymarket,polymarket:3750526,3750526,1,2026-08-24T18:19:13.476000Z,2026-09-02T18:19:13.476000Z,2026-09-01T18:19:13.476000Z,2582,0,2026-08-24T18:20:11Z,2026-09-02T18:15:12Z,,,1,polymarket_clob_yes_market_price_history,,complete,,,False,False,"{""condition_id"": ""0xb6bf9f23a41ea1d8514cae0ec5f39d8242c631d8ad3aaf43462c1319d137234f"", ""token_outcomes"": {""14700251186469298075191442250127805789977266391067588395420131970887775608703"": ""YES"", ""57341189546636334419395044632705389402637175827415840545336622537312150112720"": ""NO""}, ""trade_pages_capped"": false, ""yes_token_id"": ""14700251186469298075191442250127805789977266391067588395420131970887775608703""}",1,1,1,1
polymarket,polymarket:3750528,3750528,2,2026-08-24T19:19:26.172000Z,2026-09-04T23:31:10.221000Z,2026-09-03T23:31:10.221000Z,2905,0,2026-08-24T19:20:13Z,2026-09-03T22:10:15Z,,,2,polymarket_clob_yes_market_price_history,,complete,,,False,False,"{""condition_id"": ""0x17d10215fdec80473247c241e20f04a71a6e104823ad2b4b50fd181b911ec081"", ""token_outcomes"": {""100668135707623319344882221004615762132681145392152656932115234801794590645839"": ""NO"", ""67662762870342472942125025883089052650815959512845001256019819670130245635189"": ""YES""}, ""trade_pages_capped"": false, ""yes_token_id"": ""67662762870342472942125025883089052650815959512845001256019819670130245635189""}",2,2,2,1
polymarket,polymarket:3750537,3750537,2,2026-08-24T19:19:29.432000Z,2026-09-04T23:31:51.101000Z,2026-09-03T23:31:51.101000Z,2912,0,2026-08-24T19:20:11Z,2026-09-03T22:50:13Z,,,2,polymarket_clob_yes_market_price_history,,complete,,,False,False,"{""condition_id"": ""0x2dd9a252682f04cbac1c53a51222fa2da3475210a4949010719f5584e2ad3a39"", ""token_outcomes"": {""20758646416926662950498540989370768603959278324798051012602769756904416646196"": ""YES"", ""2838326651458810176700447166083382010588181525081276147219606341041334274503"": ""NO""}, ""trade_pages_capped"": false, ""yes_token_id"": ""20758646416926662950498540989370768603959278324798051012602769756904416646196""}",2,2,2,2
polymarket,polymarket:3750542,3750542,3,2026-08-24T11:00:47.461000Z,2026-09-04T23:30:58.847000Z,2026-09-03T23:30:58.847000Z,2916,0,2026-08-24T11:05:10Z,2026-09-03T14:50:12Z,,,3,polymarket_clob_yes_market_price_history,,complete,,,False,False,"{""condition_id"": ""0xf7387b7a9aaa5e9740be75b0bd515f8c9789fc98a436e4a8fe3a7bd88bddf15e"", ""token_outcomes"": {""109573015586626204821222381872462903267415235496587342420656543427039920650960"": ""YES"", ""34501201213699345747714278682436481036173946716931337516564774650047015819097"": ""NO""}, ""trade_pages_capped"": false, ""yes_token_id"": ""109573015586626204821222381872462903267415235496587342420656543427039920650960""}",3,3,3,2
polymarket,polymarket:3750549,3750549,1,2026-08-24T18:18:42.207000Z,2026-09-02T18:18:42.207000Z,2026-09-01T18:18:42.207000Z,2349,0,2026-08-24T18:20:13Z,2026-09-01T22:05:10Z,,,1,polymarket_clob_yes_market_price_history,,complete,,,False,False,"{""condition_id"": ""0x65f4ba111e5336cabf8f8560eb8ea53b35acbfc754f4a1b2479d4c910e0e5a60"", ""token_outcomes"": {""26581982691620134917586947772280272658192350939073564862318914014807021283045"": ""NO"", ""41221820430413465547672487453625407715581437698796610639493589182378894415512"": ""YES""}, ""trade_pages_capped"": false, ""yes_token_id"": ""41221820430413465547672487453625407715581437698796610639493589182378894415512""}",1,1,1,1
polymarket,polymarket:3750551,3750551,4,2026-08-24T19:17:26.672000Z,2026-09-05T05:32:46.258285Z,2026-09-05T05:32:46.258285Z,3281,0,2026-08-24T19:20:13Z,2026-09-05T05:30:16Z,,,4,polymarket_clob_yes_market_price_history,,complete,,,False,False,"{""condition_id"": ""0xea197c4fcc61af4d7bb2c837abd60b33f571cdca3cb8bb2ff6cddc0ca28940c4"", ""token_outcomes"": {""10553200676483042179857159751961292198720230553832249106961339686903289519157"": ""YES"", ""45598685336832491884719272041170197915816361489959278822686594823867727557562"": ""NO""}, ""trade_pages_capped"": false, ""yes_token_id"": ""10553200676483042179857159751961292198720230553832249106961339686903289519157""}",4,4,3,3
polymarket,polymarket:3750569,3750569,2,2026-08-24T19:20:16.782000Z,2026-09-04T23:31:34.421000Z,2026-09-03T23:31:34.421000Z,2902,0,2026-08-24T19:25:10Z,2026-09-03T22:10:16Z,,,2,polymarket_clob_yes_market_price_history,,complete,,,False,False,"{""condition_id"": ""0xee0cb1bf7467eaf3e093e8fa106e74e4cc4bac31135550199c9dcf2f61a7b35d"", ""token_outcomes"": {""112052433583293141519612084323533726693567704736432017985946440699869852603476"": ""NO"", ""94090515012389038500514152755113814788170116735313518312668074699207436711572"": ""YES""}, ""trade_pages_capped"": false, ""yes_token_id"": ""94090515012389038500514152755113814788170116735313518312668074699207436711572""}",2,2,2,1
polymarket,polymarket:3750573,3750573,1,2026-08-24T18:19:38.407000Z,2026-09-02T18:19:38.407000Z,2026-09-01T18:19:38.407000Z,2519,0,2026-08-24T18:20:12Z,2026-09-02T13:05:14Z,,,1,polymarket_clob_yes_market_price_history,,complete,,,False,False,"{""condition_id"": ""0xc6972b641359de8d0198a2427b9852baf019c80a831c09ace58bf8786dd66d01"", ""token_outcomes"": {""5302184011779808642356263268701659804431775628900554610150320831333421956285"": ""NO"", ""82814693585902243946516793717925287687636276190568092604252677662126435161695"": ""YES""}, ""trade_pages_capped"": false, ""yes_token_id"": ""82814693585902243946516793717925287687636276190568092604252677662126435161695""}",1,1,1,1
polymarket,polymarket:3750631,3750631,3,2026-08-24T11:00:11.987000Z,2026-09-04T23:34:37.429000Z,2026-09-03T23:34:37.429000Z,3011,0,2026-08-24T11:00:17Z,2026-09-03T22:50:24Z,,,3,polymarket_clob_yes_market_price_history,,complete,,,False,False,"{""condition_id"": ""0x269e4c8ae8ef38003e7fa4f2c8aeb1f7b68397abc6113161d92d89ac07313005"", ""token_outcomes"": {""38072859145619743216070939231810570297621377678446590829216482566527844208991"": ""YES"", ""54765608691069182722936807901420826167594560197128568772763289557173395215404"": ""NO""}, ""trade_pages_capped"": false, ""yes_token_id"": ""38072859145619743216070939231810570297621377678446590829216482566527844208991""}",3,3,3,3
polymarket,polymarket:3759614,3759614,5,2026-08-24T23:00:01.730000Z,2026-09-03T14:00:32.219000Z,2026-09-02T14:00:32.219000Z,2271,0,2026-08-24T23:00:16Z,2026-09-01T20:15:16Z,,,5,polymarket_clob_yes_market_price_history,,complete,,,False,False,"{""condition_id"": ""0x773d4277fdd9e823fde57bbf54c9cb9ba5e4efffe80a3f9a3b88a920c9cf5b97"", ""token_outcomes"": {""113442319199070592078934440989530315623236916518371443454741414401762291757312"": ""YES"", ""82276958776737948612572583582788130997868977851040765447483447874873502613355"": ""NO""}, ""trade_pages_capped"": false, ""yes_token_id"": ""113442319199070592078934440989530315623236916518371443454741414401762291757312""}",5,5,5,0
polymarket,polymarket:3764763,3764763,1,2026-08-25T14:45:48.726000Z,2026-09-03T14:45:48.726000Z,2026-09-02T14:45:48.726000Z,2581,0,2026-08-25T14:50:16Z,2026-09-03T14:45:16Z,,,1,polymarket_clob_yes_market_price_history,,complete,,,False,False,"{""condition_id"": ""0x3f1392e4b3c19e51878ba3442003819b0169ab60d494597fef92ae758786250c"", ""token_outcomes"": {""18747617603909890518765804563971196006019345756785208811034032563509805169747"": ""NO"", ""59494667927092889141983114230222184702063367102548661286577998548174802050873"": ""YES""}, ""trade_pages_capped"": false, ""yes_token_id"": ""59494667927092889141983114230222184702063367102548661286577998548174802050873""}",1,1,1,1
polymarket,polymarket:3764781,3764781,5,2026-08-24T19:39:28.369000Z,2026-09-05T05:32:46.258285Z,2026-09-05T05:32:46.258285Z,3276,0,2026-08-24T19:40:18Z,2026-09-05T05:30:17Z,,,5,polymarket_clob_yes_market_price_history,,complete,,,False,False,"{""condition_id"": ""0x096b8c7da056a07d02062cb740bcb6d7d795fb6676fe787beb75519fa373b287"", ""token_outcomes"": {""105560502714708045092776289911993546563193174131657486430868332988456292407118"": ""NO"", ""38699966972827751179022619650217524131511839333909728145937421237761297179984"": ""YES""}, ""trade_pages_capped"": false, ""yes_token_id"": ""38699966972827751179022619650217524131511839333909728145937421237761297179984""}",5,4,4,3
polymarket,polymarket:3772731,3772731,1,2026-08-24T22:08:20.889000Z,2026-09-02T22:08:20.889000Z,2026-09-01T22:08:20.889000Z,2238,0,2026-08-24T22:10:12Z,2026-09-01T16:35:23Z,,,1,polymarket_clob_yes_market_price_history,,complete,,,False,False,"{""condition_id"": ""0x7d71194faa1e6922de93aba3bacc7bc2af897641ed143fd2739ef5df95621a57"", ""token_outcomes"": {""101237392184767847407746562417759991981650114961922735121526673533398702204414"": ""NO"", ""5645841125342271838215079374200712736249769405954092348714524098905005302258"": ""YES""}, ""trade_pages_capped"": false, ""yes_token_id"": ""5645841125342271838215079374200712736249769405954092348714524098905005302258""}",1,1,1,0
polymarket,polymarket:3772738,3772738,1,2026-08-25T13:06:51.734000Z,2026-09-03T13:06:51.734000Z,2026-09-02T13:06:51.734000Z,2074,0,2026-08-25T13:10:24Z,2026-09-01T18:00:18Z,,,1,polymarket_clob_yes_market_price_history,,complete,,,False,False,"{""condition_id"": ""0xd02d4eb3d7f5ce3d85e550e0f7888d25c2e65a3db9a9527d742543296b6ef3f3"", ""token_outcomes"": {""11528285460623591496396219922374313780645480661120075648157894851223908008030"": ""YES"", ""53931862131673948833817583183240626791389434329467255246038308251441738506051"": ""NO""}, ""trade_pages_capped"": false, ""yes_token_id"": ""11528285460623591496396219922374313780645480661120075648157894851223908008030""}",1,1,0,0
polymarket,polymarket:3840177,3840177,1,2026-08-26T22:41:59.506000Z,2026-09-04T22:41:59.506000Z,2026-09-03T22:41:59.506000Z,2580,0,2026-08-26T22:45:16Z,2026-09-04T22:40:16Z,,,1,polymarket_clob_yes_market_price_history,,complete,,,False,False,"{""condition_id"": ""0xe131e7ab7b8a0acec1402087f1295dedd80a945d34c9841ca5cde8e5f23be396"", ""token_outcomes"": {""14029358367526899451786618330787791575214530059602976697420363158256983636689"": ""YES"", ""29945761417653487882452869521981505334963180738226453381584571988954746939148"": ""NO""}, ""trade_pages_capped"": false, ""yes_token_id"": ""14029358367526899451786618330787791575214530059602976697420363158256983636689""}",1,1,1,1
polymarket,polymarket:3851347,3851347,1,2026-08-26T22:09:37.813000Z,2026-09-04T22:09:37.813000Z,2026-09-03T22:09:37.813000Z,2580,0,2026-08-26T22:10:15Z,2026-09-04T22:05:19Z,,,1,polymarket_clob_yes_market_price_history,,complete,,,False,False,"{""condition_id"": ""0x1404363fe411285d883fed34dc73c056cdfeeb5288ba14e8670f3561afc04b99"", ""token_outcomes"": {""6951008078481026351656952066176604336387322845423434719231308997415095732530"": ""YES"", ""77052609953690984464786084937218678781620802973583455141276209298398609116678"": ""NO""}, ""trade_pages_capped"": false, ""yes_token_id"": ""6951008078481026351656952066176604336387322845423434719231308997415095732530""}",1,1,1,1
polymarket,polymarket:3851348,3851348,1,2026-08-26T22:38:18.843000Z,2026-09-04T22:38:18.843000Z,2026-09-03T22:38:18.843000Z,2582,0,2026-08-26T22:40:14Z,2026-09-04T22:35:14Z,,,1,polymarket_clob_yes_market_price_history,,complete,,,False,False,"{""condition_id"": ""0x3e8d0d12f7f04b6cc30228c756664edd065c6e9c40f858878a5df4bbfb1a9174"", ""token_outcomes"": {""85333815226248078629709531324567814546028916699073638082416815980650997372375"": ""NO"", ""96934667857059767466857106078574502038036557991798137621469235108373129360440"": ""YES""}, ""trade_pages_capped"": false, ""yes_token_id"": ""96934667857059767466857106078574502038036557991798137621469235108373129360440""}",1,1,1,1
polymarket,polymarket:3851349,3851349,1,2026-08-26T23:35:11.870000Z,2026-09-04T23:35:11.870000Z,2026-09-03T23:35:11.870000Z,2580,0,2026-08-26T23:35:16Z,2026-09-04T23:30:20Z,,,1,polymarket_clob_yes_market_price_history,,complete,,,False,False,"{""condition_id"": ""0x4ce5dcb81ee83ead1cd0e4c18cd39b84d0b160773806cd19159c6982ec7de925"", ""token_outcomes"": {""25516477255070784838720580909765920999829748256590250535382692004125357663123"": ""NO"", ""53418211021209478641716192942758733189794097282944810442983579750847701131511"": ""YES""}, ""trade_pages_capped"": false, ""yes_token_id"": ""53418211021209478641716192942758733189794097282944810442983579750847701131511""}",1,1,1,1
polymarket,polymarket:3860599,3860599,1,2026-08-25T14:06:39.432000Z,2026-09-03T14:06:39.432000Z,2026-09-02T14:06:39.432000Z,2582,0,2026-08-25T14:10:11Z,2026-09-03T14:05:12Z,,,1,polymarket_clob_yes_market_price_history,,complete,,,False,False,"{""condition_id"": ""0x0e66ad56a0e90caa89b1cefc50fa7088fcf9071385e09e6b6c4f3ec4539867ae"", ""token_outcomes"": {""14016923262811062666370202829200470712684396368944151899802277379348874873066"": ""YES"", ""5037440571345099120501445536543007462800517716708065371149941727322725636305"": ""NO""}, ""trade_pages_capped"": false, ""yes_token_id"": ""14016923262811062666370202829200470712684396368944151899802277379348874873066""}",1,1,1,1
polymarket,polymarket:3861961,3861961,1,2026-08-25T14:37:59.633000Z,2026-09-03T14:37:59.633000Z,2026-09-02T14:37:59.633000Z,2083,0,2026-08-25T14:40:16Z,2026-09-01T20:15:15Z,,,1,polymarket_clob_yes_market_price_history,,complete,,,False,False,"{""condition_id"": ""0xf30f20c3bb1ba3c62240e6fc101887c83fdd88813c1970f3cf30d7d5b0945014"", ""token_outcomes"": {""25875383251031562203572459703655085300233668481482321079890472544919996678164"": ""NO"", ""90248408180025201857212716345802983927475526104033823777980087564405347281877"": ""YES""}, ""trade_pages_capped"": false, ""yes_token_id"": ""90248408180025201857212716345802983927475526104033823777980087564405347281877""}",1,1,1,0
polymarket,polymarket:3862008,3862008,6,2026-08-24T11:07:20.842000Z,2026-09-05T05:32:46.258285Z,2026-09-05T05:32:46.258285Z,3229,0,2026-08-24T23:35:12Z,2026-09-05T05:30:13Z,,,6,polymarket_clob_yes_market_price_history,,complete,,,False,False,"{""condition_id"": ""0xa014a24d0947772fde2d25f65c5ac56ec0434438e32d57827a235c170c487006"", ""token_outcomes"": {""103458249219922201402961058613146645129773771867091832739075751170520713168377"": ""NO"", ""29295668464118296134626504349171333768782182986460524299122506200108170023331"": ""YES""}, ""trade_pages_capped"": false, ""yes_token_id"": ""29295668464118296134626504349171333768782182986460524299122506200108170023331""}",6,5,5,4
polymarket,polymarket:3862012,3862012,4,2026-08-27T00:30:27.915000Z,2026-09-05T05:32:46.258285Z,2026-09-05T05:32:46.258285Z,2642,0,2026-08-27T00:35:12Z,2026-09-05T05:30:13Z,,,4,polymarket_clob_yes_market_price_history,,complete,,,False,False,"{""condition_id"": ""0x2b9c96fa7af32784122245a04b11ee21724b8f9f801b4a6ee38225ad501ebced"", ""token_outcomes"": {""102222155423273741840914091344155461697288591455756913507679168658086152196654"": ""YES"", ""64697395893271547123246312311248172142503755727634120435275433745798971970040"": ""NO""}, ""trade_pages_capped"": false, ""yes_token_id"": ""102222155423273741840914091344155461697288591455756913507679168658086152196654""}",4,3,3,2
polymarket,polymarket:3862013,3862013,6,2026-08-24T11:07:31.148000Z,2026-09-05T05:32:46.258285Z,2026-09-05T05:32:46.258285Z,3228,0,2026-08-24T23:35:29Z,2026-09-05T05:30:19Z,,,6,polymarket_clob_yes_market_price_history,,complete,,,False,False,"{""condition_id"": ""0x4625f2d7f68d492085491c7d95b52465435bd8bd6a847d70adf2578e3a67fc2e"", ""token_outcomes"": {""40179195719621764702247528503589401755822082134010368162910555734170829769252"": ""NO"", ""92398193903922458556786606794721815865938948644630828011927626607843024544988"": ""YES""}, ""trade_pages_capped"": false, ""yes_token_id"": ""92398193903922458556786606794721815865938948644630828011927626607843024544988""}",6,5,5,4
polymarket,polymarket:3862014,3862014,5,2026-08-25T11:12:22.721000Z,2026-09-05T05:32:46.258285Z,2026-09-05T05:32:46.258285Z,3090,0,2026-08-25T11:15:12Z,2026-09-05T05:30:14Z,,,5,polymarket_clob_yes_market_price_history,,complete,,,False,False,"{""condition_id"": ""0xb41276b55859323e2ecffc332e68c9603c47be79236d947ee70805b6a977d0d3"", ""token_outcomes"": {""93745321287797326156174147048311585028703608930648667252687170331376989269676"": ""YES"", ""94629992706210155119473137536178123783249753887240881781318106841924699350578"": ""NO""}, ""trade_pages_capped"": false, ""yes_token_id"": ""93745321287797326156174147048311585028703608930648667252687170331376989269676""}",5,4,4,3
polymarket,polymarket:3866343,3866343,2,2026-08-28T17:08:57.773000Z,2026-09-05T05:32:46.258285Z,2026-09-05T05:32:46.258285Z,2154,0,2026-08-28T17:10:16Z,2026-09-05T05:30:17Z,,,2,polymarket_clob_yes_market_price_history,,complete,,,False,False,"{""condition_id"": ""0x483b241b47dcb573467a0d377f7a8ade1092087efae2df398761df6489d26c39"", ""token_outcomes"": {""51710193661853606454291018413158924735400336439972456850877436395936830882192"": ""NO"", ""84157518921055169809056415911818665787375356542003109657993740611975380386686"": ""YES""}, ""trade_pages_capped"": false, ""yes_token_id"": ""84157518921055169809056415911818665787375356542003109657993740611975380386686""}",2,1,1,0
polymarket,polymarket:3866361,3866361,1,2026-08-29T04:53:37.838000Z,2026-09-05T05:32:46.258285Z,2026-09-05T05:32:46.258285Z,2016,0,2026-08-29T04:55:12Z,2026-09-05T05:30:15Z,,,1,polymarket_clob_yes_market_price_history,,complete,,,False,False,"{""condition_id"": ""0xb05b443318a6a735cdf680db3e83d957ae6e310fc4307e076e16adaa4d4d4883"", ""token_outcomes"": {""34741184171720732531348415251675784212413447597852103607077093863487864196913"": ""NO"", ""56293835209126692605157165439127378124964293017819476964123932612658684806304"": ""YES""}, ""trade_pages_capped"": false, ""yes_token_id"": ""56293835209126692605157165439127378124964293017819476964123932612658684806304""}",1,0,0,0
polymarket,polymarket:3866365,3866365,3,2026-08-28T01:55:20.107000Z,2026-09-05T05:32:46.258285Z,2026-09-05T05:32:46.258285Z,2336,0,2026-08-28T01:55:28Z,2026-09-05T05:30:18Z,,,3,polymarket_clob_yes_market_price_history,,complete,,,False,False,"{""condition_id"": ""0x12f638a1dc870f5b54d7c00e0f4553ca8b7c73bc6a5d3f348be6d0a54115f41f"", ""token_outcomes"": {""108054599010406676537578043316393413476115484608869260559386057245045160652985"": ""YES"", ""24228499001908224249371431936339408896320793584500428533898984145980453244385"": ""NO""}, ""trade_pages_capped"": false, ""yes_token_id"": ""108054599010406676537578043316393413476115484608869260559386057245045160652985""}",3,2,2,1
polymarket,polymarket:3866367,3866367,1,2026-08-28T22:46:44.526000Z,2026-09-05T05:32:46.258285Z,2026-09-05T05:32:46.258285Z,2088,0,2026-08-28T22:50:26Z,2026-09-05T05:30:16Z,,,1,polymarket_clob_yes_market_price_history,,complete,,,False,False,"{""condition_id"": ""0xc9c809486dfbdea123da855fba0079b48af8395ea677774b7728b66e9df6b469"", ""token_outcomes"": {""15730773703638155508856398309846913345145258665139895363237625897824537579815"": ""YES"", ""39335368072524768166269072116768595326187876364309267824515912171700265942932"": ""NO""}, ""trade_pages_capped"": false, ""yes_token_id"": ""15730773703638155508856398309846913345145258665139895363237625897824537579815""}",1,1,1,0
polymarket,polymarket:3866393,3866393,2,2026-08-28T17:12:36.124000Z,2026-09-05T05:32:46.258285Z,2026-09-05T05:32:46.258285Z,2155,0,2026-08-28T17:15:15Z,2026-09-05T05:30:15Z,,,2,polymarket_clob_yes_market_price_history,,complete,,,False,False,"{""condition_id"": ""0x69d360e837edf9bb756f966b71dec0d5e267395b3574fcb11a455c121d02ed6b"", ""token_outcomes"": {""20052978392337929660917565142624488925569871117577365148859572488434562518878"": ""YES"", ""62326469899438140029495781418141699683248186079944456845800607215920559319017"": ""NO""}, ""trade_pages_capped"": false, ""yes_token_id"": ""20052978392337929660917565142624488925569871117577365148859572488434562518878""}",2,1,1,0
polymarket,polymarket:3866396,3866396,1,2026-08-28T22:45:47.060000Z,2026-09-05T05:32:46.258285Z,2026-09-05T05:32:46.258285Z,2088,0,2026-08-28T22:50:20Z,2026-09-05T05:30:15Z,,,1,polymarket_clob_yes_market_price_history,,complete,,,False,False,"{""condition_id"": ""0xb1ad33c0c5d25293b95950d12c3404f42f1d1bc898866b8d70274047284f20ba"", ""token_outcomes"": {""58097652656107614397082892950747211478142005988752760909390350908301351431283"": ""YES"", ""81521069129689520013504827073576742786404029556002279402701914051520286110387"": ""NO""}, ""trade_pages_capped"": false, ""yes_token_id"": ""58097652656107614397082892950747211478142005988752760909390350908301351431283""}",1,1,1,0
polymarket,polymarket:3866446,3866446,4,2026-08-25T13:06:40.816000Z,2026-09-05T00:01:17.127000Z,2026-09-04T00:01:17.127000Z,3001,0,2026-08-25T13:10:22Z,2026-09-05T00:00:16Z,,,4,polymarket_clob_yes_market_price_history,,complete,,,False,False,"{""condition_id"": ""0x60056e06ea4d3b16426081fb44da92e5dccf24626c9ca5fd62b6f2a59e7e3878"", ""token_outcomes"": {""27979665025021193757086660024906953956589876683592269631433828298666319247198"": ""YES"", ""29853991574209714610369788862776882934176209643713317357823109060227733707092"": ""NO""}, ""trade_pages_capped"": false, ""yes_token_id"": ""27979665025021193757086660024906953956589876683592269631433828298666319247198""}",4,4,4,4
polymarket,polymarket:3866490,3866490,2,2026-08-25T05:16:21.314000Z,2026-09-03T17:58:41.749000Z,2026-09-02T17:58:41.749000Z,2314,0,2026-08-25T05:20:29Z,2026-09-02T07:05:27Z,,,2,polymarket_clob_yes_market_price_history,,complete,,,False,False,"{""condition_id"": ""0x2b632582f2eb1563f45ba1353e6a35d2c585675cd03c3ebe020d09f7ede2599b"", ""token_outcomes"": {""53852522733203689290937713671561065536840871451156799109624328565745910030779"": ""NO"", ""76063093951491691662728893219869798949452190709903362078142262427100231834295"": ""YES""}, ""trade_pages_capped"": false, ""yes_token_id"": ""76063093951491691662728893219869798949452190709903362078142262427100231834295""}",2,2,2,1
polymarket,polymarket:3866491,3866491,7,2026-08-25T05:15:27.370000Z,2026-09-05T05:32:46.258285Z,2026-09-05T05:32:46.258285Z,3161,0,2026-08-25T05:20:25Z,2026-09-05T05:30:14Z,,,7,polymarket_clob_yes_market_price_history,,complete,,,False,False,"{""condition_id"": ""0xc14a006715a938412a553153d6a42c352e33a4371bb8052f2a906002ff2961a9"", ""token_outcomes"": {""27811404882768969561272600833173010496122460776820475137776720911397578866519"": ""YES"", ""28898797841830180885502999343742991046972592423372333257758590301819244198569"": ""NO""}, ""trade_pages_capped"": false, ""yes_token_id"": ""27811404882768969561272600833173010496122460776820475137776720911397578866519""}",7,7,7,5
polymarket,polymarket:3866492,3866492,6,2026-08-25T10:55:49.295000Z,2026-09-05T05:32:46.258285Z,2026-09-05T05:32:46.258285Z,3091,0,2026-08-25T11:00:15Z,2026-09-05T05:30:17Z,,,6,polymarket_clob_yes_market_price_history,,complete,,,False,False,"{""condition_id"": ""0x568aa770560309fa8a211a900f0a4f5292d0b02ad3c7b59cd9ab925ad889d827"", ""token_outcomes"": {""61935815958653710905870743701858030812725800695787881802161166380904993137038"": ""NO"", ""84369151783402014493432680724448737997959072740703938995671356057611657876761"": ""YES""}, ""trade_pages_capped"": false, ""yes_token_id"": ""84369151783402014493432680724448737997959072740703938995671356057611657876761""}",6,6,6,4
polymarket,polymarket:3866498,3866498,6,2026-08-25T10:56:14.121000Z,2026-09-05T05:32:46.258285Z,2026-09-05T05:32:46.258285Z,3091,0,2026-08-25T11:00:15Z,2026-09-05T05:30:18Z,,,6,polymarket_clob_yes_market_price_history,,complete,,,False,False,"{""condition_id"": ""0x223fe79ad38e49e02a8e935947d2dc06c210aed1fe1d671cad3cd6146565b06b"", ""token_outcomes"": {""65606000400324998527472270672950078273772031353106619642135751108556422344071"": ""YES"", ""67849074047880257764523580971246441561186620870437919850002322982981855528948"": ""NO""}, ""trade_pages_capped"": false, ""yes_token_id"": ""65606000400324998527472270672950078273772031353106619642135751108556422344071""}",6,6,6,4
polymarket,polymarket:3866503,3866503,7,2026-08-25T05:15:56.893000Z,2026-09-05T05:32:46.258285Z,2026-09-05T05:32:46.258285Z,3161,0,2026-08-25T05:20:27Z,2026-09-05T05:30:16Z,,,7,polymarket_clob_yes_market_price_history,,complete,,,False,False,"{""condition_id"": ""0xe9c661ba8188ee29eb1dadf6d9c153c64b6bdab687a83c7cb2f225683d4a8b32"", ""token_outcomes"": {""37787424740180634978298569065392604116775103602313010613867330638435967918425"": ""NO"", ""46426107865410396276584037841705612413286546024759156233685266876639615158589"": ""YES""}, ""trade_pages_capped"": false, ""yes_token_id"": ""46426107865410396276584037841705612413286546024759156233685266876639615158589""}",7,7,7,5
polymarket,polymarket:3866504,3866504,7,2026-08-25T05:15:50.845000Z,2026-09-05T05:32:46.258285Z,2026-09-05T05:32:46.258285Z,3161,0,2026-08-25T05:20:25Z,2026-09-05T05:30:13Z,,,7,polymarket_clob_yes_market_price_history,,complete,,,False,False,"{""condition_id"": ""0x4042bea75f0393cac985f3c8ed4c6d5e8632ff83dc8cd244ff64d574abd86bf1"", ""token_outcomes"": {""108873365152798924068418688951736070447654469253931506113699012825707848555984"": ""NO"", ""57118191000218858810661298010274524910152496278947209878491672919060366838233"": ""YES""}, ""trade_pages_capped"": false, ""yes_token_id"": ""57118191000218858810661298010274524910152496278947209878491672919060366838233""}",7,7,7,5
polymarket,polymarket:3866513,3866513,7,2026-08-26T23:22:23.961000Z,2026-09-05T05:32:46.258285Z,2026-09-05T05:32:46.258285Z,2656,0,2026-08-26T23:25:13Z,2026-09-05T05:30:14Z,,,7,polymarket_clob_yes_market_price_history,,complete,,,False,False,"{""condition_id"": ""0x4b7d5f622d56026aa781e1980212222cdf062511d9a43374977f63caaa319167"", ""token_outcomes"": {""113723897378705706078842268524946607186546623972737413580238275236415147692313"": ""NO"", ""25226335382418878811139704494216585223785182281144462662587056114275058883989"": ""YES""}, ""trade_pages_capped"": false, ""yes_token_id"": ""25226335382418878811139704494216585223785182281144462662587056114275058883989""}",7,7,7,4
polymarket,polymarket:3866514,3866514,3,2026-08-24T17:59:43.278000Z,2026-09-03T13:14:21.906000Z,2026-09-02T13:14:21.906000Z,2200,0,2026-08-25T04:20:14Z,2026-09-01T19:40:15Z,,,3,polymarket_clob_yes_market_price_history,,complete,,,False,False,"{""condition_id"": ""0x3ed997847f4ee721e421d5e95ababa33232af3270964e2d5ec0a078f825b7b38"", ""token_outcomes"": {""219747944764323840400997960761235849748734732784384983771493357306974117227"": ""YES"", ""88880266461780514669076530901803663033260032768719949096392344214386050490646"": ""NO""}, ""trade_pages_capped"": false, ""yes_token_id"": ""219747944764323840400997960761235849748734732784384983771493357306974117227""}",3,3,3,1
polymarket,polymarket:3866515,3866515,6,2026-08-26T23:23:37.950000Z,2026-09-05T05:32:46.258285Z,2026-09-05T05:32:46.258285Z,2655,0,2026-08-26T23:25:15Z,2026-09-05T05:30:17Z,,,6,polymarket_clob_yes_market_price_history,,complete,,,False,False,"{""condition_id"": ""0xc102a040f2842be662d0544d0b68f048e805d0210fe2a3b1cb83521d29584f2d"", ""token_outcomes"": {""103216878146106839176259085892501749169837749326876123361316747114893299247057"": ""NO"", ""89542488140701002795860247565641013960145453279785346506670235100882608783461"": ""YES""}, ""trade_pages_capped"": false, ""yes_token_id"": ""89542488140701002795860247565641013960145453279785346506670235100882608783461""}",6,6,5,3
polymarket,polymarket:3886972,3886972,2,2026-08-25T14:02:28.843000Z,2026-09-04T22:12:45.011000Z,2026-09-03T22:12:45.011000Z,2886,0,2026-08-25T20:50:22Z,2026-09-04T22:10:26Z,,,2,polymarket_clob_yes_market_price_history,,complete,,,False,False,"{""condition_id"": ""0xb1168e01279db7c47c297efab2c43db29ea9e71c498008fc92f14840fee98735"", ""token_outcomes"": {""105450225255662745650840517169539561652515017873552251873653210771680444039442"": ""YES"", ""83776121309824101994637030217606933883732111405799345517099744263743952504740"": ""NO""}, ""trade_pages_capped"": false, ""yes_token_id"": ""105450225255662745650840517169539561652515017873552251873653210771680444039442""}",2,2,2,2
polymarket,polymarket:3902787,3902787,2,2026-08-24T13:06:59.865000Z,2026-09-02T13:24:23.559000Z,2026-09-01T13:24:23.559000Z,1983,0,2026-08-26T15:10:14Z,2026-09-02T13:20:11Z,,,2,polymarket_clob_yes_market_price_history,,complete,,,False,False,"{""condition_id"": ""0x37afc8c67078b5d694d354ce88690a71ef61ca948371a65c54e876f2eb4fd8b2"", ""token_outcomes"": {""13688772714913750717933391872471907115945672957862973500739259477072140961988"": ""YES"", ""81875439444994238969666921628330915924322315092742245955418735486034905350705"": ""NO""}, ""trade_pages_capped"": false, ""yes_token_id"": ""13688772714913750717933391872471907115945672957862973500739259477072140961988""}",2,2,2,2
polymarket,polymarket:3903826,3903826,2,2026-08-24T10:39:07.742000Z,2026-09-02T18:57:45.427000Z,2026-09-01T18:57:45.427000Z,1624,0,2026-08-26T16:25:12Z,2026-09-01T07:45:17Z,,,2,polymarket_clob_yes_market_price_history,,complete,,,False,False,"{""condition_id"": ""0xd480ec91d1c0e01c0014808c535dc5d8cc46bef9261768f5332d8fecdc7ae262"", ""token_outcomes"": {""103618254628248614089498462066822452391862448428209264582570320307597682684918"": ""NO"", ""32275044694148658682057717550606647755564257740602327103579199983757120184761"": ""YES""}, ""trade_pages_capped"": false, ""yes_token_id"": ""32275044694148658682057717550606647755564257740602327103579199983757120184761""}",2,2,2,0
polymarket,polymarket:3903909,3903909,4,2026-08-25T05:48:48.780000Z,2026-09-05T05:32:46.258285Z,2026-09-05T05:32:46.258285Z,2691,0,2026-08-26T20:30:15Z,2026-09-05T05:30:16Z,,,4,polymarket_clob_yes_market_price_history,,complete,,,False,False,"{""condition_id"": ""0x22383f53c751234fc9a9ee3a124868977930f4f5fb76c47ba6d00ca7f817641c"", ""token_outcomes"": {""22063612840819288046867245543676962615584639008647280097711060914511525822431"": ""YES"", ""6275897932836364891584008211347711661140485741380151666846403918556945727763"": ""NO""}, ""trade_pages_capped"": false, ""yes_token_id"": ""22063612840819288046867245543676962615584639008647280097711060914511525822431""}",4,4,3,3
polymarket,polymarket:3903942,3903942,4,2026-08-24T19:31:32.701000Z,2026-09-05T05:32:46.258285Z,2026-09-05T05:32:46.258285Z,2688,0,2026-08-26T20:35:29Z,2026-09-05T05:30:20Z,,,4,polymarket_clob_yes_market_price_history,,complete,,,False,False,"{""condition_id"": ""0xb98d8406279c2ffa269fe33a166f0323351ebaba7fe09fc513a278da07069b87"", ""token_outcomes"": {""86749303896043618506805623655526374218406764008328394146456813886974504777670"": ""YES"", ""92533975064953920654772577502965658575169002994013149600211675134872767678302"": ""NO""}, ""trade_pages_capped"": false, ""yes_token_id"": ""86749303896043618506805623655526374218406764008328394146456813886974504777670""}",4,4,3,3
polymarket,polymarket:3903943,3903943,4,2026-08-24T19:33:14.967000Z,2026-09-05T05:32:46.258285Z,2026-09-05T05:32:46.258285Z,2691,0,2026-08-26T20:30:13Z,2026-09-05T05:30:14Z,,,4,polymarket_clob_yes_market_price_history,,complete,,,False,False,"{""condition_id"": ""0xfde05b45f11cf3dce22cf4ecd3ea3822d763c62a0fcc120c917b560ff6096a8c"", ""token_outcomes"": {""48212691853976918063739205222747424551108298804250776226625817023062217277057"": ""NO"", ""55316238196512394117796473887061938844906742824053718434920060365185101995202"": ""YES""}, ""trade_pages_capped"": false, ""yes_token_id"": ""55316238196512394117796473887061938844906742824053718434920060365185101995202""}",4,4,3,3
polymarket,polymarket:3903958,3903958,4,2026-08-24T19:31:49.238000Z,2026-09-05T05:32:46.258285Z,2026-09-05T05:32:46.258285Z,2688,0,2026-08-26T20:35:29Z,2026-09-05T05:30:20Z,,,4,polymarket_clob_yes_market_price_history,,complete,,,False,False,"{""condition_id"": ""0x191c37ea3c7acdd7788722293971d46f90ab8d7cea2836dddd77843d312103ac"", ""token_outcomes"": {""114696426110219693461088540143395588685423135371306529396292931983184753736141"": ""NO"", ""32848179504913011007845060826799499681422612987143434565865301769284830978949"": ""YES""}, ""trade_pages_capped"": false, ""yes_token_id"": ""32848179504913011007845060826799499681422612987143434565865301769284830978949""}",4,4,3,3
polymarket,polymarket:3903967,3903967,4,2026-08-24T19:29:57.874000Z,2026-09-05T05:32:46.258285Z,2026-09-05T05:32:46.258285Z,2689,0,2026-08-26T20:30:19Z,2026-09-05T05:30:20Z,,,4,polymarket_clob_yes_market_price_history,,complete,,,False,False,"{""condition_id"": ""0x87c3b43994184f40af18b20b2b1c23402c197d0fc3156bf0871bf7c7e07177fc"", ""token_outcomes"": {""27456312037553822072858422323397969310864165579901593977336504263854966343446"": ""NO"", ""8698915253806110985216033643879603303465470043028431906710100917878612181536"": ""YES""}, ""trade_pages_capped"": false, ""yes_token_id"": ""8698915253806110985216033643879603303465470043028431906710100917878612181536""}",4,4,3,3
polymarket,polymarket:3903970,3903970,4,2026-08-24T19:33:16.219000Z,2026-09-05T05:32:46.258285Z,2026-09-05T05:32:46.258285Z,2691,0,2026-08-26T20:30:12Z,2026-09-05T05:30:14Z,,,4,polymarket_clob_yes_market_price_history,,complete,,,False,False,"{""condition_id"": ""0xfd3272ba55de558bf01569da67dd465ed5033c0125d8d2dc3790aa4e5b3c8b2c"", ""token_outcomes"": {""52110658398262628964231406845050211361094011202004755612849994413964845254936"": ""YES"", ""67997854426076178182757162224827355145022301533749197270479710424358080422008"": ""NO""}, ""trade_pages_capped"": false, ""yes_token_id"": ""52110658398262628964231406845050211361094011202004755612849994413964845254936""}",4,4,3,3
polymarket,polymarket:3903971,3903971,4,2026-08-24T19:30:27.602000Z,2026-09-05T05:32:46.258285Z,2026-09-05T05:32:46.258285Z,2690,0,2026-08-26T20:35:26Z,2026-09-05T05:30:15Z,,,4,polymarket_clob_yes_market_price_history,,complete,,,False,False,"{""condition_id"": ""0xefffb5bac78114fbf004f8b29010dde6a699feef00cf8e63dc37cad0606d1b6b"", ""token_outcomes"": {""51634247363427504309537772094544119820610234368692450774771946750109739002474"": ""YES"", ""88832125549061538489369968304797756726797786198116426587999566521065390074718"": ""NO""}, ""trade_pages_capped"": false, ""yes_token_id"": ""51634247363427504309537772094544119820610234368692450774771946750109739002474""}",4,4,3,3
polymarket,polymarket:3914576,3914576,1,2026-08-26T21:55:06.922000Z,2026-09-04T21:55:06.922000Z,2026-09-03T21:55:06.922000Z,2578,0,2026-08-26T22:10:14Z,2026-09-04T21:50:15Z,,,1,polymarket_clob_yes_market_price_history,,complete,,,False,False,"{""condition_id"": ""0x327f2a3432f4c15c3e3100af1131393c7653cd5cf3bc68a4936ad087e11dfc29"", ""token_outcomes"": {""88352132831662860485116512396615389953222034624702249124293495523721848199668"": ""NO"", ""90427935511391038626872122295660453738377529361337731598907465102187327217661"": ""YES""}, ""trade_pages_capped"": false, ""yes_token_id"": ""90427935511391038626872122295660453738377529361337731598907465102187327217661""}",1,1,1,1
polymarket,polymarket:3916930,3916930,2,2026-08-27T00:51:28.299000Z,2026-09-05T04:29:32.259000Z,2026-09-04T04:29:32.259000Z,2625,0,2026-08-27T00:55:12Z,2026-09-05T04:25:13Z,,,2,polymarket_clob_yes_market_price_history,,complete,,,False,False,"{""condition_id"": ""0x90e34b5fa9e4367f7ff8b24ff91a73aa8be31ffce3b6a3f191b5643e2da73c49"", ""token_outcomes"": {""11163122783130740501299989152337415441080930349727616481809031704242594662976"": ""YES"", ""11239352570777865804102314231477208588206997437207649771448190472009617869146"": ""NO""}, ""trade_pages_capped"": false, ""yes_token_id"": ""11163122783130740501299989152337415441080930349727616481809031704242594662976""}",2,2,2,2
polymarket,polymarket:3916931,3916931,1,2026-08-25T15:05:40.277000Z,2026-09-03T15:05:40.277000Z,2026-09-02T15:05:40.277000Z,2183,0,2026-08-27T00:20:14Z,2026-09-03T15:05:16Z,,,1,polymarket_clob_yes_market_price_history,,complete,,,False,False,"{""condition_id"": ""0x5eb0d321154b4eeea0a92af0ab86426e0217b9f068574f5baf2226df57dab90e"", ""token_outcomes"": {""55845601565204895597100500202412675304318645311570556714180029929386573277522"": ""YES"", ""78664013968060654806517748971431759285083401364586512625282094708059625331030"": ""NO""}, ""trade_pages_capped"": false, ""yes_token_id"": ""55845601565204895597100500202412675304318645311570556714180029929386573277522""}",1,1,1,1
polymarket,polymarket:3916932,3916932,1,2026-08-25T14:59:37.961000Z,2026-09-03T14:59:37.961000Z,2026-09-02T14:59:37.961000Z,2182,0,2026-08-27T00:20:12Z,2026-09-03T14:55:14Z,,,1,polymarket_clob_yes_market_price_history,,complete,,,False,False,"{""condition_id"": ""0xcce65f93aa0eaeb1ceed4fef2093894e8a1c92309f9a7b8ce38852bd12f2790a"", ""token_outcomes"": {""103038047463307273946359574444621764309352204573615807313301771149208311173832"": ""NO"", ""86976276483189139621019980265392131733989544170571957011277034391644226225917"": ""YES""}, ""trade_pages_capped"": false, ""yes_token_id"": ""86976276483189139621019980265392131733989544170571957011277034391644226225917""}",1,1,1,1
polymarket,polymarket:3917075,3917075,1,2026-08-25T05:31:47.529000Z,2026-09-03T05:31:47.529000Z,2026-09-02T05:31:47.529000Z,1707,0,2026-08-27T00:30:25Z,2026-09-01T22:40:14Z,,,1,polymarket_clob_yes_market_price_history,,complete,,,False,False,"{""condition_id"": ""0x8bfd842409def5063a22825d1dd5bf4bfc843cfd26dc7a1ca4c00a593a05721f"", ""token_outcomes"": {""30034195868112210300736778246674818140393581966686539378719809365761146332"": ""NO"", ""94838613791384975837987671671501140113045187360959198000667867256894662556917"": ""YES""}, ""trade_pages_capped"": false, ""yes_token_id"": ""94838613791384975837987671671501140113045187360959198000667867256894662556917""}",1,1,1,0
polymarket,polymarket:3917076,3917076,1,2026-08-25T05:37:04.312000Z,2026-09-03T05:37:04.312000Z,2026-09-02T05:37:04.312000Z,1708,0,2026-08-27T00:30:24Z,2026-09-01T22:40:13Z,,,1,polymarket_clob_yes_market_price_history,,complete,,,False,False,"{""condition_id"": ""0x10e2934e3dd5a78daaa022a7831a913d1650b520e2cd67c570c557d79ce600b4"", ""token_outcomes"": {""75003403892745602054877735668096000116368674840094796011944982182433860454983"": ""YES"", ""88594517926861565856233874468730864948975499906803968399327947744153122454466"": ""NO""}, ""trade_pages_capped"": false, ""yes_token_id"": ""75003403892745602054877735668096000116368674840094796011944982182433860454983""}",1,1,1,0
polymarket,polymarket:3917079,3917079,1,2026-08-25T05:30:14.874000Z,2026-09-03T05:30:14.874000Z,2026-09-02T05:30:14.874000Z,1706,0,2026-08-27T00:30:26Z,2026-09-01T22:40:16Z,,,1,polymarket_clob_yes_market_price_history,,complete,,,False,False,"{""condition_id"": ""0xf643fc60f7372a855457a867a86671789e38df7672ded1e6168d8c22abc59b7e"", ""token_outcomes"": {""28132184674825401597249217950671583612067870342537026136026137033992879520773"": ""NO"", ""38121965541983704704966344460947486917939576237192051436653700382805399965316"": ""YES""}, ""trade_pages_capped"": false, ""yes_token_id"": ""38121965541983704704966344460947486917939576237192051436653700382805399965316""}",1,1,1,0
polymarket,polymarket:3917080,3917080,1,2026-08-25T05:52:56.374000Z,2026-09-03T05:52:56.374000Z,2026-09-02T05:52:56.374000Z,1706,0,2026-08-27T00:30:26Z,2026-09-01T22:35:16Z,,,1,polymarket_clob_yes_market_price_history,,complete,,,False,False,"{""condition_id"": ""0x942918af8006a61380978467614f7797abfc2ba6fa95f68c5acce7ee942c44f5"", ""token_outcomes"": {""51212595449420717075379446803149633384916615296404257427943823175782358923578"": ""YES"", ""67434241943161193479737742524185209092756613858057278543390299979688648604698"": ""NO""}, ""trade_pages_capped"": false, ""yes_token_id"": ""51212595449420717075379446803149633384916615296404257427943823175782358923578""}",1,1,1,0
polymarket,polymarket:3917081,3917081,1,2026-08-25T05:30:40.604000Z,2026-09-03T05:30:40.604000Z,2026-09-02T05:30:40.604000Z,1707,0,2026-08-27T00:30:26Z,2026-09-01T22:40:15Z,,,1,polymarket_clob_yes_market_price_history,,complete,,,False,False,"{""condition_id"": ""0x5bc443d44337cbae922096d494aa864d8eacff5cc5989ef0edd17787f98988a7"", ""token_outcomes"": {""115092027044789007811514069607860986385279119876372090778637711870590531254082"": ""YES"", ""98186477870776059365560847571869088793860227145089992364545222184563818678015"": ""NO""}, ""trade_pages_capped"": false, ""yes_token_id"": ""115092027044789007811514069607860986385279119876372090778637711870590531254082""}",1,1,1,0
polymarket,polymarket:3933469,3933469,1,2026-08-24T10:56:45.249000Z,2026-09-02T10:56:45.249000Z,2026-09-01T10:56:45.249000Z,1219,0,2026-08-27T17:00:17Z,2026-08-31T22:40:17Z,,,1,polymarket_clob_yes_market_price_history,,complete,,,False,False,"{""condition_id"": ""0x3e19b88c709eb8229c1a42b99f37da31ac18ab65b606bd335b03f3bd42874efe"", ""token_outcomes"": {""49492441895069183475459541424061748839076358229452542799291181340690854327036"": ""NO"", ""68208070464109986101980654303080714145684619376750688601535449805613107134246"": ""YES""}, ""trade_pages_capped"": false, ""yes_token_id"": ""68208070464109986101980654303080714145684619376750688601535449805613107134246""}",1,1,1,0
polymarket,polymarket:3933900,3933900,1,2026-08-24T10:56:13.249000Z,2026-09-02T10:56:13.249000Z,2026-09-01T10:56:13.249000Z,1218,0,2026-08-27T17:05:16Z,2026-08-31T22:40:16Z,,,1,polymarket_clob_yes_market_price_history,,complete,,,False,False,"{""condition_id"": ""0x230b3c9484b48604c601857618cbe43461f5eafa34078eef09e44db95d106d51"", ""token_outcomes"": {""63236108640262929028390904004916364030235456442267016276465000640730640154465"": ""NO"", ""67705936551367571663013890186747175527205127235323621217949970965714703231756"": ""YES""}, ""trade_pages_capped"": false, ""yes_token_id"": ""67705936551367571663013890186747175527205127235323621217949970965714703231756""}",1,1,1,0
polymarket,polymarket:3949510,3949510,6,2026-08-24T13:20:07.257000Z,2026-09-03T14:00:32.219000Z,2026-09-02T14:00:32.219000Z,1294,0,2026-08-28T08:35:13Z,2026-09-01T20:15:14Z,,,6,polymarket_clob_yes_market_price_history,,complete,,,False,False,"{""condition_id"": ""0x03793335c6bbac222ba612f8d2cdedd33ca44438736cb77fa1dd215c5b91bd7e"", ""token_outcomes"": {""45457179113880470843099937544348382923306619767053423803007860172392041062543"": ""YES"", ""9244483983387835882194298263125894235948420073264632421009504543939231321651"": ""NO""}, ""trade_pages_capped"": false, ""yes_token_id"": ""45457179113880470843099937544348382923306619767053423803007860172392041062543""}",6,6,6,2
polymarket,polymarket:3949511,3949511,6,2026-08-24T23:00:01.730000Z,2026-09-03T17:12:48.826000Z,2026-09-02T17:12:48.826000Z,1293,0,2026-08-28T08:35:14Z,2026-09-01T20:15:15Z,,,6,polymarket_clob_yes_market_price_history,,complete,,,False,False,"{""condition_id"": ""0xc5ed0111caff233c3cf1d3f4bb1cfca2619b57c969f94b862bc7fec2c9cdaadc"", ""token_outcomes"": {""66435717977288161881618418576057003498454494009355491426959918759177096557788"": ""YES"", ""9890339626448936553347796879826916441895545426140483954113752268488850666507"": ""NO""}, ""trade_pages_capped"": false, ""yes_token_id"": ""66435717977288161881618418576057003498454494009355491426959918759177096557788""}",6,6,5,0
polymarket,polymarket:3949523,3949523,6,2026-08-24T23:00:01.730000Z,2026-09-03T15:15:00.027000Z,2026-09-02T15:15:00.027000Z,1294,0,2026-08-28T08:35:15Z,2026-09-01T20:20:16Z,,,6,polymarket_clob_yes_market_price_history,,complete,,,False,False,"{""condition_id"": ""0x453b562b7e009fe41f062e0e595767b2035b33a2d84b7b9aa0021f7dc910428a"", ""token_outcomes"": {""107514120500403180219027535478424162775339846347735514937738895143306140452414"": ""YES"", ""75151636591071365785469199906120551707491862487231346417893325390831097986229"": ""NO""}, ""trade_pages_capped"": false, ""yes_token_id"": ""107514120500403180219027535478424162775339846347735514937738895143306140452414""}",6,6,5,0
polymarket,polymarket:3949885,3949885,5,2026-08-24T13:20:07.257000Z,2026-09-03T14:00:32.219000Z,2026-09-02T14:00:32.219000Z,1281,0,2026-08-28T09:40:14Z,2026-09-01T20:15:14Z,,,5,polymarket_clob_yes_market_price_history,,complete,,,False,False,"{""condition_id"": ""0x1c4bf8cfa64caee939bfd0f52db7e482607cd1573f7ce94128782e2cccd6593c"", ""token_outcomes"": {""42317684396853879782643392167479249426186646055659668476720255285356431139389"": ""NO"", ""79062317949721479154711150708977050524106571106384849410396948248659347264536"": ""YES""}, ""trade_pages_capped"": false, ""yes_token_id"": ""79062317949721479154711150708977050524106571106384849410396948248659347264536""}",5,5,5,2
polymarket,polymarket:3951289,3951289,2,2026-08-24T13:08:21.638000Z,2026-09-02T14:46:06.451000Z,2026-09-01T14:46:06.451000Z,997,0,2026-08-28T12:20:12Z,2026-08-31T23:20:11Z,,,2,polymarket_clob_yes_market_price_history,,complete,,,False,False,"{""condition_id"": ""0x0de0ebbbe3a7fe119070677780f5bf897c22426ab0fc9237cf5487ac0050e381"", ""token_outcomes"": {""45009508805685180780161748325131024692288032660760661423070736387975712013833"": ""NO"", ""98359231442366754157935427954831659867434730202174882800476665508640498823741"": ""YES""}, ""trade_pages_capped"": false, ""yes_token_id"": ""98359231442366754157935427954831659867434730202174882800476665508640498823741""}",2,2,2,0
polymarket,polymarket:3953548,3953548,1,2026-08-24T22:45:15.767000Z,2026-09-02T22:45:15.767000Z,2026-09-01T22:45:15.767000Z,1507,0,2026-08-28T16:15:13Z,2026-09-02T22:40:17Z,,,1,polymarket_clob_yes_market_price_history,,complete,,,False,False,"{""condition_id"": ""0x8def5f772cd6aba88f032d6a4087be552e9948eddd897baa0fccef5aebd952ba"", ""token_outcomes"": {""45431785698259821622224770188969061251540295566137045288082575998913795773735"": ""YES"", ""82429104850929084251783210169465013917103056684803347841657068623347991956596"": ""NO""}, ""trade_pages_capped"": false, ""yes_token_id"": ""45431785698259821622224770188969061251540295566137045288082575998913795773735""}",1,1,1,1
polymarket,polymarket:3954342,3954342,9,2026-08-25T05:17:47.178000Z,2026-09-05T05:32:46.258285Z,2026-09-05T05:32:46.258285Z,2158,0,2026-08-28T17:00:14Z,2026-09-05T05:30:15Z,,,9,polymarket_clob_yes_market_price_history,,complete,,,False,False,"{""condition_id"": ""0x27b1c6c2bf872d5c3f1f549a7d4a144acb3964e26a2c372042dffd5f5471aaca"", ""token_outcomes"": {""46904615725231938941286208177758535670452318897941202782995858553536385927058"": ""YES"", ""54018372727252570766914495204946554578301783852096865211527480718618130665409"": ""NO""}, ""trade_pages_capped"": false, ""yes_token_id"": ""46904615725231938941286208177758535670452318897941202782995858553536385927058""}",9,9,9,6
polymarket,polymarket:3954343,3954343,14,2026-08-24T13:05:24.252000Z,2026-09-05T05:32:46.258285Z,2026-09-05T05:32:46.258285Z,2158,0,2026-08-28T17:00:15Z,2026-09-05T05:30:15Z,,,14,polymarket_clob_yes_market_price_history,,complete,,,False,False,"{""condition_id"": ""0x29465c9812b2eef7aee8bbb4af590595d87049868acbe8ccf3e354faf9e70cf6"", ""token_outcomes"": {""36364810323821935744945961982560586110401440589045274605668218991225890456385"": ""NO"", ""7430927207119859717448422604218470104532558655553578048452394954885232677914"": ""YES""}, ""trade_pages_capped"": false, ""yes_token_id"": ""7430927207119859717448422604218470104532558655553578048452394954885232677914""}",14,14,14,11
polymarket,polymarket:3960879,3960879,1,2026-08-28T16:35:38.208000Z,2026-09-05T05:32:46.258285Z,2026-09-05T05:32:46.258285Z,1997,0,2026-08-28T22:20:25Z,2026-09-04T21:35:29Z,,,1,polymarket_clob_yes_market_price_history,,complete,,,False,False,"{""condition_id"": ""0x881edfa5e7fd760b8c5274436d40ebefdab0d4b33ce4476f6b9a8e8d3473d9db"", ""token_outcomes"": {""40189720709375126682520750033353224123692926392481645723728070097593768377941"": ""NO"", ""73198333376517177018677208655748927491966035857685377460226113057798027567896"": ""YES""}, ""trade_pages_capped"": false, ""yes_token_id"": ""73198333376517177018677208655748927491966035857685377460226113057798027567896""}",1,1,0,0
polymarket,polymarket:3960897,3960897,2,2026-08-28T17:03:52.268000Z,2026-09-05T05:32:46.258285Z,2026-09-05T05:32:46.258285Z,2094,0,2026-08-28T22:20:23Z,2026-09-05T05:30:13Z,,,2,polymarket_clob_yes_market_price_history,,complete,,,False,False,"{""condition_id"": ""0x801001bf4b78d275dcd4fd83269e4b4630c33389b08e7a52bfe685c742bc98e2"", ""token_outcomes"": {""7019227517951726847325495686627291821634631228200412511797791718860466915236"": ""NO"", ""79528438768913213853324022391226691084934983934115123282638582855534334110379"": ""YES""}, ""trade_pages_capped"": false, ""yes_token_id"": ""79528438768913213853324022391226691084934983934115123282638582855534334110379""}",2,1,1,0
polymarket,polymarket:3960899,3960899,1,2026-08-28T16:36:20.603000Z,2026-09-05T05:32:46.258285Z,2026-09-05T05:32:46.258285Z,1984,0,2026-08-28T22:20:26Z,2026-09-04T20:30:19Z,,,1,polymarket_clob_yes_market_price_history,,complete,,,False,False,"{""condition_id"": ""0x368ae95d68eb0b8ba63fed808d4489ea2d403728c73d426e0231bea436edd083"", ""token_outcomes"": {""102905435163784715688755660005735562417970834603613704307410686295104883289187"": ""YES"", ""109858563570504377500929636985315467340489492874696164117940749186699785923129"": ""NO""}, ""trade_pages_capped"": false, ""yes_token_id"": ""102905435163784715688755660005735562417970834603613704307410686295104883289187""}",1,1,0,0
polymarket,polymarket:3960900,3960900,2,2026-08-28T11:10:17.884000Z,2026-09-05T05:32:46.258285Z,2026-09-05T05:32:46.258285Z,2094,0,2026-08-28T22:20:24Z,2026-09-05T05:30:15Z,,,2,polymarket_clob_yes_market_price_history,,complete,,,False,False,"{""condition_id"": ""0x9d162821dcc47ab52b7f4166ea9c91935f4f408d1b378452cf7b992755b78383"", ""token_outcomes"": {""7657129008582442573251265547300355782568952736402804290419916070729368981743"": ""NO"", ""90355828703175730122744700009540299600924945634348308776401963614203502838677"": ""YES""}, ""trade_pages_capped"": false, ""yes_token_id"": ""90355828703175730122744700009540299600924945634348308776401963614203502838677""}",2,2,2,0
polymarket,polymarket:3960902,3960902,4,2026-08-24T18:17:06.433000Z,2026-09-05T05:32:46.258285Z,2026-09-05T05:32:46.258285Z,1985,0,2026-08-28T22:20:23Z,2026-09-04T20:30:13Z,,,4,polymarket_clob_yes_market_price_history,,complete,,,False,False,"{""condition_id"": ""0x1fd744ea98e8e5aaa6ddc16e54c5944e718cbf71ec877f09a2d8541266220244"", ""token_outcomes"": {""58824171806091753840770060714733700126724128755481922940547312754091357626986"": ""YES"", ""78798005130850782023097014848697154553998511697410959873054410363222590432764"": ""NO""}, ""trade_pages_capped"": false, ""yes_token_id"": ""58824171806091753840770060714733700126724128755481922940547312754091357626986""}",4,4,3,2
polymarket,polymarket:3960904,3960904,1,2026-08-28T11:08:23.484000Z,2026-09-05T05:32:46.258285Z,2026-09-05T05:32:46.258285Z,1984,0,2026-08-28T22:20:26Z,2026-09-04T20:30:18Z,,,1,polymarket_clob_yes_market_price_history,,complete,,,False,False,"{""condition_id"": ""0xca9ea43634bedc22e721b388a60c5e81d02bf013bcded58ff7b587f286e87917"", ""token_outcomes"": {""102062186735336999500425275955931289434854733476479295232445197281648207745070"": ""NO"", ""63211327396628167840071948644170517983791844232927432805693774279914845835040"": ""YES""}, ""trade_pages_capped"": false, ""yes_token_id"": ""63211327396628167840071948644170517983791844232927432805693774279914845835040""}",1,1,1,0
polymarket,polymarket:3960905,3960905,3,2026-08-28T01:51:43.378000Z,2026-09-05T05:32:46.258285Z,2026-09-05T05:32:46.258285Z,2092,0,2026-08-28T22:20:27Z,2026-09-05T05:30:20Z,,,3,polymarket_clob_yes_market_price_history,,complete,,,False,False,"{""condition_id"": ""0xc0253e7fd7e57e60bad5be574ab136e235db72fba9e711c6285a0fb9e3e950d1"", ""token_outcomes"": {""11683050283924712979690485672912392962227955347918991891215735168666582135748"": ""NO"", ""35629941207306998478797826579126680748230517251581446969944034205938227113733"": ""YES""}, ""trade_pages_capped"": false, ""yes_token_id"": ""35629941207306998478797826579126680748230517251581446969944034205938227113733""}",3,2,2,1
polymarket,polymarket:3960908,3960908,2,2026-08-28T01:28:33.162000Z,2026-09-05T05:32:46.258285Z,2026-09-05T05:32:46.258285Z,1986,0,2026-08-28T22:20:25Z,2026-09-04T20:30:17Z,,,2,polymarket_clob_yes_market_price_history,,complete,,,False,False,"{""condition_id"": ""0x83b226bd32c57071a9ce68ce61585ed8858d270cb059d271e44895e2bf4bf5bf"", ""token_outcomes"": {""43597617346334396706946983634029219477968708045220155621938835628966892590713"": ""NO"", ""99875248005107531234306533107227540424590460821407696479695229667704419230290"": ""YES""}, ""trade_pages_capped"": false, ""yes_token_id"": ""99875248005107531234306533107227540424590460821407696479695229667704419230290""}",2,2,1,0
polymarket,polymarket:3960909,3960909,2,2026-08-28T11:10:47.883000Z,2026-09-05T05:32:46.258285Z,2026-09-05T05:32:46.258285Z,2094,0,2026-08-28T22:20:24Z,2026-09-05T05:30:14Z,,,2,polymarket_clob_yes_market_price_history,,complete,,,False,False,"{""condition_id"": ""0x4d15cab2b3fab888e78499476f3575f5cd6a9e7c16aac33e2db66d636efe1d6a"", ""token_outcomes"": {""18824792823717141770587002217891623679206830938885047794377728917950914275430"": ""YES"", ""22183222437144626977600310322544514561293706035584881655564142388582233310535"": ""NO""}, ""trade_pages_capped"": false, ""yes_token_id"": ""18824792823717141770587002217891623679206830938885047794377728917950914275430""}",2,2,2,0
polymarket,polymarket:3960910,3960910,1,2026-08-28T11:08:03.826000Z,2026-09-05T05:32:46.258285Z,2026-09-05T05:32:46.258285Z,1985,0,2026-08-28T22:20:23Z,2026-09-04T20:30:13Z,,,1,polymarket_clob_yes_market_price_history,,complete,,,False,False,"{""condition_id"": ""0x96b9079368dce1df4d99940484dfa881f65be7a90624499e064e4ab1d6dffc57"", ""token_outcomes"": {""106598541487824394365283624020766437220817968415614279235196342127824730333920"": ""YES"", ""11966147142288255753858635745214725173266960205076058040243690967970206963433"": ""NO""}, ""trade_pages_capped"": false, ""yes_token_id"": ""106598541487824394365283624020766437220817968415614279235196342127824730333920""}",1,1,1,0
polymarket,polymarket:3960912,3960912,2,2026-08-28T04:30:14.506000Z,2026-09-05T05:32:46.258285Z,2026-09-05T05:32:46.258285Z,1985,0,2026-08-28T22:20:25Z,2026-09-04T20:25:16Z,,,2,polymarket_clob_yes_market_price_history,,complete,,,False,False,"{""condition_id"": ""0x0ea826e01f1c810f06945904e7b0abee5b1b757680bc73748ccc895d4912a50e"", ""token_outcomes"": {""6784236540330686700680037944953745814584732814857841713914411190259724547265"": ""NO"", ""88206463639175811088751781430799726278127172151666993992650064469420662043847"": ""YES""}, ""trade_pages_capped"": false, ""yes_token_id"": ""88206463639175811088751781430799726278127172151666993992650064469420662043847""}",2,2,1,0
polymarket,polymarket:3960914,3960914,2,2026-08-28T01:28:24.205000Z,2026-09-05T05:32:46.258285Z,2026-09-05T05:32:46.258285Z,1985,0,2026-08-28T22:20:25Z,2026-09-04T20:25:16Z,,,2,polymarket_clob_yes_market_price_history,,complete,,,False,False,"{""condition_id"": ""0x6b4f3f98ede0b61da754c0a8edbeefc2b4d56720438fb38f1973108fea834a0b"", ""token_outcomes"": {""114301118940721715276988228812221859656657887899562608387395344905215122369209"": ""NO"", ""18343625787527108653945274208539819420033108339982396987658825386243607809710"": ""YES""}, ""trade_pages_capped"": false, ""yes_token_id"": ""18343625787527108653945274208539819420033108339982396987658825386243607809710""}",2,2,1,0
polymarket,polymarket:3960958,3960958,1,2026-08-28T22:39:47.887000Z,2026-09-05T05:32:46.258285Z,2026-09-05T05:32:46.258285Z,2090,0,2026-08-28T22:40:15Z,2026-09-05T05:30:16Z,,,1,polymarket_clob_yes_market_price_history,,complete,,,False,False,"{""condition_id"": ""0x8eea72b0f858dae06876ec2f2122bc8a9e0d287a83adbf56f71427e86b63aaed"", ""token_outcomes"": {""114682750938207855629060234779229458470847454241726910357504966261489241875604"": ""YES"", ""2810691734922649976437192642741419310614939809295279629862794410578483763943"": ""NO""}, ""trade_pages_capped"": false, ""yes_token_id"": ""114682750938207855629060234779229458470847454241726910357504966261489241875604""}",1,1,1,0
polymarket,polymarket:3960962,3960962,2,2026-08-28T04:30:12.900000Z,2026-09-05T05:32:46.258285Z,2026-09-05T05:32:46.258285Z,1984,0,2026-08-28T22:20:26Z,2026-09-04T20:30:19Z,,,2,polymarket_clob_yes_market_price_history,,complete,,,False,False,"{""condition_id"": ""0x49a9efad4c753f0a3159a6ea4ed22c9d50ba32582e1305a57dceb6ed5a4977b9"", ""token_outcomes"": {""103769124138619889243116010211676577518436693857531630940335050158014814817926"": ""NO"", ""13134942398164302209430363598040412069296256062372490503181722527183066412285"": ""YES""}, ""trade_pages_capped"": false, ""yes_token_id"": ""13134942398164302209430363598040412069296256062372490503181722527183066412285""}",2,2,1,0
polymarket,polymarket:3960988,3960988,2,2026-08-28T01:29:50.936000Z,2026-09-05T05:32:46.258285Z,2026-09-05T05:32:46.258285Z,1986,0,2026-08-28T22:20:23Z,2026-09-04T20:30:14Z,,,2,polymarket_clob_yes_market_price_history,,complete,,,False,False,"{""condition_id"": ""0x7ae0a7a45d2f5a387ae4a59fb30ae221e139ed2eefdedd5b4127285707c801a7"", ""token_outcomes"": {""107641564914302825628544392771765965461979130016707229835218104676132227032969"": ""YES"", ""93832504961585401116046546374791403569069576080026507196097228165811817820554"": ""NO""}, ""trade_pages_capped"": false, ""yes_token_id"": ""107641564914302825628544392771765965461979130016707229835218104676132227032969""}",2,2,1,0
polymarket,polymarket:3960989,3960989,2,2026-08-28T01:30:13.046000Z,2026-09-05T05:32:46.258285Z,2026-09-05T05:32:46.258285Z,1985,0,2026-08-28T22:20:23Z,2026-09-04T20:30:13Z,,,2,polymarket_clob_yes_market_price_history,,complete,,,False,False,"{""condition_id"": ""0x92cac544d298434a3ad96bcee9b0f69ba9ff22ffff9580f05612e95f01df547e"", ""token_outcomes"": {""55892114957833927111065224883392154792271470250485735827135519191474764569663"": ""NO"", ""91561698982881321076449315861301394059732760935200009756861953663939701638638"": ""YES""}, ""trade_pages_capped"": false, ""yes_token_id"": ""91561698982881321076449315861301394059732760935200009756861953663939701638638""}",2,2,1,0
polymarket,polymarket:3960999,3960999,4,2026-08-24T18:19:35.632000Z,2026-09-05T05:32:46.258285Z,2026-09-05T05:32:46.258285Z,1985,0,2026-08-28T22:20:25Z,2026-09-04T20:25:16Z,,,4,polymarket_clob_yes_market_price_history,,complete,,,False,False,"{""condition_id"": ""0x934ebf784331a1b06f31109b86ad4ea80688879ab820eae93a9f6984c0ea96fc"", ""token_outcomes"": {""74696768473455388048931878784631724331248075436748922038490260379404280295317"": ""YES"", ""8103726739009487282501714442782831021421346490721721831956649791847584201989"": ""NO""}, ""trade_pages_capped"": false, ""yes_token_id"": ""74696768473455388048931878784631724331248075436748922038490260379404280295317""}",4,4,3,2
polymarket,polymarket:3961006,3961006,1,2026-08-28T22:37:47.091000Z,2026-09-05T05:32:46.258285Z,2026-09-05T05:32:46.258285Z,2088,0,2026-08-28T22:40:18Z,2026-09-05T05:30:19Z,,,1,polymarket_clob_yes_market_price_history,,complete,,,False,False,"{""condition_id"": ""0x8c278e5cb6361814255bf492a078ee9a3d51b5376ca9bcbca421aef4d5124f78"", ""token_outcomes"": {""8232585588142925190546995857981799943886646914127156260228836721862372083996"": ""NO"", ""88531570762276979033701885374605938590627726893584094913244840438459899337987"": ""YES""}, ""trade_pages_capped"": false, ""yes_token_id"": ""88531570762276979033701885374605938590627726893584094913244840438459899337987""}",1,1,1,0
polymarket,polymarket:3961009,3961009,5,2026-08-25T05:44:58.527000Z,2026-09-05T05:32:46.258285Z,2026-09-05T05:32:46.258285Z,2092,0,2026-08-28T22:20:27Z,2026-09-05T05:30:20Z,,,5,polymarket_clob_yes_market_price_history,,complete,,,False,False,"{""condition_id"": ""0x49c7e8736632ea0cf1dbf60b9714ded97dd83158cf82cdc931d1aeaa03312ad2"", ""token_outcomes"": {""55230340235416672716550924085067565413936675872946692347285887162357312012907"": ""NO"", ""66448691514441001534839613229940861943088009360070455891076561941312148662041"": ""YES""}, ""trade_pages_capped"": false, ""yes_token_id"": ""66448691514441001534839613229940861943088009360070455891076561941312148662041""}",5,4,4,3
polymarket,polymarket:3961012,3961012,1,2026-08-28T22:39:28.847000Z,2026-09-05T05:32:46.258285Z,2026-09-05T05:32:46.258285Z,2090,0,2026-08-28T22:40:15Z,2026-09-05T05:30:16Z,,,1,polymarket_clob_yes_market_price_history,,complete,,,False,False,"{""condition_id"": ""0x4abe023dc885842abd35555ab96bb0fe13dd57ca5bdcc3a8097eb0444e787a6d"", ""token_outcomes"": {""107315058272276542856713612905317833655551874676639067424443082962538399858060"": ""YES"", ""3605787753024837988259315421554388808436269496271934346845212153833086850622"": ""NO""}, ""trade_pages_capped"": false, ""yes_token_id"": ""107315058272276542856713612905317833655551874676639067424443082962538399858060""}",1,1,1,0
polymarket,polymarket:3961014,3961014,2,2026-08-28T04:30:38.450000Z,2026-09-05T05:32:46.258285Z,2026-09-05T05:32:46.258285Z,1984,0,2026-08-28T22:20:27Z,2026-09-04T20:30:20Z,,,2,polymarket_clob_yes_market_price_history,,complete,,,False,False,"{""condition_id"": ""0x878714133f2d9c7fcb7b24e286d3446e0880abe9a9cf4149905a713036dce83b"", ""token_outcomes"": {""67883816044931152388463174969893197519630732363017268444517608457593407656904"": ""YES"", ""98073454439737113448990772428557213726202701948044306690032792997802544997190"": ""NO""}, ""trade_pages_capped"": false, ""yes_token_id"": ""67883816044931152388463174969893197519630732363017268444517608457593407656904""}",2,2,1,0
polymarket,polymarket:3961042,3961042,2,2026-08-28T04:30:15.043000Z,2026-09-05T05:32:46.258285Z,2026-09-05T05:32:46.258285Z,1986,0,2026-08-28T22:20:25Z,2026-09-04T20:30:17Z,,,2,polymarket_clob_yes_market_price_history,,complete,,,False,False,"{""condition_id"": ""0xc7879aaae6f5e0eca59a690db1b3a352cde178e7f6a65b04e89ba8ed8fa13466"", ""token_outcomes"": {""30204413535799222905973784951771111632064677162390775021434413272618193779928"": ""YES"", ""59518128929907982745099609658521624550173804345199165687808503591452556419135"": ""NO""}, ""trade_pages_capped"": false, ""yes_token_id"": ""30204413535799222905973784951771111632064677162390775021434413272618193779928""}",2,2,1,0
polymarket,polymarket:3961060,3961060,1,2026-08-28T22:39:38.139000Z,2026-09-05T05:32:46.258285Z,2026-09-05T05:32:46.258285Z,2088,0,2026-08-28T22:40:16Z,2026-09-05T05:30:17Z,,,1,polymarket_clob_yes_market_price_history,,complete,,,False,False,"{""condition_id"": ""0x6103b616fca652efe5c9e555e0dc642b0b8b4d619c79a1c954c5a6a8f6ca4165"", ""token_outcomes"": {""21741187391547537131345088819538662673003865033707818177549557243104066934989"": ""YES"", ""41648583259385535400164912265738223094931061189598669845994357691248208546280"": ""NO""}, ""trade_pages_capped"": false, ""yes_token_id"": ""21741187391547537131345088819538662673003865033707818177549557243104066934989""}",1,1,1,0
polymarket,polymarket:3961063,3961063,3,2026-08-28T01:51:46.417000Z,2026-09-05T05:32:46.258285Z,2026-09-05T05:32:46.258285Z,2092,0,2026-08-28T22:20:26Z,2026-09-05T05:30:18Z,,,3,polymarket_clob_yes_market_price_history,,complete,,,False,False,"{""condition_id"": ""0xa58051e333534c331133ad5f3f4f35307be6033727c3160d7904c731ed3f989b"", ""token_outcomes"": {""50803313521082448413102677902623957975295070821648669260184756408927994764818"": ""YES"", ""82167917405469849012927747494660192935637579299295889682517899482395810327316"": ""NO""}, ""trade_pages_capped"": false, ""yes_token_id"": ""50803313521082448413102677902623957975295070821648669260184756408927994764818""}",3,2,2,1
polymarket,polymarket:3961064,3961064,2,2026-08-28T01:30:15.411000Z,2026-09-05T05:32:46.258285Z,2026-09-05T05:32:46.258285Z,1984,0,2026-08-28T22:20:26Z,2026-09-04T20:30:19Z,,,2,polymarket_clob_yes_market_price_history,,complete,,,False,False,"{""condition_id"": ""0x475b3e1479d7c39364b4382d3ea63aa5d6ce3d3deffffda87fbe60f1b3baec7c"", ""token_outcomes"": {""18102238481411884073976354658140397992604115877473244135044931015144310627594"": ""YES"", ""88377669046702791588740913763685103133773290810117381756999318587724320262810"": ""NO""}, ""trade_pages_capped"": false, ""yes_token_id"": ""18102238481411884073976354658140397992604115877473244135044931015144310627594""}",2,2,1,0
polymarket,polymarket:3961069,3961069,1,2026-08-28T22:43:51.657000Z,2026-09-05T05:32:46.258285Z,2026-09-05T05:32:46.258285Z,2089,0,2026-08-28T22:45:14Z,2026-09-05T05:30:16Z,,,1,polymarket_clob_yes_market_price_history,,complete,,,False,False,"{""condition_id"": ""0x60c37a6326e6a3a6c81b686692e85597a2cb449390ec21c57c16af0651180047"", ""token_outcomes"": {""47346495167371409199369707634515198721805029201240300636160548055167954830431"": ""YES"", ""50477667492640551631043961344927484373780844892336982474251897154365722826621"": ""NO""}, ""trade_pages_capped"": false, ""yes_token_id"": ""47346495167371409199369707634515198721805029201240300636160548055167954830431""}",1,1,1,0
polymarket,polymarket:3961086,3961086,2,2026-08-28T04:30:46.711000Z,2026-09-05T05:32:46.258285Z,2026-09-05T05:32:46.258285Z,1982,0,2026-08-28T22:20:26Z,2026-09-04T20:20:16Z,,,2,polymarket_clob_yes_market_price_history,,complete,,,False,False,"{""condition_id"": ""0x93bdb54e5a0b55839d707e0b7fa20583856900d9cede4b768a018c8c7773aa5f"", ""token_outcomes"": {""6366019831585515798766674481779912213232780452232202021471862416635151182941"": ""NO"", ""777787932705234917426414778542949389727695942102515797469287043150910611297"": ""YES""}, ""trade_pages_capped"": false, ""yes_token_id"": ""777787932705234917426414778542949389727695942102515797469287043150910611297""}",2,2,1,0
polymarket,polymarket:3961096,3961096,1,2026-08-28T16:41:16.871000Z,2026-09-05T05:32:46.258285Z,2026-09-05T05:32:46.258285Z,1986,0,2026-08-28T22:20:24Z,2026-09-04T20:30:15Z,,,1,polymarket_clob_yes_market_price_history,,complete,,,False,False,"{""condition_id"": ""0x5431f2dc5e7f66a84b38a3ad100168e70bba114ae1bd9f49450e04cb0ae51e1d"", ""token_outcomes"": {""109919746658365788659721422653182298335129607132883489609716872273429153417250"": ""YES"", ""27960579550565635038797354279212329826484963273164230620212682744418039941199"": ""NO""}, ""trade_pages_capped"": false, ""yes_token_id"": ""109919746658365788659721422653182298335129607132883489609716872273429153417250""}",1,1,0,0
polymarket,polymarket:3961097,3961097,2,2026-08-28T01:32:13.980000Z,2026-09-05T05:32:46.258285Z,2026-09-05T05:32:46.258285Z,1986,0,2026-08-28T22:20:24Z,2026-09-04T20:30:15Z,,,2,polymarket_clob_yes_market_price_history,,complete,,,False,False,"{""condition_id"": ""0xa2da12336a61555517f958207a71744060e46feed53febd190f951a846ef30b6"", ""token_outcomes"": {""18549088516679068933429347648540642827167482721774552876376709538922442021011"": ""YES"", ""54476283655185811080352716171736251161893599302635661732953771868167590651446"": ""NO""}, ""trade_pages_capped"": false, ""yes_token_id"": ""18549088516679068933429347648540642827167482721774552876376709538922442021011""}",2,2,1,0
polymarket,polymarket:3961098,3961098,2,2026-08-28T04:30:22.982000Z,2026-09-05T05:32:46.258285Z,2026-09-05T05:32:46.258285Z,1984,0,2026-08-28T22:20:25Z,2026-09-04T20:30:18Z,,,2,polymarket_clob_yes_market_price_history,,complete,,,False,False,"{""condition_id"": ""0x1ccadceab8f8244e49fc92e0a7bad9cc8e716eae6f1920c338d99fdcc66ddf45"", ""token_outcomes"": {""55761738511633355518754037762056630353049939873734806446658542718465329885637"": ""NO"", ""6588245196724662494972230746950585996034053758001890404364689781148350247827"": ""YES""}, ""trade_pages_capped"": false, ""yes_token_id"": ""6588245196724662494972230746950585996034053758001890404364689781148350247827""}",2,2,1,0
polymarket,polymarket:3961103,3961103,1,2026-08-28T16:44:12.014000Z,2026-09-05T05:32:46.258285Z,2026-09-05T05:32:46.258285Z,1985,0,2026-08-28T22:20:24Z,2026-09-04T20:25:14Z,,,1,polymarket_clob_yes_market_price_history,,complete,,,False,False,"{""condition_id"": ""0x5aa62f7731beb097577ec7e06949050e9b40aa3aa282e8c2554cd0b27a41a58b"", ""token_outcomes"": {""115544527947676141268002884190125803188611295292126804151233401530858003160809"": ""YES"", ""30155430116279558992211904843918648309820055577917244527479394249077365290611"": ""NO""}, ""trade_pages_capped"": false, ""yes_token_id"": ""115544527947676141268002884190125803188611295292126804151233401530858003160809""}",1,1,0,0
polymarket,polymarket:3961114,3961114,2,2026-08-28T11:10:37.234000Z,2026-09-05T05:32:46.258285Z,2026-09-05T05:32:46.258285Z,2092,0,2026-08-28T22:20:26Z,2026-09-05T05:30:18Z,,,2,polymarket_clob_yes_market_price_history,,complete,,,False,False,"{""condition_id"": ""0x34b713ffe7a79ab4c0115315af627eb6a352afaf03da4b7a751f09991b5e70cc"", ""token_outcomes"": {""55471415963904364223224361431349121343004902374069553306482850161187647277757"": ""YES"", ""69139304700360953443949097297949771490556085504313882165455139023353412275889"": ""NO""}, ""trade_pages_capped"": false, ""yes_token_id"": ""55471415963904364223224361431349121343004902374069553306482850161187647277757""}",2,2,2,0
polymarket,polymarket:3961118,3961118,3,2026-08-28T02:00:26.147000Z,2026-09-05T05:32:46.258285Z,2026-09-05T05:32:46.258285Z,2092,0,2026-08-28T22:20:26Z,2026-09-05T05:30:18Z,,,3,polymarket_clob_yes_market_price_history,,complete,,,False,False,"{""condition_id"": ""0x32303ab0448fe08b8aebc26cda0fceb91e65f8e8974ac42714345520f0ce674c"", ""token_outcomes"": {""56297225638296822625757485908414811934495445612140894901481455785560096237934"": ""YES"", ""67858604195061242875387667186841289192986048080807853558543037719337118418478"": ""NO""}, ""trade_pages_capped"": false, ""yes_token_id"": ""56297225638296822625757485908414811934495445612140894901481455785560096237934""}",3,2,2,1
polymarket,polymarket:3961122,3961122,2,2026-08-28T17:15:02.124000Z,2026-09-05T05:32:46.258285Z,2026-09-05T05:32:46.258285Z,2094,0,2026-08-28T22:20:24Z,2026-09-05T05:30:14Z,,,2,polymarket_clob_yes_market_price_history,,complete,,,False,False,"{""condition_id"": ""0x511cba6c0ff4a98f6b0adc5f8ec846a9c581103438f7bc67ad69ea25e40cb858"", ""token_outcomes"": {""101872689035980019813629448697529319568820853489530616604728881410341564155719"": ""NO"", ""45135005071725397867851689924198088107292750748295646861538507407863649730791"": ""YES""}, ""trade_pages_capped"": false, ""yes_token_id"": ""45135005071725397867851689924198088107292750748295646861538507407863649730791""}",2,1,1,0
polymarket,polymarket:3961125,3961125,4,2026-08-25T05:33:41.576000Z,2026-09-05T05:32:46.258285Z,2026-09-05T05:32:46.258285Z,1984,0,2026-08-28T22:20:24Z,2026-09-04T20:20:15Z,,,4,polymarket_clob_yes_market_price_history,,complete,,,False,False,"{""condition_id"": ""0x8e3b69e8565c4bc367a4fd0a9f222d2a81d9b522a3e84918b339b32d7ceac09a"", ""token_outcomes"": {""44986979649856600047835696639875793541722332636795437851636251524628367553207"": ""YES"", ""78335769286327397567485276618665037288215839264961433003560817502895116852436"": ""NO""}, ""trade_pages_capped"": false, ""yes_token_id"": ""44986979649856600047835696639875793541722332636795437851636251524628367553207""}",4,4,3,2
polymarket,polymarket:3961126,3961126,2,2026-08-28T11:10:56.084000Z,2026-09-05T05:32:46.258285Z,2026-09-05T05:32:46.258285Z,2094,0,2026-08-28T22:20:25Z,2026-09-05T05:30:16Z,,,2,polymarket_clob_yes_market_price_history,,complete,,,False,False,"{""condition_id"": ""0xde0b4d31626e1b6520ed3e292004052c4a875a00e525749e090cd1b46d19586e"", ""token_outcomes"": {""33517595743633547330248940023289101294861759983931477764973545055205112530478"": ""YES"", ""96286490385875529130674189690556017491323962865348172251225630770432202623751"": ""NO""}, ""trade_pages_capped"": false, ""yes_token_id"": ""33517595743633547330248940023289101294861759983931477764973545055205112530478""}",2,2,2,0
polymarket,polymarket:3961128,3961128,4,2026-08-25T18:12:41.203000Z,2026-09-05T05:32:46.258285Z,2026-09-05T05:32:46.258285Z,1984,0,2026-08-28T22:20:23Z,2026-09-04T20:25:12Z,,,4,polymarket_clob_yes_market_price_history,,complete,,,False,False,"{""condition_id"": ""0xccd8e6f34a6d6c1f6c8aff9cef5f06b9cab20db587b33eb01773066eb16f7ba0"", ""token_outcomes"": {""26972172468027549257212711651378725149255939756220655477396030737192595528004"": ""NO"", ""71321946572738404525591969568793203708803394938597329482221198422088262823223"": ""YES""}, ""trade_pages_capped"": false, ""yes_token_id"": ""71321946572738404525591969568793203708803394938597329482221198422088262823223""}",4,4,3,2
polymarket,polymarket:3961129,3961129,1,2026-08-28T16:46:16.405000Z,2026-09-05T05:32:46.258285Z,2026-09-05T05:32:46.258285Z,1985,0,2026-08-28T22:20:23Z,2026-09-04T20:30:13Z,,,1,polymarket_clob_yes_market_price_history,,complete,,,False,False,"{""condition_id"": ""0xd4ef90a7f279605b4afe610655a31b8b6c4e1f899f30c655dc3e9322c27c6765"", ""token_outcomes"": {""18250612863164611185138303124585713624064345946194024809921223970744185838471"": ""NO"", ""31308564704930839106000019019364122677397190181671977336238022442526380140855"": ""YES""}, ""trade_pages_capped"": false, ""yes_token_id"": ""31308564704930839106000019019364122677397190181671977336238022442526380140855""}",1,1,0,0
polymarket,polymarket:3961130,3961130,1,2026-08-28T22:40:49.788000Z,2026-09-05T05:32:46.258285Z,2026-09-05T05:32:46.258285Z,2087,0,2026-08-28T22:45:16Z,2026-09-05T05:30:18Z,,,1,polymarket_clob_yes_market_price_history,,complete,,,False,False,"{""condition_id"": ""0x7c9a00b58650a70f5ffda28dad4fbce41537d2dacda77a01a06c3b71ef38a818"", ""token_outcomes"": {""48398101626484420128809088942263477237402277151280447409154848914389253688827"": ""NO"", ""6386177347011753841718278839660686019877437925306042226281405410206358061870"": ""YES""}, ""trade_pages_capped"": false, ""yes_token_id"": ""6386177347011753841718278839660686019877437925306042226281405410206358061870""}",1,1,1,0
polymarket,polymarket:3961136,3961136,1,2026-08-28T11:08:31.460000Z,2026-09-05T05:32:46.258285Z,2026-09-05T05:32:46.258285Z,1984,0,2026-08-28T22:20:27Z,2026-09-04T20:30:20Z,,,1,polymarket_clob_yes_market_price_history,,complete,,,False,False,"{""condition_id"": ""0x10d846751a9b9b3990532b3af89cfaa941b7e320c33b8e8fdf59b69d77d4e173"", ""token_outcomes"": {""28196323725023478937947310881580671377875453888579634785778944841412434927218"": ""YES"", ""46731819317262457993085933758920527088163357085084796447657427677024284262302"": ""NO""}, ""trade_pages_capped"": false, ""yes_token_id"": ""28196323725023478937947310881580671377875453888579634785778944841412434927218""}",1,1,1,0
polymarket,polymarket:3961146,3961146,2,2026-08-28T01:33:56.977000Z,2026-09-05T05:32:46.258285Z,2026-09-05T05:32:46.258285Z,1986,0,2026-08-28T22:20:24Z,2026-09-04T20:30:15Z,,,2,polymarket_clob_yes_market_price_history,,complete,,,False,False,"{""condition_id"": ""0x01a2987c6733491ca9ddead9c514d0ebce5639dc339799fcb68d5f45726fbd15"", ""token_outcomes"": {""23359551970912923222374679628739257845537003961965566661775684727246712921581"": ""YES"", ""29945690916778062550519700531990635285953117559655108466876749352034852777427"": ""NO""}, ""trade_pages_capped"": false, ""yes_token_id"": ""23359551970912923222374679628739257845537003961965566661775684727246712921581""}",2,2,1,0
polymarket,polymarket:3961150,3961150,1,2026-08-28T22:41:11.567000Z,2026-09-05T05:32:46.258285Z,2026-09-05T05:32:46.258285Z,2087,0,2026-08-28T22:45:16Z,2026-09-05T05:30:19Z,,,1,polymarket_clob_yes_market_price_history,,complete,,,False,False,"{""condition_id"": ""0x53752441499f7cfd41105d0776367cdcd3b7c3be225a13dee88634066521001d"", ""token_outcomes"": {""54108274037524720174395149247889003039726195545877415562831099905897958849913"": ""YES"", ""7879893372353184190722723902557961203693684945377916122899017245812332678819"": ""NO""}, ""trade_pages_capped"": false, ""yes_token_id"": ""54108274037524720174395149247889003039726195545877415562831099905897958849913""}",1,1,1,0
polymarket,polymarket:3961154,3961154,2,2026-08-28T17:06:39.387000Z,2026-09-05T05:32:46.258285Z,2026-09-05T05:32:46.258285Z,2094,0,2026-08-28T22:20:24Z,2026-09-05T05:30:14Z,,,2,polymarket_clob_yes_market_price_history,,complete,,,False,False,"{""condition_id"": ""0x0e4fff965f54acb64d13ed4e12d9d5bd6510f60ebca80a59dfe690a255323e19"", ""token_outcomes"": {""22501518682137250796519582628360433330736636378513529360523975091162043087299"": ""YES"", ""67600327165995953507054734481511338614762826564321517392708454648225783525146"": ""NO""}, ""trade_pages_capped"": false, ""yes_token_id"": ""22501518682137250796519582628360433330736636378513529360523975091162043087299""}",2,1,1,0
polymarket,polymarket:3961161,3961161,2,2026-08-28T11:10:49.472000Z,2026-09-05T05:32:46.258285Z,2026-09-05T05:32:46.258285Z,2094,0,2026-08-28T22:20:24Z,2026-09-05T05:30:15Z,,,2,polymarket_clob_yes_market_price_history,,complete,,,False,False,"{""condition_id"": ""0xa5fa444c1d1811cc326954f66d181f6a83b79454e1f123a98d056c3cae4a875c"", ""token_outcomes"": {""43967898901294776764713671594185298237194019454079340360431765444064335255601"": ""NO"", ""76329407457352481688587106116084089810197244017694119184233171299007422105836"": ""YES""}, ""trade_pages_capped"": false, ""yes_token_id"": ""76329407457352481688587106116084089810197244017694119184233171299007422105836""}",2,2,2,0
polymarket,polymarket:3961170,3961170,2,2026-08-28T11:11:40.119000Z,2026-09-05T05:32:46.258285Z,2026-09-05T05:32:46.258285Z,2093,0,2026-08-28T22:20:23Z,2026-09-05T05:30:13Z,,,2,polymarket_clob_yes_market_price_history,,complete,,,False,False,"{""condition_id"": ""0x2e87ad11a10df732413b8910058639734a709d6d7381ac6e6eef44cb4beaf5d7"", ""token_outcomes"": {""23570371064864255472738758108901600214915074022764950631605523305304238541881"": ""YES"", ""95195279149755761911338335381534047160223274071059111013804745431430308842871"": ""NO""}, ""trade_pages_capped"": false, ""yes_token_id"": ""23570371064864255472738758108901600214915074022764950631605523305304238541881""}",2,2,2,0
polymarket,polymarket:3961174,3961174,3,2026-08-28T01:51:54.183000Z,2026-09-05T05:32:46.258285Z,2026-09-05T05:32:46.258285Z,2092,0,2026-08-28T22:20:27Z,2026-09-05T05:30:20Z,,,3,polymarket_clob_yes_market_price_history,,complete,,,False,False,"{""condition_id"": ""0xbf12fcf2c4902fc29eb5313111225bbd0a908918ab8c49d6844ea33d16eaaacf"", ""token_outcomes"": {""64273455813146078810918889858703341136461788346712879330053699365056450367621"": ""NO"", ""7163339860419139574965305207080684006409973270545998399914110378596707956818"": ""YES""}, ""trade_pages_capped"": false, ""yes_token_id"": ""7163339860419139574965305207080684006409973270545998399914110378596707956818""}",3,2,2,1
polymarket,polymarket:3961178,3961178,1,2026-08-28T16:45:56.632000Z,2026-09-05T05:32:46.258285Z,2026-09-05T05:32:46.258285Z,1986,0,2026-08-28T22:20:24Z,2026-09-04T20:30:15Z,,,1,polymarket_clob_yes_market_price_history,,complete,,,False,False,"{""condition_id"": ""0x3dbbce65c9d5a49c5f00b5ee752a4584cad510dacb3d5f0991ef65c48b623557"", ""token_outcomes"": {""62994344710608415445727826500344220486969611006038287318463319756812165962351"": ""NO"", ""72199931703618060652394446800268000397361600368496773092959913116103203168032"": ""YES""}, ""trade_pages_capped"": false, ""yes_token_id"": ""72199931703618060652394446800268000397361600368496773092959913116103203168032""}",1,1,0,0
polymarket,polymarket:3961182,3961182,2,2026-08-28T11:11:57.857000Z,2026-09-05T05:32:46.258285Z,2026-09-05T05:32:46.258285Z,2094,0,2026-08-28T22:20:24Z,2026-09-05T05:30:15Z,,,2,polymarket_clob_yes_market_price_history,,complete,,,False,False,"{""condition_id"": ""0xec3b6398eb56d5978cf3bf353a00d67a29c146ebe699d92d78a8313f1637c384"", ""token_outcomes"": {""18718185993172515091824872229539872912303876621510850656809111818633068306339"": ""YES"", ""78614837973547476349921785580173389293791950613351282555521954008976906352944"": ""NO""}, ""trade_pages_capped"": false, ""yes_token_id"": ""18718185993172515091824872229539872912303876621510850656809111818633068306339""}",2,2,2,0
polymarket,polymarket:3961183,3961183,1,2026-08-28T11:08:58.570000Z,2026-09-05T05:32:46.258285Z,2026-09-05T05:32:46.258285Z,1986,0,2026-08-28T22:20:25Z,2026-09-04T20:30:16Z,,,1,polymarket_clob_yes_market_price_history,,complete,,,False,False,"{""condition_id"": ""0x9c36f1fd9dbd2c4747d8b47b1a95d561a36f9c00f5ec6e2f980c794917f0a209"", ""token_outcomes"": {""103761743211546373766104196738812392388492147131061481614713552202105679063244"": ""NO"", ""60571653501910864310819457028694024505171419668258212058495132577422409676011"": ""YES""}, ""trade_pages_capped"": false, ""yes_token_id"": ""60571653501910864310819457028694024505171419668258212058495132577422409676011""}",1,1,1,0
polymarket,polymarket:3961185,3961185,1,2026-08-28T11:09:43.157000Z,2026-09-05T05:32:46.258285Z,2026-09-05T05:32:46.258285Z,1986,0,2026-08-28T22:20:23Z,2026-09-04T20:30:14Z,,,1,polymarket_clob_yes_market_price_history,,complete,,,False,False,"{""condition_id"": ""0x6d54886dd799da39eba1f1d2d547fbbb98b51ace78dee9e5304932254d3368a5"", ""token_outcomes"": {""43423130299133963801806598110503993402042123770878015169016408995934658487603"": ""YES"", ""56987355945396865641222473867258665092125509453718663833773777243106011570946"": ""NO""}, ""trade_pages_capped"": false, ""yes_token_id"": ""43423130299133963801806598110503993402042123770878015169016408995934658487603""}",1,1,1,0
polymarket,polymarket:3961187,3961187,2,2026-08-28T01:34:13.628000Z,2026-09-05T05:32:46.258285Z,2026-09-05T05:32:46.258285Z,1984,0,2026-08-28T22:20:26Z,2026-09-04T20:30:18Z,,,2,polymarket_clob_yes_market_price_history,,complete,,,False,False,"{""condition_id"": ""0xdb94a7c8714d9a49101bf45346f757c00496028eaf86a3bb5c9856d073c801dc"", ""token_outcomes"": {""111401296605606448976483700649456527019843775602616233243405361187064748181972"": ""NO"", ""62477044751776729479664514627036222697596283955427656499938191274138280126675"": ""YES""}, ""trade_pages_capped"": false, ""yes_token_id"": ""62477044751776729479664514627036222697596283955427656499938191274138280126675""}",2,2,1,0
polymarket,polymarket:3961189,3961189,3,2026-08-27T05:01:39.635000Z,2026-09-05T05:32:46.258285Z,2026-09-05T05:32:46.258285Z,1984,0,2026-08-28T22:20:25Z,2026-09-04T20:25:17Z,,,3,polymarket_clob_yes_market_price_history,,complete,,,False,False,"{""condition_id"": ""0x26780f1283e652d125cdaa701be3c286fc2652811a385980345ed11dbd233186"", ""token_outcomes"": {""78510979588565633626948121673810992851236077627510851559771725634076311067973"": ""NO"", ""96163124449279321059545052851468869347760630886563322673381892738385134379815"": ""YES""}, ""trade_pages_capped"": false, ""yes_token_id"": ""96163124449279321059545052851468869347760630886563322673381892738385134379815""}",3,3,2,1
polymarket,polymarket:3961190,3961190,1,2026-08-28T16:46:54.391000Z,2026-09-05T05:32:46.258285Z,2026-09-05T05:32:46.258285Z,2000,0,2026-08-28T22:20:24Z,2026-09-04T21:40:15Z,,,1,polymarket_clob_yes_market_price_history,,complete,,,False,False,"{""condition_id"": ""0x5c6b732b6d5674f0b3d95b5511debbd5ca6ebf62a16481fa23a2a54b22059098"", ""token_outcomes"": {""12520451091475131377910686731239707505643555967515252026018023907667634226275"": ""NO"", ""81217316525317154891057047514576349035284828609432038754503480436925905702929"": ""YES""}, ""trade_pages_capped"": false, ""yes_token_id"": ""81217316525317154891057047514576349035284828609432038754503480436925905702929""}",1,1,0,0
polymarket,polymarket:3961195,3961195,2,2026-08-28T04:30:39.373000Z,2026-09-05T05:32:46.258285Z,2026-09-05T05:32:46.258285Z,1983,0,2026-08-28T22:20:25Z,2026-09-04T20:20:16Z,,,2,polymarket_clob_yes_market_price_history,,complete,,,False,False,"{""condition_id"": ""0x7c5a798269b6d5c8b8268a401a9734bb0029b7be058d3964e8631f2984331081"", ""token_outcomes"": {""100289544986985723367454883549879436371789661196810375889255935842469588321035"": ""YES"", ""105905786957591015138716722095065035490672620149418557891364097857964471789812"": ""NO""}, ""trade_pages_capped"": false, ""yes_token_id"": ""100289544986985723367454883549879436371789661196810375889255935842469588321035""}",2,2,1,0
polymarket,polymarket:3961197,3961197,2,2026-08-28T01:33:33.336000Z,2026-09-05T05:32:46.258285Z,2026-09-05T05:32:46.258285Z,1983,0,2026-08-28T22:20:27Z,2026-09-04T20:25:19Z,,,2,polymarket_clob_yes_market_price_history,,complete,,,False,False,"{""condition_id"": ""0xbf23878a6f02bbbde22d32e00ea482d4ebc8d16561308ce3c795aaa086283f0d"", ""token_outcomes"": {""3140064468288007665864317843931198148896875126086378492726380985841978591018"": ""NO"", ""42135873828717559538045593184750237296993833227626350622020210545040916277490"": ""YES""}, ""trade_pages_capped"": false, ""yes_token_id"": ""42135873828717559538045593184750237296993833227626350622020210545040916277490""}",2,2,1,0
polymarket,polymarket:3961205,3961205,4,2026-08-24T19:22:06.239000Z,2026-09-05T05:32:46.258285Z,2026-09-05T05:32:46.258285Z,1984,0,2026-08-28T22:20:23Z,2026-09-04T20:25:13Z,,,4,polymarket_clob_yes_market_price_history,,complete,,,False,False,"{""condition_id"": ""0xca5b7cb312dd6ae59ce2a271ef515a94085822203b37d71ab9fc1dd350e5b69f"", ""token_outcomes"": {""26452486305351864559281079745722887665425650250995604150535507621206812334047"": ""NO"", ""84761181189334704970974880519011409670073745176988368208929481304992123915238"": ""YES""}, ""trade_pages_capped"": false, ""yes_token_id"": ""84761181189334704970974880519011409670073745176988368208929481304992123915238""}",4,4,3,2
polymarket,polymarket:3961212,3961212,2,2026-08-28T11:11:39.813000Z,2026-09-05T05:32:46.258285Z,2026-09-05T05:32:46.258285Z,2094,0,2026-08-28T22:20:24Z,2026-09-05T05:30:14Z,,,2,polymarket_clob_yes_market_price_history,,complete,,,False,False,"{""condition_id"": ""0xdf6fb25cebfb9a5c34b2400bee8ffca59e1205b2487aff35c0a80a7a5e429f42"", ""token_outcomes"": {""52567784424664062242830695314531374258185424832151964691287742592150309854872"": ""NO"", ""93785266327062637327710242484330841492080405675660671338737797278571560095783"": ""YES""}, ""trade_pages_capped"": false, ""yes_token_id"": ""93785266327062637327710242484330841492080405675660671338737797278571560095783""}",2,2,2,0
polymarket,polymarket:3961215,3961215,3,2026-08-28T01:51:54.066000Z,2026-09-05T05:32:46.258285Z,2026-09-05T05:32:46.258285Z,2094,0,2026-08-28T22:20:25Z,2026-09-05T05:30:16Z,,,3,polymarket_clob_yes_market_price_history,,complete,,,False,False,"{""condition_id"": ""0x5e2a82d9d5ac5e8ee8dd27c254639fe572a169291ab731bd05a39bdb1a6e2b79"", ""token_outcomes"": {""19137250086147356524889435600121720329083521006343492236589155785492743914975"": ""YES"", ""61405896358458360982137888429725258981187790325124642704407975197848595294314"": ""NO""}, ""trade_pages_capped"": false, ""yes_token_id"": ""19137250086147356524889435600121720329083521006343492236589155785492743914975""}",3,2,2,1
polymarket,polymarket:3961218,3961218,2,2026-08-28T04:31:02.633000Z,2026-09-05T05:32:46.258285Z,2026-09-05T05:32:46.258285Z,1985,0,2026-08-28T22:20:23Z,2026-09-04T20:25:13Z,,,2,polymarket_clob_yes_market_price_history,,complete,,,False,False,"{""condition_id"": ""0x1d57b58c4cdc6a2ca9eef219a96cacc62908a66bc9353715f724484447264e49"", ""token_outcomes"": {""106510071187811057741423102565123924378794619952820601191634157445100575028732"": ""YES"", ""3396212802160162944893202345119921465781856229551901365983944916424811033308"": ""NO""}, ""trade_pages_capped"": false, ""yes_token_id"": ""106510071187811057741423102565123924378794619952820601191634157445100575028732""}",2,2,1,0
polymarket,polymarket:3961219,3961219,2,2026-08-28T11:12:21.600000Z,2026-09-05T05:32:46.258285Z,2026-09-05T05:32:46.258285Z,2092,0,2026-08-28T22:20:27Z,2026-09-05T05:30:19Z,,,2,polymarket_clob_yes_market_price_history,,complete,,,False,False,"{""condition_id"": ""0xd4b7be3e3f0a63959fa4e1d17ce5ea3b7a24ce1d4b229f3797f0b186c2859ccf"", ""token_outcomes"": {""109978904138211654441222172744854507393064392408690697514556063165640126735435"": ""NO"", ""110770906972418376910981170589726433212694328769852752298499801928973503162529"": ""YES""}, ""trade_pages_capped"": false, ""yes_token_id"": ""110770906972418376910981170589726433212694328769852752298499801928973503162529""}",2,2,2,0
polymarket,polymarket:3961221,3961221,3,2026-08-26T23:48:45.836000Z,2026-09-05T05:32:46.258285Z,2026-09-05T05:32:46.258285Z,1985,0,2026-08-28T22:20:24Z,2026-09-04T20:25:15Z,,,3,polymarket_clob_yes_market_price_history,,complete,,,False,False,"{""condition_id"": ""0x55d7bd2e0598f6940dfd2f5d52be6987ae9f963de96601ec8cb4542eef395a20"", ""token_outcomes"": {""33944689215778370927501803429089221255880586637846977593832448991674552896156"": ""NO"", ""34825138228102942695723065334765549346014708233868475419118117547844983406562"": ""YES""}, ""trade_pages_capped"": false, ""yes_token_id"": ""34825138228102942695723065334765549346014708233868475419118117547844983406562""}",3,3,2,1
polymarket,polymarket:3961229,3961229,4,2026-08-25T05:33:17.873000Z,2026-09-05T05:32:46.258285Z,2026-09-05T05:32:46.258285Z,1983,0,2026-08-28T22:20:27Z,2026-09-04T20:25:19Z,,,4,polymarket_clob_yes_market_price_history,,complete,,,False,False,"{""condition_id"": ""0x3053969bf50ae6e3602a90b7cce2cf232693bf925c45b2c649447a3b0e483a59"", ""token_outcomes"": {""114173596883560002555535681147183554446479421386873356915910580333069520452988"": ""NO"", ""114805893281451128220945647021388560092553167491673152475079553395844911995107"": ""YES""}, ""trade_pages_capped"": false, ""yes_token_id"": ""114805893281451128220945647021388560092553167491673152475079553395844911995107""}",4,4,3,2
polymarket,polymarket:3961230,3961230,1,2026-08-28T11:09:10.801000Z,2026-09-05T05:32:46.258285Z,2026-09-05T05:32:46.258285Z,1904,0,2026-08-28T22:20:27Z,2026-09-04T13:50:17Z,,,1,polymarket_clob_yes_market_price_history,,complete,,,False,False,"{""condition_id"": ""0x0efddfcb23e6eedef70c5f47dcd65ca4997142136fcb3d7d1705c4c86e1f3e28"", ""token_outcomes"": {""10305548464765301734748887298627473650532408768998011687291367607160806683967"": ""NO"", ""111847317534919933930360793996406920057766123381982591762291330135950419436398"": ""YES""}, ""trade_pages_capped"": false, ""yes_token_id"": ""111847317534919933930360793996406920057766123381982591762291330135950419436398""}",1,1,0,0
polymarket,polymarket:3961237,3961237,2,2026-08-28T01:33:37.452000Z,2026-09-05T05:32:46.258285Z,2026-09-05T05:32:46.258285Z,1984,0,2026-08-28T22:20:27Z,2026-09-04T20:30:20Z,,,2,polymarket_clob_yes_market_price_history,,complete,,,False,False,"{""condition_id"": ""0xb6d3f18c90d1ea8a4ba9bcdfffe1a532a59cb0181aaea60366eae7bc0ed3dcc0"", ""token_outcomes"": {""16848334640953285266603870001547278301438389584776679895089332131695933192824"": ""NO"", ""21921683738966201352999178547719091329483606752529679267362905845513239029313"": ""YES""}, ""trade_pages_capped"": false, ""yes_token_id"": ""21921683738966201352999178547719091329483606752529679267362905845513239029313""}",2,2,1,0
polymarket,polymarket:3961246,3961246,1,2026-08-28T16:50:26.334000Z,2026-09-05T05:32:46.258285Z,2026-09-05T05:32:46.258285Z,1999,0,2026-08-28T22:20:25Z,2026-09-04T21:35:28Z,,,1,polymarket_clob_yes_market_price_history,,complete,,,False,False,"{""condition_id"": ""0x8beab1cf98fe2a2f90e8ced27c5918c86535287e1084888c899ba29ce8e97ca1"", ""token_outcomes"": {""58734971042136710229155843153315647884697338212908874820768694581640182526506"": ""NO"", ""5939101517178077465930346239925142742414660210278715333396291024645157180313"": ""YES""}, ""trade_pages_capped"": false, ""yes_token_id"": ""5939101517178077465930346239925142742414660210278715333396291024645157180313""}",1,1,0,0
polymarket,polymarket:3961253,3961253,1,2026-08-28T16:51:53.207000Z,2026-09-05T05:32:46.258285Z,2026-09-05T05:32:46.258285Z,1986,0,2026-08-28T22:20:24Z,2026-09-04T20:30:16Z,,,1,polymarket_clob_yes_market_price_history,,complete,,,False,False,"{""condition_id"": ""0x3ff905ac65076e0ddfcfcfb77f18f52e8ab48f8ad26ef39e2e44bcd4ec363363"", ""token_outcomes"": {""60957659965993152604211710228905824576026900633904018381625691491595734479738"": ""NO"", ""88189532569607323959916334092739233681527263600247801654698052296990694449118"": ""YES""}, ""trade_pages_capped"": false, ""yes_token_id"": ""88189532569607323959916334092739233681527263600247801654698052296990694449118""}",1,1,0,0
polymarket,polymarket:3961254,3961254,1,2026-08-28T16:52:08.922000Z,2026-09-05T05:32:46.258285Z,2026-09-05T05:32:46.258285Z,1986,0,2026-08-28T22:20:24Z,2026-09-04T20:30:14Z,,,1,polymarket_clob_yes_market_price_history,,complete,,,False,False,"{""condition_id"": ""0xf6737a567778b8c682474c5c3453dbcbb13eacc9753780ef9a49d2bd01b0638d"", ""token_outcomes"": {""16074711808194670483589202161910079910459625336083093918802708798645367538130"": ""YES"", ""49870373982722852011000602843315927491047372928059607940201953401999799470921"": ""NO""}, ""trade_pages_capped"": false, ""yes_token_id"": ""16074711808194670483589202161910079910459625336083093918802708798645367538130""}",1,1,0,0
polymarket,polymarket:3961303,3961303,1,2026-08-28T22:44:13.207000Z,2026-09-05T05:32:46.258285Z,2026-09-05T05:32:46.258285Z,2087,0,2026-08-28T22:45:16Z,2026-09-05T05:30:19Z,,,1,polymarket_clob_yes_market_price_history,,complete,,,False,False,"{""condition_id"": ""0xd328e03ae9f473f62d4c4fd051f743942eb82b098e74cb85f6d47e670f18cf74"", ""token_outcomes"": {""24563084861118417902838919308911102722921387164829547798761740366877869660253"": ""YES"", ""25327166985622092611922901136312742235656316004299195505167933322236662671614"": ""NO""}, ""trade_pages_capped"": false, ""yes_token_id"": ""24563084861118417902838919308911102722921387164829547798761740366877869660253""}",1,1,1,0
polymarket,polymarket:3961304,3961304,2,2026-08-24T18:20:27.908000Z,2026-09-04T23:50:07.574000Z,2026-09-03T23:50:07.574000Z,1985,0,2026-08-28T22:20:25Z,2026-09-04T20:25:16Z,,,2,polymarket_clob_yes_market_price_history,,complete,,,False,False,"{""condition_id"": ""0xbb29ae32c4b748e71b119da34a0dca05b25feb69e7a5217b018ddf8adc2c98f4"", ""token_outcomes"": {""31510649181096387310438337699947548076593698839479049119010857846811171666798"": ""YES"", ""49314890803409800044590885595548319252792070233361332735519671085203197792609"": ""NO""}, ""trade_pages_capped"": false, ""yes_token_id"": ""31510649181096387310438337699947548076593698839479049119010857846811171666798""}",2,2,2,2
polymarket,polymarket:3961311,3961311,3,2026-08-28T01:51:52.774000Z,2026-09-05T05:32:46.258285Z,2026-09-05T05:32:46.258285Z,2092,0,2026-08-28T22:20:27Z,2026-09-05T05:30:19Z,,,3,polymarket_clob_yes_market_price_history,,complete,,,False,False,"{""condition_id"": ""0x700eab55eac7bcecc898e53878a552c157ac3a57fe8438840f290c27f82ea4c5"", ""token_outcomes"": {""30952726100515385502622234792610759382997947394579854604538960303312989395200"": ""NO"", ""90861926440041501986846931785695525605769596870280744029396715848787850774356"": ""YES""}, ""trade_pages_capped"": false, ""yes_token_id"": ""90861926440041501986846931785695525605769596870280744029396715848787850774356""}",3,2,2,1
polymarket,polymarket:3961316,3961316,1,2026-08-28T11:09:49.164000Z,2026-09-05T05:32:46.258285Z,2026-09-05T05:32:46.258285Z,1984,0,2026-08-28T22:20:25Z,2026-09-04T20:25:17Z,,,1,polymarket_clob_yes_market_price_history,,complete,,,False,False,"{""condition_id"": ""0xd4667605aae4f201cd14be8ed4ca62325f9373459b86b91aebf2a6edd3de4726"", ""token_outcomes"": {""26536851896913500572877625061945861838528101382337515773515856763767781977367"": ""NO"", ""44814513408705687296945422022746109204719028150807431193997472474808579811678"": ""YES""}, ""trade_pages_capped"": false, ""yes_token_id"": ""44814513408705687296945422022746109204719028150807431193997472474808579811678""}",1,1,1,0
polymarket,polymarket:3961319,3961319,1,2026-08-28T11:09:46.295000Z,2026-09-05T05:32:46.258285Z,2026-09-05T05:32:46.258285Z,1985,0,2026-08-28T22:20:24Z,2026-09-04T20:25:14Z,,,1,polymarket_clob_yes_market_price_history,,complete,,,False,False,"{""condition_id"": ""0x09debef172367f41d9a3152d8de879d4afdf9e58a233d5cb2bbf8855c252ea49"", ""token_outcomes"": {""9426917534921472395762570472843533410563988939124219436303490503054176887056"": ""YES"", ""95521824837565789005431419081723617673762741953806190736727505600735762834699"": ""NO""}, ""trade_pages_capped"": false, ""yes_token_id"": ""9426917534921472395762570472843533410563988939124219436303490503054176887056""}",1,1,1,0
polymarket,polymarket:3961322,3961322,2,2026-08-28T04:30:37.211000Z,2026-09-05T05:32:46.258285Z,2026-09-05T05:32:46.258285Z,1984,0,2026-08-28T22:20:25Z,2026-09-04T20:20:15Z,,,2,polymarket_clob_yes_market_price_history,,complete,,,False,False,"{""condition_id"": ""0xc319fb255fefb824e74e378d7b253a10987b2828094cf41945652001cc30bab2"", ""token_outcomes"": {""42902536474339769174740092930455434211362631540002226267974548620496799635908"": ""YES"", ""46809023956729883874163821986668932573483125211096046221994068341859508506727"": ""NO""}, ""trade_pages_capped"": false, ""yes_token_id"": ""42902536474339769174740092930455434211362631540002226267974548620496799635908""}",2,2,1,0
polymarket,polymarket:3961323,3961323,1,2026-08-28T22:44:00.270000Z,2026-09-05T05:32:46.258285Z,2026-09-05T05:32:46.258285Z,2087,0,2026-08-28T22:45:16Z,2026-09-05T05:30:20Z,,,1,polymarket_clob_yes_market_price_history,,complete,,,False,False,"{""condition_id"": ""0x0534ff52f8ec28323a606ee9bbb85ad958bcbd28557a5508ac943963b2cb60e0"", ""token_outcomes"": {""42608926256344735967537592310607478882280898025809524602650714410222524582565"": ""NO"", ""58386932377097764505815603424280590105811017802215724157110157173139186397517"": ""YES""}, ""trade_pages_capped"": false, ""yes_token_id"": ""58386932377097764505815603424280590105811017802215724157110157173139186397517""}",1,1,1,0
polymarket,polymarket:3961329,3961329,2,2026-08-28T01:38:33.072000Z,2026-09-05T05:32:46.258285Z,2026-09-05T05:32:46.258285Z,1983,0,2026-08-28T22:20:26Z,2026-09-04T20:25:18Z,,,2,polymarket_clob_yes_market_price_history,,complete,,,False,False,"{""condition_id"": ""0x968ac387901ae383bbacd0990d912a928d9b22c18edf9ce0d819babba82f1bdc"", ""token_outcomes"": {""35999302699973223006316770465710714096465271444815895966102138115367852919075"": ""NO"", ""90285454490737287732133504763973794594687834832085828029662612185127072525760"": ""YES""}, ""trade_pages_capped"": false, ""yes_token_id"": ""90285454490737287732133504763973794594687834832085828029662612185127072525760""}",2,2,1,0
polymarket,polymarket:3961342,3961342,4,2026-08-24T18:20:18.639000Z,2026-09-05T05:32:46.258285Z,2026-09-05T05:32:46.258285Z,1983,0,2026-08-28T22:20:25Z,2026-09-04T20:20:16Z,,,4,polymarket_clob_yes_market_price_history,,complete,,,False,False,"{""condition_id"": ""0xc2ec2b79a282f723637fb6275a56507812d9e22d50651759276281f7890e0c3d"", ""token_outcomes"": {""104593866939662242881272267517530139846955986342829270823993100386027967671396"": ""NO"", ""91712712805675644629553966433500656122655147736626761455696789285094106419662"": ""YES""}, ""trade_pages_capped"": false, ""yes_token_id"": ""91712712805675644629553966433500656122655147736626761455696789285094106419662""}",4,4,3,2
polymarket,polymarket:3961353,3961353,2,2026-08-28T01:41:38.365000Z,2026-09-05T05:32:46.258285Z,2026-09-05T05:32:46.258285Z,1985,0,2026-08-28T22:20:23Z,2026-09-04T20:25:13Z,,,2,polymarket_clob_yes_market_price_history,,complete,,,False,False,"{""condition_id"": ""0xc07f4b75b877996bd774e75efc9b0d5f2b5b8a2bc3d442d527e3cad359faf9a3"", ""token_outcomes"": {""29186669631863741025028665220656173436519138971535883008275888825337866303524"": ""NO"", ""65297818242584318580715185834480671214404588851840858153260160076529409514171"": ""YES""}, ""trade_pages_capped"": false, ""yes_token_id"": ""65297818242584318580715185834480671214404588851840858153260160076529409514171""}",2,2,1,0
polymarket,polymarket:3961383,3961383,1,2026-08-27T05:02:35.114000Z,2026-09-05T05:02:35.114000Z,2026-09-04T05:02:35.114000Z,1984,0,2026-08-28T22:20:25Z,2026-09-04T20:20:16Z,,,1,polymarket_clob_yes_market_price_history,,complete,,,False,False,"{""condition_id"": ""0x1d49f881ad3e25cf960524a21a7624b6821be979e06b343c6e8d27b517dd2321"", ""token_outcomes"": {""75025356475029986482830954474490329688570597458110783662886295186854740002086"": ""YES"", ""80125449874858125287872292120724954116152938553465353017117321638435055640439"": ""NO""}, ""trade_pages_capped"": false, ""yes_token_id"": ""75025356475029986482830954474490329688570597458110783662886295186854740002086""}",1,1,1,1
polymarket,polymarket:3961432,3961432,4,2026-08-25T05:49:36.203000Z,2026-09-05T05:32:46.258285Z,2026-09-05T05:32:46.258285Z,1983,0,2026-08-28T22:20:26Z,2026-09-04T20:25:18Z,,,4,polymarket_clob_yes_market_price_history,,complete,,,False,False,"{""condition_id"": ""0x2af1c5c138883c47247677ee8e76362cf8f0df15c61b7fbbb136bef0ccfeb7b2"", ""token_outcomes"": {""26804137796961613876157602634786910729627560095120126064621844997989894464994"": ""YES"", ""53396628833103223120941771064203795400126328762518575243131885676997831999454"": ""NO""}, ""trade_pages_capped"": false, ""yes_token_id"": ""26804137796961613876157602634786910729627560095120126064621844997989894464994""}",4,4,3,2
polymarket,polymarket:3961434,3961434,4,2026-08-25T11:01:54.817000Z,2026-09-05T05:32:46.258285Z,2026-09-05T05:32:46.258285Z,1984,0,2026-08-28T22:20:23Z,2026-09-04T20:25:13Z,,,4,polymarket_clob_yes_market_price_history,,complete,,,False,False,"{""condition_id"": ""0x148dbdf7cde9858d9ca0a9cc4b1ec2eed9e9aaefcaf0b2ed6654dbed0373f37c"", ""token_outcomes"": {""59555697741177462039192789311609546269927780257822499737049676133416098616129"": ""NO"", ""94397133827073863256251555660745119621608805350819241696623094284525560791550"": ""YES""}, ""trade_pages_capped"": false, ""yes_token_id"": ""94397133827073863256251555660745119621608805350819241696623094284525560791550""}",4,4,3,2
polymarket,polymarket:3961436,3961436,4,2026-08-25T05:33:58.181000Z,2026-09-05T05:32:46.258285Z,2026-09-05T05:32:46.258285Z,1983,0,2026-08-28T22:20:27Z,2026-09-04T20:25:19Z,,,4,polymarket_clob_yes_market_price_history,,complete,,,False,False,"{""condition_id"": ""0x163cc966b380fd9b953c5cbf10b46477f47543ea2d65b4f21736244f7d6bc8c3"", ""token_outcomes"": {""43381410171440612200355476927061157816582883936552556221677209867321237891663"": ""NO"", ""66835414935018838973712081395341843466327772023031057126041297900403213274731"": ""YES""}, ""trade_pages_capped"": false, ""yes_token_id"": ""66835414935018838973712081395341843466327772023031057126041297900403213274731""}",4,4,3,2
polymarket,polymarket:3961440,3961440,3,2026-08-26T23:50:28.270000Z,2026-09-05T05:32:46.258285Z,2026-09-05T05:32:46.258285Z,1983,0,2026-08-28T22:20:27Z,2026-09-04T20:25:19Z,,,3,polymarket_clob_yes_market_price_history,,complete,,,False,False,"{""condition_id"": ""0x457140f76c4a72374e416660f6819537cea7cff2ce2b02cfcd08ce97bcdb2192"", ""token_outcomes"": {""40303464543682683274291021395850525600019061310240147135487352263587347675734"": ""YES"", ""91266602427495694664426706420466333535680337651619010695026036301563029468915"": ""NO""}, ""trade_pages_capped"": false, ""yes_token_id"": ""40303464543682683274291021395850525600019061310240147135487352263587347675734""}",3,3,2,1
polymarket,polymarket:3961471,3961471,4,2026-08-25T11:01:59.874000Z,2026-09-05T05:32:46.258285Z,2026-09-05T05:32:46.258285Z,1982,0,2026-08-28T22:20:27Z,2026-09-04T20:20:17Z,,,4,polymarket_clob_yes_market_price_history,,complete,,,False,False,"{""condition_id"": ""0xef40f4ff3407eb9805f08605aea65c7f23f9cd934c4be2fe55939d0b75f55150"", ""token_outcomes"": {""54411714424076863435560095463537029402206451093558391957151225355641650552303"": ""YES"", ""87502729177511146869787787861990024258929457879237006029329765313292390763125"": ""NO""}, ""trade_pages_capped"": false, ""yes_token_id"": ""54411714424076863435560095463537029402206451093558391957151225355641650552303""}",4,4,3,2
polymarket,polymarket:3961473,3961473,4,2026-08-25T11:01:59.372000Z,2026-09-05T05:32:46.258285Z,2026-09-05T05:32:46.258285Z,1985,0,2026-08-28T22:20:25Z,2026-09-04T20:25:16Z,,,4,polymarket_clob_yes_market_price_history,,complete,,,False,False,"{""condition_id"": ""0xd4f85b1e5ad57d0b3a1029372d0c53304f98f7dd73feb82ff48b6895b90d7194"", ""token_outcomes"": {""32685883671024266685288218588448583045467702360289527742116279078005518055419"": ""NO"", ""43458707908136983447419283789865033896328724210365150388936781809509324832434"": ""YES""}, ""trade_pages_capped"": false, ""yes_token_id"": ""43458707908136983447419283789865033896328724210365150388936781809509324832434""}",4,4,3,2
polymarket,polymarket:3961491,3961491,2,2026-08-28T01:41:26.126000Z,2026-09-05T05:32:46.258285Z,2026-09-05T05:32:46.258285Z,1982,0,2026-08-28T22:20:26Z,2026-09-04T20:20:17Z,,,2,polymarket_clob_yes_market_price_history,,complete,,,False,False,"{""condition_id"": ""0x58b2f5b62125889082f1596937374aefb4f3753f51990aa33569507c2b695cd1"", ""token_outcomes"": {""77392053715025835874014117223010052732524585826310337618620902110909923419682"": ""NO"", ""83173213598535580094513944369970430948576035648688795740369257678439219912864"": ""YES""}, ""trade_pages_capped"": false, ""yes_token_id"": ""83173213598535580094513944369970430948576035648688795740369257678439219912864""}",2,2,1,0
polymarket,polymarket:3961504,3961504,2,2026-08-28T04:34:12.177000Z,2026-09-05T05:32:46.258285Z,2026-09-05T05:32:46.258285Z,1998,0,2026-08-28T22:20:26Z,2026-09-04T21:40:17Z,,,2,polymarket_clob_yes_market_price_history,,complete,,,False,False,"{""condition_id"": ""0x82299e9dd1802fd02470e8f803eaef22451dfd92f7675fd806f3f143d7ce0c24"", ""token_outcomes"": {""114449207787372611218751370002027023879102945981548516945097342885776840823243"": ""YES"", ""89604531447943060133407835211011875614988197688687758474968470940332225862280"": ""NO""}, ""trade_pages_capped"": false, ""yes_token_id"": ""114449207787372611218751370002027023879102945981548516945097342885776840823243""}",2,2,1,0
polymarket,polymarket:3961515,3961515,2,2026-08-28T01:41:27.620000Z,2026-09-05T05:32:46.258285Z,2026-09-05T05:32:46.258285Z,1983,0,2026-08-28T22:20:26Z,2026-09-04T20:25:18Z,,,2,polymarket_clob_yes_market_price_history,,complete,,,False,False,"{""condition_id"": ""0x888c4bb0ed4dabc3b6aea894ba9b6cba588202b30978e5e9ebd360a429571cca"", ""token_outcomes"": {""17186744486931013612457878446701579547687243526982888376685796002242345172922"": ""YES"", ""34516151268158995548694078705410855508441565973870446230102093710740285601853"": ""NO""}, ""trade_pages_capped"": false, ""yes_token_id"": ""17186744486931013612457878446701579547687243526982888376685796002242345172922""}",2,2,1,0
polymarket,polymarket:3961630,3961630,7,2026-08-24T17:49:03.269000Z,2026-09-05T05:32:46.258285Z,2026-09-05T05:32:46.258285Z,2016,0,2026-08-28T22:20:25Z,2026-09-04T23:00:31Z,,,7,polymarket_clob_yes_market_price_history,,complete,,,False,False,"{""condition_id"": ""0x06de5e1bce9ae6ca39defbce1634a77b961f92484a47f98c31b075b69bb1b7c0"", ""token_outcomes"": {""103777409772068721859400547071317648738714345476089581334358152215749533268481"": ""NO"", ""72540254255560030390297152945478749320247374266153331146033776894290585348448"": ""YES""}, ""trade_pages_capped"": false, ""yes_token_id"": ""72540254255560030390297152945478749320247374266153331146033776894290585348448""}",7,7,7,6
polymarket,polymarket:3961632,3961632,7,2026-08-24T17:49:03.343000Z,2026-09-05T05:32:46.258285Z,2026-09-05T05:32:46.258285Z,2016,0,2026-08-28T22:20:25Z,2026-09-04T23:00:31Z,,,7,polymarket_clob_yes_market_price_history,,complete,,,False,False,"{""condition_id"": ""0xabd96714205859227039f2a222863245cdf9c5b2e2a0b1d873a64c19f63fe642"", ""token_outcomes"": {""10051704126484622731258533361717896064640568602349013890221666416795110550768"": ""YES"", ""77812402076854981191733069291288162002560403139814370709782921880297950816841"": ""NO""}, ""trade_pages_capped"": false, ""yes_token_id"": ""10051704126484622731258533361717896064640568602349013890221666416795110550768""}",7,7,7,6
polymarket,polymarket:3961634,3961634,8,2026-08-24T10:41:55.098000Z,2026-09-05T05:32:46.258285Z,2026-09-05T05:32:46.258285Z,2015,0,2026-08-28T22:20:25Z,2026-09-04T23:00:33Z,,,8,polymarket_clob_yes_market_price_history,,complete,,,False,False,"{""condition_id"": ""0x703ba28e75e8e738f1f4dd64c2fc7dfd29fed40d6cccdd0fa4917a4166bc3546"", ""token_outcomes"": {""111414362133293901175441384180911899191277284209443605824875009521828411474883"": ""YES"", ""83356487169004536896372516104034479531077527530979007686738945756287910070483"": ""NO""}, ""trade_pages_capped"": false, ""yes_token_id"": ""111414362133293901175441384180911899191277284209443605824875009521828411474883""}",8,8,8,7
polymarket,polymarket:3961635,3961635,8,2026-08-24T10:43:19.939000Z,2026-09-05T05:32:46.258285Z,2026-09-05T05:32:46.258285Z,2014,0,2026-08-28T22:20:27Z,2026-09-04T23:00:36Z,,,8,polymarket_clob_yes_market_price_history,,complete,,,False,False,"{""condition_id"": ""0x34667f2080cb49836b305752101a8319640383f28ef6e4a1e86aab878da38258"", ""token_outcomes"": {""3845344256966301932922831265562730611191355647929106217744328641517341062381"": ""NO"", ""82882348729488352078063350877686543829243410148299515496537694595421415112445"": ""YES""}, ""trade_pages_capped"": false, ""yes_token_id"": ""82882348729488352078063350877686543829243410148299515496537694595421415112445""}",8,8,8,7
polymarket,polymarket:3961636,3961636,5,2026-08-24T17:50:36.343000Z,2026-09-05T05:32:46.258285Z,2026-09-04T12:00:19.492000Z,1657,0,2026-08-28T22:20:25Z,2026-09-03T17:05:11Z,,,5,polymarket_clob_yes_market_price_history,,complete,,,False,False,"{""condition_id"": ""0x827de92327e718df15e17525d86b522343d827a947f34008a5e2f8a1acf75ed4"", ""token_outcomes"": {""59792226893225377951594988223779537634059932457142762043196098258646426933120"": ""YES"", ""65377910937299982703821123764146636064753615282132595793830542105774147209315"": ""NO""}, ""trade_pages_capped"": false, ""yes_token_id"": ""59792226893225377951594988223779537634059932457142762043196098258646426933120""}",5,5,4,3
polymarket,polymarket:3961639,3961639,2,2026-08-24T17:51:08.351000Z,2026-09-03T05:04:14.194000Z,2026-09-02T05:04:14.194000Z,1067,0,2026-08-28T22:20:23Z,2026-09-01T15:05:08Z,,,2,polymarket_clob_yes_market_price_history,,complete,,,False,False,"{""condition_id"": ""0x99f3847927016df67f7bd0352fc81da812eefd2a152b6fdb30494465145dce88"", ""token_outcomes"": {""24398001234339478122582026303135839267918383049967842542244282627763941464681"": ""YES"", ""81650783251641464928764633410277032566283522483492975203992482604347347140469"": ""NO""}, ""trade_pages_capped"": false, ""yes_token_id"": ""24398001234339478122582026303135839267918383049967842542244282627763941464681""}",2,2,2,0
polymarket,polymarket:3961640,3961640,3,2026-08-24T17:49:38.911000Z,2026-09-03T17:46:53.207000Z,2026-09-02T17:46:53.207000Z,1249,0,2026-08-28T22:20:24Z,2026-09-02T07:05:24Z,,,3,polymarket_clob_yes_market_price_history,,complete,,,False,False,"{""condition_id"": ""0x386b72f9e0e5dbb8b68c67e185140726935af755804b4028c25d9597ec37dc78"", ""token_outcomes"": {""10505486478535899926281521591952782960407607722895966906014612031609484025078"": ""YES"", ""59792040561739926294738210769870927198973730222273740284180486780810258918062"": ""NO""}, ""trade_pages_capped"": false, ""yes_token_id"": ""10505486478535899926281521591952782960407607722895966906014612031609484025078""}",3,3,3,2
polymarket,polymarket:3961641,3961641,7,2026-08-24T17:51:22.038000Z,2026-09-05T05:32:46.258285Z,2026-09-05T05:32:46.258285Z,2014,0,2026-08-28T22:20:27Z,2026-09-04T23:00:36Z,,,7,polymarket_clob_yes_market_price_history,,complete,,,False,False,"{""condition_id"": ""0x2b04b988bc100ca48974c18c2a633955e57a9560749fb84b46e962dc2c24db8f"", ""token_outcomes"": {""4305315927989513459406880964734708564719007589021802684929640043961670305956"": ""YES"", ""50199094117008424806193983473997749224363540790509429909255983339220085297833"": ""NO""}, ""trade_pages_capped"": false, ""yes_token_id"": ""4305315927989513459406880964734708564719007589021802684929640043961670305956""}",7,7,7,6
polymarket,polymarket:3961644,3961644,7,2026-08-24T17:52:50.981000Z,2026-09-05T05:32:46.258285Z,2026-09-05T05:32:46.258285Z,2016,0,2026-08-28T22:20:23Z,2026-09-04T23:00:28Z,,,7,polymarket_clob_yes_market_price_history,,complete,,,False,False,"{""condition_id"": ""0x7ebfe5f77dbf6aafd7447acf815aed2bd72fda890d6418326df628c20ab9d110"", ""token_outcomes"": {""23692529158371196164897539114056331575001076283949373226967902254400396936817"": ""YES"", ""88207906028071224017284158269506206394578734610098762574398266706891684360903"": ""NO""}, ""trade_pages_capped"": false, ""yes_token_id"": ""23692529158371196164897539114056331575001076283949373226967902254400396936817""}",7,7,7,6
polymarket,polymarket:3961645,3961645,7,2026-08-24T17:53:27.292000Z,2026-09-05T05:32:46.258285Z,2026-09-05T05:32:46.258285Z,2014,0,2026-08-28T22:20:27Z,2026-09-04T23:00:35Z,,,7,polymarket_clob_yes_market_price_history,,complete,,,False,False,"{""condition_id"": ""0x610bb277824c8e00b0d4151559a8ab96271aaea3fa7c6e032bef53e486acf085"", ""token_outcomes"": {""81912114537824236563220287867094011830616747110633732103455260225319432190259"": ""NO"", ""85436613048580457355258650700255902968326404964688115854557563836203407186332"": ""YES""}, ""trade_pages_capped"": false, ""yes_token_id"": ""85436613048580457355258650700255902968326404964688115854557563836203407186332""}",7,7,7,6
polymarket,polymarket:3961646,3961646,7,2026-08-24T17:52:34.720000Z,2026-09-05T05:32:46.258285Z,2026-09-05T05:32:46.258285Z,2014,0,2026-08-28T22:20:26Z,2026-09-04T23:00:34Z,,,7,polymarket_clob_yes_market_price_history,,complete,,,False,False,"{""condition_id"": ""0x8402be620a460a38ff20f419ea6a3e9f9523b0961550e76511c624dd6791d022"", ""token_outcomes"": {""17920981613556359381156753430863354779035700458676667621097304204709670630596"": ""YES"", ""63242478167556816207194715442667797787937944026994049748266972862532398008516"": ""NO""}, ""trade_pages_capped"": false, ""yes_token_id"": ""17920981613556359381156753430863354779035700458676667621097304204709670630596""}",7,7,7,6
polymarket,polymarket:3961652,3961652,2,2026-08-24T17:58:12.408000Z,2026-09-03T05:07:08.209000Z,2026-09-02T05:07:08.209000Z,1012,0,2026-08-28T22:20:24Z,2026-09-01T10:30:14Z,,,2,polymarket_clob_yes_market_price_history,,complete,,,False,False,"{""condition_id"": ""0xec7fb187bceb663f22c518e177f6d509c6af9bc5026174c35ffdea1f5b4a4383"", ""token_outcomes"": {""14882653639383503648309767604744491323755458854241795941266280147801051773498"": ""YES"", ""36346390246313464395302264511326386059285126177601878309620102707132407650183"": ""NO""}, ""trade_pages_capped"": false, ""yes_token_id"": ""14882653639383503648309767604744491323755458854241795941266280147801051773498""}",2,2,1,0
polymarket,polymarket:3961653,3961653,3,2026-08-24T17:54:27.792000Z,2026-09-03T17:49:39.523000Z,2026-09-02T17:49:39.523000Z,1170,0,2026-08-28T22:20:26Z,2026-09-02T00:40:14Z,,,3,polymarket_clob_yes_market_price_history,,complete,,,False,False,"{""condition_id"": ""0xf0d9bc0e6ca2a87c222d810d4a0a3f47318e3e015f252d7d20526d02033472db"", ""token_outcomes"": {""42788220414036345905545387127502827272846613827108840262481433276847922521796"": ""YES"", ""73834051772583643546981668751003086525340533106084193159496241983849368102504"": ""NO""}, ""trade_pages_capped"": false, ""yes_token_id"": ""42788220414036345905545387127502827272846613827108840262481433276847922521796""}",3,3,3,1
polymarket,polymarket:3961654,3961654,7,2026-08-24T17:55:28.054000Z,2026-09-05T05:32:46.258285Z,2026-09-05T05:32:46.258285Z,2015,0,2026-08-28T22:20:23Z,2026-09-04T23:00:28Z,,,7,polymarket_clob_yes_market_price_history,,complete,,,False,False,"{""condition_id"": ""0xc88331ccffb07e0207c3b7105486868e530fa102ae6ee7e7a5946c7fa3c1681a"", ""token_outcomes"": {""44244511469761228247081331070655491050844233545534873012068676505763700953079"": ""NO"", ""7853001190853713797999836200363733378397759296218886582690395030459057778496"": ""YES""}, ""trade_pages_capped"": false, ""yes_token_id"": ""7853001190853713797999836200363733378397759296218886582690395030459057778496""}",7,7,7,6
polymarket,polymarket:3961663,3961663,6,2026-08-24T22:09:43.543000Z,2026-09-03T13:14:28.980000Z,2026-09-02T13:14:28.980000Z,1122,0,2026-08-28T22:20:23Z,2026-09-01T19:40:12Z,,,6,polymarket_clob_yes_market_price_history,,complete,,,False,False,"{""condition_id"": ""0xb16bbf990b9dc62c6a6b8e9d7096b64267b8c3b8638d677874d23f0ad35f5315"", ""token_outcomes"": {""101666672535482169084762728201265621707518539520488316220552821232138578864604"": ""NO"", ""24190601165461769266961318718726741237974261337309503009268287475796737184196"": ""YES""}, ""trade_pages_capped"": false, ""yes_token_id"": ""24190601165461769266961318718726741237974261337309503009268287475796737184196""}",6,6,6,0
polymarket,polymarket:3961672,3961672,7,2026-08-24T17:55:56.954000Z,2026-09-05T05:32:46.258285Z,2026-09-05T05:32:46.258285Z,2014,0,2026-08-28T22:20:27Z,2026-09-04T23:00:35Z,,,7,polymarket_clob_yes_market_price_history,,complete,,,False,False,"{""condition_id"": ""0xeb1d6c14b1ffdc7aaea1dbf1e0b932a5e50c4cf53391ec6dba7199ff6aa66f33"", ""token_outcomes"": {""19359186864924947884866628863001667405969915650036532257489282800658794583257"": ""YES"", ""60056152902809073618326992378700708001291885940683919203177969603262686616436"": ""NO""}, ""trade_pages_capped"": false, ""yes_token_id"": ""19359186864924947884866628863001667405969915650036532257489282800658794583257""}",7,7,7,6
polymarket,polymarket:3961673,3961673,7,2026-08-24T17:55:28.284000Z,2026-09-05T05:32:46.258285Z,2026-09-05T05:32:46.258285Z,2016,0,2026-08-28T22:20:24Z,2026-09-04T23:00:29Z,,,7,polymarket_clob_yes_market_price_history,,complete,,,False,False,"{""condition_id"": ""0x4a792a96e0f98142d4914a6f280ef5237426e0601ca2a812462a3ad0412b9ace"", ""token_outcomes"": {""69517191030824583399385053566267128437481141131846413476477509355133320032792"": ""NO"", ""87503627392401169460713762879004316366203804323129751207869765639662306660381"": ""YES""}, ""trade_pages_capped"": false, ""yes_token_id"": ""87503627392401169460713762879004316366203804323129751207869765639662306660381""}",7,7,7,6
polymarket,polymarket:3961674,3961674,7,2026-08-24T17:55:59.282000Z,2026-09-05T05:32:46.258285Z,2026-09-05T05:32:46.258285Z,2015,0,2026-08-28T22:20:25Z,2026-09-04T23:00:33Z,,,7,polymarket_clob_yes_market_price_history,,complete,,,False,False,"{""condition_id"": ""0x206971c0a20e79642af76740274aa7e374d76fdae51c1b2024d73d50066dde7d"", ""token_outcomes"": {""73429707566120975113100678422157559365284820419519915121125158344426609270774"": ""YES"", ""85974072346716295665281589386022005663011349246154592404720857132000640165010"": ""NO""}, ""trade_pages_capped"": false, ""yes_token_id"": ""73429707566120975113100678422157559365284820419519915121125158344426609270774""}",7,7,7,6
polymarket,polymarket:3961675,3961675,8,2026-08-24T10:42:40.450000Z,2026-09-05T05:32:46.258285Z,2026-09-05T05:32:46.258285Z,2015,0,2026-08-28T22:20:25Z,2026-09-04T23:00:33Z,,,8,polymarket_clob_yes_market_price_history,,complete,,,False,False,"{""condition_id"": ""0x2f353c46c087e684888eef26d8b657a4266cc15bb1e28bb3e9a690990ee90e6c"", ""token_outcomes"": {""15054447796586685415286633349379177850309280527664351834301106359296155259943"": ""NO"", ""40379980328292450143802210524404158412038876239464300444661672401821818607275"": ""YES""}, ""trade_pages_capped"": false, ""yes_token_id"": ""40379980328292450143802210524404158412038876239464300444661672401821818607275""}",8,8,8,7
polymarket,polymarket:3961676,3961676,8,2026-08-24T10:44:02.858000Z,2026-09-05T05:32:46.258285Z,2026-09-05T05:32:46.258285Z,2014,0,2026-08-28T22:20:26Z,2026-09-04T23:00:34Z,,,8,polymarket_clob_yes_market_price_history,,complete,,,False,False,"{""condition_id"": ""0x4ef86d4d21242ca7758e49864c77e0e62bba25f27fa0d008d7ab549883672404"", ""token_outcomes"": {""60218105694363799284334070448018245782214081820837124589970086749701667869909"": ""NO"", ""82521193149275168360178940659060232371679448926659688190039879099655942010186"": ""YES""}, ""trade_pages_capped"": false, ""yes_token_id"": ""82521193149275168360178940659060232371679448926659688190039879099655942010186""}",8,8,8,7
polymarket,polymarket:3961677,3961677,4,2026-08-24T17:58:35.845000Z,2026-09-04T23:12:00.856000Z,2026-09-03T23:12:00.856000Z,1464,0,2026-08-28T22:20:25Z,2026-09-03T01:05:16Z,,,4,polymarket_clob_yes_market_price_history,,complete,,,False,False,"{""condition_id"": ""0x9dcd81bf3758f24ae2aa2201ff76538489d05220b81e62dcc9921bbfbb2fb759"", ""token_outcomes"": {""2733808417631411346077452550259541288851117498443986285365048053935900335536"": ""YES"", ""62350210485459756392132700989683377140105605685182989361514619312177490021166"": ""NO""}, ""trade_pages_capped"": false, ""yes_token_id"": ""2733808417631411346077452550259541288851117498443986285365048053935900335536""}",4,4,3,3
polymarket,polymarket:3961679,3961679,8,2026-08-24T10:44:31.696000Z,2026-09-05T05:32:46.258285Z,2026-09-05T05:32:46.258285Z,2017,0,2026-08-28T22:20:24Z,2026-09-04T23:05:13Z,,,8,polymarket_clob_yes_market_price_history,,complete,,,False,False,"{""condition_id"": ""0xd0132e2b204d98cb0b57b4bf98a6b2bebac289e10b0668b3a954a97b9d04c1d1"", ""token_outcomes"": {""82617016758797741613631123796248573167099717223087584327595799954743763677646"": ""NO"", ""94580831722649282362878579109000504789138956788862997226980696073192130404729"": ""YES""}, ""trade_pages_capped"": false, ""yes_token_id"": ""94580831722649282362878579109000504789138956788862997226980696073192130404729""}",8,8,8,7
polymarket,polymarket:3961680,3961680,7,2026-08-24T17:58:52.879000Z,2026-09-05T05:32:46.258285Z,2026-09-05T05:32:46.258285Z,2014,0,2026-08-28T22:20:26Z,2026-09-04T23:00:34Z,,,7,polymarket_clob_yes_market_price_history,,complete,,,False,False,"{""condition_id"": ""0xee0f5fe250bdb3e04a6093969563c33e92cb61c4968a899475a19b1e41f930cb"", ""token_outcomes"": {""100638387520348831832945750007553351068223442181085426566395645722346155846289"": ""NO"", ""104398228167562622268726896774271872949146764228777378378433252420809586475177"": ""YES""}, ""trade_pages_capped"": false, ""yes_token_id"": ""104398228167562622268726896774271872949146764228777378378433252420809586475177""}",7,7,7,6
polymarket,polymarket:3961684,3961684,7,2026-08-24T17:58:23.661000Z,2026-09-05T05:32:46.258285Z,2026-09-05T05:32:46.258285Z,2014,0,2026-08-28T22:20:27Z,2026-09-04T23:00:36Z,,,7,polymarket_clob_yes_market_price_history,,complete,,,False,False,"{""condition_id"": ""0x35eaf4490c477ffbaffe5ff3e049a70cabcf07c53241899b6d3eec1511809ee0"", ""token_outcomes"": {""102879746049251826407467491669373601736968346508737219987103224380035496229076"": ""YES"", ""5891234733486699817778213724904477810662715250090245670342343121450041642180"": ""NO""}, ""trade_pages_capped"": false, ""yes_token_id"": ""102879746049251826407467491669373601736968346508737219987103224380035496229076""}",7,7,7,6
polymarket,polymarket:3961860,3961860,4,2026-08-24T22:16:52.264000Z,2026-09-05T00:09:13.452000Z,2026-09-04T00:09:13.452000Z,2025,0,2026-08-28T22:40:13Z,2026-09-05T00:05:13Z,,,4,polymarket_clob_yes_market_price_history,,complete,,,False,False,"{""condition_id"": ""0xdf1850e2743e60936f08acd3139bc4f4624e4ab4b53dba271cea27c230ea0a60"", ""token_outcomes"": {""67218348269005378974925305172078126704121433992380223687110280139038070909544"": ""YES"", ""83159497357596289336125946850721717448308820265317016198643124683403030294852"": ""NO""}, ""trade_pages_capped"": false, ""yes_token_id"": ""67218348269005378974925305172078126704121433992380223687110280139038070909544""}",4,4,4,4
polymarket,polymarket:3962583,3962583,6,2026-08-24T11:16:04.415000Z,2026-09-03T13:28:13.112000Z,2026-09-02T13:28:13.112000Z,1601,0,2026-08-28T23:20:14Z,2026-09-03T13:25:09Z,,,6,polymarket_clob_yes_market_price_history,,complete,,,False,False,"{""condition_id"": ""0xabf7b6d2ce976c0f2c31d0ce931608f3c9b3e3c00468e58ee1d68069bdbaeeff"", ""token_outcomes"": {""36765143009985507730419620242654986498848709032501000808628534246280805740063"": ""NO"", ""53967861473705641468116203294259059274377972235301687793639549234478668375381"": ""YES""}, ""trade_pages_capped"": false, ""yes_token_id"": ""53967861473705641468116203294259059274377972235301687793639549234478668375381""}",6,6,6,6
polymarket,polymarket:3962584,3962584,1,2026-08-26T23:36:36.071000Z,2026-09-04T23:36:36.071000Z,2026-09-03T23:36:36.071000Z,1762,0,2026-08-28T23:20:16Z,2026-09-04T03:00:19Z,,,1,polymarket_clob_yes_market_price_history,,complete,,,False,False,"{""condition_id"": ""0x25a5928295839d8b2bfbaac7f154b3cad02b8fb107213d2680b8e34e41f37414"", ""token_outcomes"": {""39381566232217222821721472802482775384097848090886906057870314111538038829774"": ""YES"", ""8888437335552070391588648419043941745274739407499947182048885633267929651422"": ""NO""}, ""trade_pages_capped"": false, ""yes_token_id"": ""39381566232217222821721472802482775384097848090886906057870314111538038829774""}",1,1,1,1
polymarket,polymarket:3962585,3962585,1,2026-08-26T23:36:07.703000Z,2026-09-04T23:36:07.703000Z,2026-09-03T23:36:07.703000Z,1762,0,2026-08-28T23:20:17Z,2026-09-04T03:00:21Z,,,1,polymarket_clob_yes_market_price_history,,complete,,,False,False,"{""condition_id"": ""0x31f4fbe17a0241f39f65f5b970e8f026a8af820be82e4ea6fcc5549336d0c7ab"", ""token_outcomes"": {""52120526365087276044323102457081298157993352579327488201279787957527194170727"": ""YES"", ""6541158688410069126194172028821997048308893061728441821688313164768256145284"": ""NO""}, ""trade_pages_capped"": false, ""yes_token_id"": ""52120526365087276044323102457081298157993352579327488201279787957527194170727""}",1,1,1,1
polymarket,polymarket:3962728,3962728,1,2026-08-27T00:16:20.458000Z,2026-09-05T00:16:20.458000Z,2026-09-04T00:16:20.458000Z,2015,0,2026-08-28T23:30:16Z,2026-09-05T00:15:15Z,,,1,polymarket_clob_yes_market_price_history,,complete,,,False,False,"{""condition_id"": ""0x027eda9dddb0a21e201d785e4be44b7833d52d49150d365b6cfd74196b42dd18"", ""token_outcomes"": {""34975139217074285129653439176094231438777490069918910819381288648684886534770"": ""YES"", ""37838796142851007198945678883392963349850470626537912703859943226288732457420"": ""NO""}, ""trade_pages_capped"": false, ""yes_token_id"": ""34975139217074285129653439176094231438777490069918910819381288648684886534770""}",1,1,1,1
polymarket,polymarket:3965782,3965782,1,2026-08-26T23:35:17.320000Z,2026-09-04T23:35:17.320000Z,2026-09-03T23:35:17.320000Z,1952,0,2026-08-29T04:10:20Z,2026-09-04T23:30:16Z,,,1,polymarket_clob_yes_market_price_history,,complete,,,False,False,"{""condition_id"": ""0x6d8adf2a4b79460b4076bab05df2f4d621ce922ccec9abcc3568b8ff21e69632"", ""token_outcomes"": {""86158198556408388770150562257781217580378037809432735865386607586790847322668"": ""YES"", ""95607195237196353577938463159810235448346168005338213028551802795238078605830"": ""NO""}, ""trade_pages_capped"": false, ""yes_token_id"": ""86158198556408388770150562257781217580378037809432735865386607586790847322668""}",1,1,1,1
polymarket,polymarket:3975624,3975624,5,2026-08-24T13:04:57.734000Z,2026-09-03T13:12:40.209000Z,2026-09-02T13:12:40.209000Z,916,0,2026-08-29T16:25:13Z,2026-09-01T20:35:13Z,,,5,polymarket_clob_yes_market_price_history,,complete,,,False,False,"{""condition_id"": ""0xe29d911f47da6498220edcf5b90937d62b7df885dd416ba3b5d8dcdba99aae7f"", ""token_outcomes"": {""47352806241360485858794942296980798036554165018805505778405439807338572865265"": ""YES"", ""94073954918475799286287394596771514465381334460844088944809893235922904261014"": ""NO""}, ""trade_pages_capped"": false, ""yes_token_id"": ""47352806241360485858794942296980798036554165018805505778405439807338572865265""}",4,5,5,2
polymarket,polymarket:3976291,3976291,2,2026-08-24T10:39:44.400000Z,2026-09-02T19:43:29.138000Z,2026-09-01T19:43:29.138000Z,653,0,2026-08-29T16:55:12Z,2026-08-31T23:15:11Z,,,2,polymarket_clob_yes_market_price_history,,complete,,,False,False,"{""condition_id"": ""0x849b3458f0490c9c48836f20e4b28132b907a390057af645eab03be915f6f5ff"", ""token_outcomes"": {""54210591574740739164321618328390360405756820806873538182342975027414632515142"": ""YES"", ""68190920875919755895200002302136543384443311328380351348927018842129979608240"": ""NO""}, ""trade_pages_capped"": false, ""yes_token_id"": ""54210591574740739164321618328390360405756820806873538182342975027414632515142""}",2,2,1,0
polymarket,polymarket:4034615,4034615,1,2026-08-26T23:44:20.440000Z,2026-09-04T23:44:20.440000Z,2026-09-03T23:44:20.440000Z,939,0,2026-08-31T16:10:16Z,2026-09-03T23:10:16Z,,,1,polymarket_clob_yes_market_price_history,,complete,,,False,False,"{""condition_id"": ""0xfb2000642b0674acc7924816445fd4f3b0a63f71303cf60fc1b8adcfbfd1b49d"", ""token_outcomes"": {""101980115513188452353618158231805102376784895654110988165172448997897166697823"": ""YES"", ""53995990278170979871229937644560015898467169012479185508916816620754896734609"": ""NO""}, ""trade_pages_capped"": false, ""yes_token_id"": ""101980115513188452353618158231805102376784895654110988165172448997897166697823""}",1,1,1,1
polymarket,polymarket:4034618,4034618,1,2026-08-26T23:45:12.155000Z,2026-09-04T23:45:12.155000Z,2026-09-03T23:45:12.155000Z,940,0,2026-08-31T16:10:14Z,2026-09-03T23:10:14Z,,,1,polymarket_clob_yes_market_price_history,,complete,,,False,False,"{""condition_id"": ""0x6e71ee627cc6e49cf90b879603cc7403d91aac8f4aba77540cfed302e908ccee"", ""token_outcomes"": {""102665899916691136064743088707222138511137697824270619795740199311443398071347"": ""YES"", ""63691093896309811601736137903767324435442634387516044489727430107177055962669"": ""NO""}, ""trade_pages_capped"": false, ""yes_token_id"": ""102665899916691136064743088707222138511137697824270619795740199311443398071347""}",1,1,1,1
polymarket,polymarket:4034622,4034622,2,2026-08-24T19:21:35.541000Z,2026-09-04T23:44:50.012000Z,2026-09-03T23:44:50.012000Z,946,0,2026-08-31T16:20:13Z,2026-09-03T23:50:19Z,,,2,polymarket_clob_yes_market_price_history,,complete,,,False,False,"{""condition_id"": ""0x0ac9d0fe83ee52f45f9d9fe02c1f2c9b39040884b83ef5a0e8f449d78664ea9b"", ""token_outcomes"": {""114932673979601374438301572653970816173618540555275075808436722021942011958310"": ""NO"", ""21402028763071925235979402202252487496605673314394294019376440590573603034140"": ""YES""}, ""trade_pages_capped"": false, ""yes_token_id"": ""21402028763071925235979402202252487496605673314394294019376440590573603034140""}",2,2,2,2
polymarket,polymarket:4034831,4034831,1,2026-08-26T23:46:33.812000Z,2026-09-04T23:46:33.812000Z,2026-09-03T23:46:33.812000Z,940,0,2026-08-31T16:20:16Z,2026-09-03T23:25:17Z,,,1,polymarket_clob_yes_market_price_history,,complete,,,False,False,"{""condition_id"": ""0x9d80bc0bf40feda4cf73d4c3ab510927aec58a8971d3392860fd3497f6bb0ba0"", ""token_outcomes"": {""825599806978189785252588576457198067806055949283328411442512027664126191373"": ""YES"", ""86001458738599558690459208526416625896772787321281350456490204791433859702941"": ""NO""}, ""trade_pages_capped"": false, ""yes_token_id"": ""825599806978189785252588576457198067806055949283328411442512027664126191373""}",1,1,1,1
polymarket,polymarket:4034895,4034895,2,2026-08-24T19:22:55.030000Z,2026-09-04T23:46:14.805000Z,2026-09-03T23:46:14.805000Z,942,0,2026-08-31T16:20:14Z,2026-09-03T23:30:30Z,,,2,polymarket_clob_yes_market_price_history,,complete,,,False,False,"{""condition_id"": ""0x34c424f400dd198620e8e1cd25f588779c825bf5d5a3650a41c3aa56a6669a27"", ""token_outcomes"": {""17643042195470698995889258934537858955434916322234560788093702355688790875785"": ""NO"", ""39068767307503422406011088301126807896320718276452809302070974837662219110628"": ""YES""}, ""trade_pages_capped"": false, ""yes_token_id"": ""39068767307503422406011088301126807896320718276452809302070974837662219110628""}",2,2,2,2
polymarket,polymarket:4034990,4034990,2,2026-08-24T19:20:16.760000Z,2026-09-04T23:29:21.723000Z,2026-09-03T23:29:21.723000Z,660,0,2026-08-31T16:20:13Z,2026-09-03T00:00:21Z,,,2,polymarket_clob_yes_market_price_history,,complete,,,False,False,"{""condition_id"": ""0x6f56e00897898bc38b71b682449bd7e1047c1a85d054604c29777587f312c620"", ""token_outcomes"": {""21131908344729357947003537323397476970436644365735728387652291811043749209418"": ""YES"", ""27467205184291104743904394997416452728282690649631345911432726303267393464154"": ""NO""}, ""trade_pages_capped"": false, ""yes_token_id"": ""21131908344729357947003537323397476970436644365735728387652291811043749209418""}",2,1,1,1
polymarket,polymarket:4034995,4034995,1,2026-08-26T23:29:17.048000Z,2026-09-04T23:29:17.048000Z,2026-09-03T23:29:17.048000Z,660,0,2026-08-31T16:20:12Z,2026-09-03T00:00:19Z,,,1,polymarket_clob_yes_market_price_history,,complete,,,False,False,"{""condition_id"": ""0x6649dc6a4684d681b1a37b4a8ed4c6e91595a1646d797b0b0d1ed07ee80efe53"", ""token_outcomes"": {""13211492512138244989608823084077420111976878526319855023749647186598406654881"": ""NO"", ""26158654349139887908569944206356834213795579521119942274203223824160809326209"": ""YES""}, ""trade_pages_capped"": false, ""yes_token_id"": ""26158654349139887908569944206356834213795579521119942274203223824160809326209""}",1,0,0,0
polymarket,polymarket:4035092,4035092,1,2026-08-26T23:35:21.995000Z,2026-09-04T23:35:21.995000Z,2026-09-03T23:35:21.995000Z,1193,0,2026-08-31T16:25:12Z,2026-09-04T20:30:14Z,,,1,polymarket_clob_yes_market_price_history,,complete,,,False,False,"{""condition_id"": ""0x05e7d92f9814cf9f55c8fbe7d4568256ed61d1969ab4871d8669722d7481a583"", ""token_outcomes"": {""13198378896739096233743521096430744198889838726536326314298133635639137787612"": ""YES"", ""82557747257842804950355436429600881435787671462999156626246302016061571049865"": ""NO""}, ""trade_pages_capped"": false, ""yes_token_id"": ""13198378896739096233743521096430744198889838726536326314298133635639137787612""}",1,1,1,1
polymarket,polymarket:4035162,4035162,4,2026-08-24T19:37:20.422000Z,2026-09-05T05:32:46.258285Z,2026-09-05T05:32:46.258285Z,1280,0,2026-08-31T18:05:11Z,2026-09-05T05:30:20Z,,,4,polymarket_clob_yes_market_price_history,,complete,,,False,False,"{""condition_id"": ""0x09be0d5545dd352a337214d518561c39f27d62273c224c84d061c3c06555b6d5"", ""token_outcomes"": {""19623685271728179848787857759552840326587575266200815383252973523252898877531"": ""NO"", ""81408203802678760604654348372582990737002688471823821360008191713402316297404"": ""YES""}, ""trade_pages_capped"": false, ""yes_token_id"": ""81408203802678760604654348372582990737002688471823821360008191713402316297404""}",4,4,3,3
polymarket,polymarket:4035163,4035163,4,2026-08-24T19:36:11.076000Z,2026-09-05T05:32:46.258285Z,2026-09-05T05:32:46.258285Z,1281,0,2026-08-31T18:05:10Z,2026-09-05T05:30:16Z,,,4,polymarket_clob_yes_market_price_history,,complete,,,False,False,"{""condition_id"": ""0xc02a4c6d7c0560c89dbff6e0140c4bfe67b7727a370a29d2ee794c0c07819659"", ""token_outcomes"": {""8111535266534838644342911064983485309802017859760971365728398059409418960765"": ""NO"", ""98729638953603862454220071118620556324371837387587665820671925465899487916513"": ""YES""}, ""trade_pages_capped"": false, ""yes_token_id"": ""98729638953603862454220071118620556324371837387587665820671925465899487916513""}",4,4,3,3
polymarket,polymarket:4035172,4035172,4,2026-08-24T19:36:50.155000Z,2026-09-05T05:32:46.258285Z,2026-09-05T05:32:46.258285Z,1281,0,2026-08-31T18:05:09Z,2026-09-05T05:30:15Z,,,4,polymarket_clob_yes_market_price_history,,complete,,,False,False,"{""condition_id"": ""0x3fad6cad69ee879bcbf872b54d5dd6876e81c151e281a47bbff42356e2d19c7d"", ""token_outcomes"": {""30082239222492036731311753049023921579873307076942994540583710538410443691870"": ""NO"", ""98637430210338535939991523122551279032790687603995998978050805173902554783294"": ""YES""}, ""trade_pages_capped"": false, ""yes_token_id"": ""98637430210338535939991523122551279032790687603995998978050805173902554783294""}",4,4,3,3
polymarket,polymarket:4035175,4035175,4,2026-08-24T19:36:15.812000Z,2026-09-05T05:32:46.258285Z,2026-09-05T05:32:46.258285Z,1281,0,2026-08-31T18:05:08Z,2026-09-05T05:30:13Z,,,4,polymarket_clob_yes_market_price_history,,complete,,,False,False,"{""condition_id"": ""0x89f70237512644b05d6ddf874a19a87264e8bfdc51517d6f9a22d627a2eb52ea"", ""token_outcomes"": {""18761615833738502165187993530767335117178011421942446450278485886102501192955"": ""YES"", ""8959944398727516665948799939376902772711479503322639710734774478378323504150"": ""NO""}, ""trade_pages_capped"": false, ""yes_token_id"": ""18761615833738502165187993530767335117178011421942446450278485886102501192955""}",4,4,3,3
polymarket,polymarket:4035650,4035650,2,2026-08-28T04:30:59.050000Z,2026-09-05T05:32:46.258285Z,2026-09-05T05:32:46.258285Z,1184,0,2026-08-31T16:55:12Z,2026-09-04T20:20:13Z,,,2,polymarket_clob_yes_market_price_history,,complete,,,False,False,"{""condition_id"": ""0x31236169546e0f6851854ab017ddfc092756fcc8d9b0ede9165795e8976d1261"", ""token_outcomes"": {""105266441820122530535281011756478351716552490524516495767341343612497831885455"": ""NO"", ""89711254161126295455747351941760756918769131528108460302632914566628092679"": ""YES""}, ""trade_pages_capped"": false, ""yes_token_id"": ""89711254161126295455747351941760756918769131528108460302632914566628092679""}",2,2,1,0
polymarket,polymarket:4035761,4035761,2,2026-08-24T19:02:50.062000Z,2026-09-03T05:14:39.020000Z,2026-09-02T05:14:39.020000Z,265,0,2026-08-31T16:50:22Z,2026-09-01T14:45:14Z,,,2,polymarket_clob_yes_market_price_history,,complete,,,False,False,"{""condition_id"": ""0x8b19f3cadb20232415d376f7b7086616114cbded6345a870d578fb769e7c68ec"", ""token_outcomes"": {""27126803266139770802999156030459075686855423152527115430409412297844401513354"": ""NO"", ""84783696580800832558977794018087833885408106268424118565252245136416802774252"": ""YES""}, ""trade_pages_capped"": false, ""yes_token_id"": ""84783696580800832558977794018087833885408106268424118565252245136416802774252""}",2,2,2,0
polymarket,polymarket:4035900,4035900,1,2026-08-24T18:56:08.181000Z,2026-09-02T18:56:08.181000Z,2026-09-01T18:56:08.181000Z,76,0,2026-08-31T17:00:16Z,2026-08-31T23:15:13Z,,,1,polymarket_clob_yes_market_price_history,,complete,,,False,False,"{""condition_id"": ""0xcc4980b31c1ecf3f8a0edcec49c87eee98c40f3c634b7f1f8fde7215aa8cf133"", ""token_outcomes"": {""18279651249666353655252460016048934439060778225385242702274439056724560687096"": ""NO"", ""61119388366676360924025954450640330465437837270059866926140828635067335646472"": ""YES""}, ""trade_pages_capped"": false, ""yes_token_id"": ""61119388366676360924025954450640330465437837270059866926140828635067335646472""}",1,1,0,0
polymarket,polymarket:4038220,4038220,4,2026-08-25T13:57:33.860000Z,2026-09-05T05:18:50.991000Z,2026-09-04T05:18:50.991000Z,1274,0,2026-08-31T18:20:14Z,2026-09-05T05:15:25Z,,,4,polymarket_clob_yes_market_price_history,,complete,,,False,False,"{""condition_id"": ""0xba72f5e5d4db7decb9501aecb7bfcb80e4e69f12fcd7b96bd5f3a40ba298cbc6"", ""token_outcomes"": {""28408080321867474794802725507486691317060370871761643959805978863001065058206"": ""YES"", ""76702645735408736610587687946815409126408785678231430944991100504851973027834"": ""NO""}, ""trade_pages_capped"": false, ""yes_token_id"": ""28408080321867474794802725507486691317060370871761643959805978863001065058206""}",4,4,4,4
polymarket,polymarket:4038986,4038986,1,2026-08-25T14:08:50.139000Z,2026-09-03T14:08:50.139000Z,2026-09-02T14:08:50.139000Z,479,0,2026-08-31T18:55:23Z,2026-09-02T11:30:11Z,,,1,polymarket_clob_yes_market_price_history,,complete,,,False,False,"{""condition_id"": ""0x6ff396b30224092c7a17f44502e4c333e1b223096e2077c64c0661e3af40b9e2"", ""token_outcomes"": {""15890244756557484203893888577472090118872873014692748773304607949741559131153"": ""NO"", ""30414041755721453271933990738926538314294165782924119663237262333399323954239"": ""YES""}, ""trade_pages_capped"": false, ""yes_token_id"": ""30414041755721453271933990738926538314294165782924119663237262333399323954239""}",1,1,1,0
polymarket,polymarket:4038987,4038987,1,2026-08-25T14:08:50.139000Z,2026-09-03T14:08:50.139000Z,2026-09-02T14:08:50.139000Z,478,0,2026-08-31T18:55:24Z,2026-09-02T11:25:14Z,,,1,polymarket_clob_yes_market_price_history,,complete,,,False,False,"{""condition_id"": ""0xca20febe67ab4db33f6527722210f09c6c8217c657aff5b1597b7259d9fcf488"", ""token_outcomes"": {""103566972737113712322884703780987705468545420472266944110702367396466945674171"": ""NO"", ""29814015885303271796483903274448221847874730376817979023798731859618659748266"": ""YES""}, ""trade_pages_capped"": false, ""yes_token_id"": ""29814015885303271796483903274448221847874730376817979023798731859618659748266""}",1,1,1,0
polymarket,polymarket:4038988,4038988,1,2026-08-25T14:32:02.415000Z,2026-09-03T14:32:02.415000Z,2026-09-02T14:32:02.415000Z,454,0,2026-08-31T18:55:24Z,2026-09-02T09:25:12Z,,,1,polymarket_clob_yes_market_price_history,,complete,,,False,False,"{""condition_id"": ""0xbdf743d055a87b5160e619e7bfe7349772b5197c7ab4747cef28d90bff4bbb61"", ""token_outcomes"": {""28610891745359073680149267763855722516442630753671298643870143279283998114653"": ""NO"", ""37390085419245372058799335056792053472657862586473154283920813636259806558425"": ""YES""}, ""trade_pages_capped"": false, ""yes_token_id"": ""37390085419245372058799335056792053472657862586473154283920813636259806558425""}",1,1,1,0
polymarket,polymarket:4038989,4038989,1,2026-08-25T14:32:02.415000Z,2026-09-03T14:32:02.415000Z,2026-09-02T14:32:02.415000Z,453,0,2026-08-31T18:55:27Z,2026-09-02T09:25:16Z,,,1,polymarket_clob_yes_market_price_history,,complete,,,False,False,"{""condition_id"": ""0x1ae927eaaa7c506ea24b9abea3692c5859498bc56ad083e5cbd406c33a8363a5"", ""token_outcomes"": {""28632826876323067975894799732100831375421655743015776290114046560134188828911"": ""NO"", ""44443920248065570099959064429870218094410439382028969198208550836270508633583"": ""YES""}, ""trade_pages_capped"": false, ""yes_token_id"": ""44443920248065570099959064429870218094410439382028969198208550836270508633583""}",1,1,1,0
polymarket,polymarket:4040180,4040180,1,2026-08-25T13:57:20.954000Z,2026-09-03T13:57:20.954000Z,2026-09-02T13:57:20.954000Z,543,0,2026-08-31T19:45:09Z,2026-09-02T17:45:12Z,,,1,polymarket_clob_yes_market_price_history,,complete,,,False,False,"{""condition_id"": ""0x3900e3acc7c1bfcb6490ff6befe532b6c90d35f418bb76631a09e1f681be709f"", ""token_outcomes"": {""54573156394017117853809752310710055798717605967684667896028376018413436357630"": ""YES"", ""97470836241803485649243576343727386917583606643438046955149559729539473554995"": ""NO""}, ""trade_pages_capped"": false, ""yes_token_id"": ""54573156394017117853809752310710055798717605967684667896028376018413436357630""}",1,1,1,1
polymarket,polymarket:4040184,4040184,1,2026-08-25T13:57:20.954000Z,2026-09-03T13:57:20.954000Z,2026-09-02T13:57:20.954000Z,544,0,2026-08-31T19:45:10Z,2026-09-02T17:45:13Z,,,1,polymarket_clob_yes_market_price_history,,complete,,,False,False,"{""condition_id"": ""0xd8e08aa2861cb746fc3fdf1d6e54429951d716b51fd276eec6ce9810e4263330"", ""token_outcomes"": {""81492288911299480940457337499846083996817880187153559261260761681501590005675"": ""YES"", ""8459173038319285462922993539143853458986647025680698973031086812948066600653"": ""NO""}, ""trade_pages_capped"": false, ""yes_token_id"": ""81492288911299480940457337499846083996817880187153559261260761681501590005675""}",1,1,1,1
polymarket,polymarket:4044295,4044295,1,2026-08-25T14:13:33.852000Z,2026-09-03T14:13:33.852000Z,2026-09-02T14:13:33.852000Z,536,0,2026-08-31T20:25:15Z,2026-09-02T17:45:13Z,,,1,polymarket_clob_yes_market_price_history,,complete,,,False,False,"{""condition_id"": ""0x60bc0dbd9b4443b207c1a4bef153cd073e7729ef0c12f82d93215e104fbc732b"", ""token_outcomes"": {""69169514603661738706247353455888234100397497907595282402361166145914461505074"": ""YES"", ""77991475697610962349664067031460307871182700060777870484521045565040947535476"": ""NO""}, ""trade_pages_capped"": false, ""yes_token_id"": ""69169514603661738706247353455888234100397497907595282402361166145914461505074""}",1,1,1,1
polymarket,polymarket:4054581,4054581,2,2026-08-25T14:00:32.219000Z,2026-09-03T14:37:09.375000Z,2026-09-02T14:37:09.375000Z,150,0,2026-09-01T07:50:11Z,2026-09-01T20:15:13Z,,,2,polymarket_clob_yes_market_price_history,,complete,,,False,False,"{""condition_id"": ""0x0d951bc3afb61206c26b20b31b62ccb6cfacea1bd4365cd08d9c97c31b765cf8"", ""token_outcomes"": {""18548120118480101392233341721916276971789585660645395450212254754201954370075"": ""NO"", ""29114767606252083322592339419025857407291664865836177162991971537680259692479"": ""YES""}, ""trade_pages_capped"": false, ""yes_token_id"": ""29114767606252083322592339419025857407291664865836177162991971537680259692479""}",2,2,2,0
polymarket,polymarket:4054698,4054698,6,2026-08-26T21:39:07.858000Z,2026-09-05T05:32:46.258285Z,2026-09-04T06:39:10.926000Z,830,0,2026-09-01T08:00:16Z,2026-09-04T06:00:20Z,,,6,polymarket_clob_yes_market_price_history,,complete,,,False,False,"{""condition_id"": ""0x59051d0d37a3fdc04f6ba94f67af5ac2f086d01edfb2db98c0512c6f80c3c963"", ""token_outcomes"": {""44594434312080273238373281652478191239834303635624528692669492510057505725365"": ""YES"", ""9169195130328767293271933483714996620417588874568486810872843213547789880754"": ""NO""}, ""trade_pages_capped"": false, ""yes_token_id"": ""44594434312080273238373281652478191239834303635624528692669492510057505725365""}",6,6,6,6
polymarket,polymarket:4060942,4060942,4,2026-08-26T21:59:52.003000Z,2026-09-05T00:26:46.914000Z,2026-09-04T00:26:46.914000Z,736,0,2026-09-01T15:50:23Z,2026-09-04T06:00:18Z,,,4,polymarket_clob_yes_market_price_history,,complete,,,False,False,"{""condition_id"": ""0x5f4e7c05c0eefadb806e83012141ba795b6177b01bca74ee283bbda7fce9d719"", ""token_outcomes"": {""115154942908305728499265630756483791884438251544097907150236047735848043258612"": ""NO"", ""76416736003747818109879346306324860384618302551226278380421590599599838342057"": ""YES""}, ""trade_pages_capped"": false, ""yes_token_id"": ""76416736003747818109879346306324860384618302551226278380421590599599838342057""}",4,4,4,4
polymarket,polymarket:4062502,4062502,2,2026-08-28T01:38:44.223000Z,2026-09-05T05:32:46.258285Z,2026-09-05T05:32:46.258285Z,900,0,2026-09-01T16:55:15Z,2026-09-04T20:40:31Z,,,2,polymarket_clob_yes_market_price_history,,complete,,,False,False,"{""condition_id"": ""0x094d745699f73e8942a77e3ad7d429ac6e279c1e9b9dab2571981f699cb2bc43"", ""token_outcomes"": {""50677861547571031634584310150591214656219202275456024649450559758884726827712"": ""YES"", ""73127968795581446777689949228319318203381949114962358535952284829737753320062"": ""NO""}, ""trade_pages_capped"": false, ""yes_token_id"": ""50677861547571031634584310150591214656219202275456024649450559758884726827712""}",2,2,1,0
polymarket,polymarket:4063373,4063373,10,2026-08-26T23:36:35.973000Z,2026-09-05T05:32:46.258285Z,2026-09-05T05:32:46.258285Z,1004,0,2026-09-01T17:00:34Z,2026-09-05T05:30:18Z,,,10,polymarket_clob_yes_market_price_history,,complete,,,False,False,"{""condition_id"": ""0xa1c436770d0eab2961940d7320b769c57bd0c2fd6ef8387207de99a20c821702"", ""token_outcomes"": {""102390686364714191889132242323258589692600875043227563059342567008835598488077"": ""NO"", ""113490599713343239474742133261226316445685307560192467398065406223877237611912"": ""YES""}, ""trade_pages_capped"": false, ""yes_token_id"": ""113490599713343239474742133261226316445685307560192467398065406223877237611912""}",10,10,9,5
polymarket,polymarket:4095052,4095052,1,2026-08-27T00:39:42.436000Z,2026-09-05T00:39:42.436000Z,2026-09-04T00:39:42.436000Z,864,0,2026-09-02T00:40:12Z,2026-09-05T00:35:14Z,,,1,polymarket_clob_yes_market_price_history,,complete,,,False,False,"{""condition_id"": ""0x42b633e7acfedf301c4eb85acefc7430f2e76825c1f3324a39a5582d7a26599b"", ""token_outcomes"": {""110531092871817326177676615981488848062239024242021648855998953959660629545985"": ""YES"", ""25114473723241724024366601962759882854404501186814819297691389024756879650626"": ""NO""}, ""trade_pages_capped"": false, ""yes_token_id"": ""110531092871817326177676615981488848062239024242021648855998953959660629545985""}",1,1,1,1
polymarket,polymarket:4095053,4095053,1,2026-08-27T00:39:42.436000Z,2026-09-05T00:39:42.436000Z,2026-09-04T00:39:42.436000Z,864,0,2026-09-02T00:40:14Z,2026-09-05T00:35:15Z,,,1,polymarket_clob_yes_market_price_history,,complete,,,False,False,"{""condition_id"": ""0x36fd215387f80bb2ff1c059436f52394a5accababc77dea98d4ba3b6770c884e"", ""token_outcomes"": {""105964405201093262772405016621866393230668268590147803590929677280620246045766"": ""YES"", ""53274474530989774226191963791520340512567317445414028357233186001969066494302"": ""NO""}, ""trade_pages_capped"": false, ""yes_token_id"": ""105964405201093262772405016621866393230668268590147803590929677280620246045766""}",1,1,1,1
polymarket,polymarket:4095054,4095054,2,2026-08-27T00:39:42.436000Z,2026-09-05T05:32:46.258285Z,2026-09-04T06:39:10.926000Z,923,0,2026-09-02T00:40:12Z,2026-09-05T05:30:14Z,,,2,polymarket_clob_yes_market_price_history,,complete,,,False,False,"{""condition_id"": ""0x601b72cf13b40689481896f58e9cfeb26e0c39353235edb55d2370311b9d60ac"", ""token_outcomes"": {""33930423176084328693564470354230562130990103352279496084032098459555430581042"": ""YES"", ""84081717425652604917784770062031675492273247277506350410151822852018568164277"": ""NO""}, ""trade_pages_capped"": false, ""yes_token_id"": ""33930423176084328693564470354230562130990103352279496084032098459555430581042""}",2,2,2,2
polymarket,polymarket:4095055,4095055,2,2026-08-27T00:39:42.436000Z,2026-09-05T00:53:07.315000Z,2026-09-04T00:53:07.315000Z,868,0,2026-09-02T00:40:14Z,2026-09-05T00:50:14Z,,,2,polymarket_clob_yes_market_price_history,,complete,,,False,False,"{""condition_id"": ""0x88c6800dd5cebb3ccbc554b93493a678f74d39b1b29f637f234576a8993c10df"", ""token_outcomes"": {""58212269517896884015338469775294689976202682430971882904931336575860619991827"": ""YES"", ""82435543759971070139594604713005224716265171129545502404260742095764255641678"": ""NO""}, ""trade_pages_capped"": false, ""yes_token_id"": ""58212269517896884015338469775294689976202682430971882904931336575860619991827""}",2,2,2,2
polymarket,polymarket:4096541,4096541,1,2026-08-26T22:01:09.133000Z,2026-09-04T22:01:09.133000Z,2026-09-03T22:01:09.133000Z,828,0,2026-09-02T01:10:13Z,2026-09-04T22:00:16Z,,,1,polymarket_clob_yes_market_price_history,,complete,,,False,False,"{""condition_id"": ""0x171b5f55bf7dbca1167693f78f43227697a7f47ea44029b20c6caa83fa992aea"", ""token_outcomes"": {""103814849483759998851383389827823332744349406122022964011481622605770494315824"": ""NO"", ""97659111578909554846081493178097559975441586127788685609250055874814758297581"": ""YES""}, ""trade_pages_capped"": false, ""yes_token_id"": ""97659111578909554846081493178097559975441586127788685609250055874814758297581""}",1,1,1,1
polymarket,polymarket:4117193,4117193,1,2026-08-26T22:19:58.072000Z,2026-09-04T22:19:58.072000Z,2026-09-03T22:19:58.072000Z,728,0,2026-09-02T09:45:14Z,2026-09-04T22:15:15Z,,,1,polymarket_clob_yes_market_price_history,,complete,,,False,False,"{""condition_id"": ""0xf59c65f8c75e1140bdda92fc572fa421137b11d690106a3665888cfc391a1265"", ""token_outcomes"": {""39705344928349051528235437320119828704639052045398704587587139370251349054590"": ""NO"", ""9479814889837756186041693938290118350865333939936752887798109929983890675506"": ""YES""}, ""trade_pages_capped"": false, ""yes_token_id"": ""9479814889837756186041693938290118350865333939936752887798109929983890675506""}",1,1,1,1
polymarket,polymarket:4117966,4117966,1,2026-08-26T22:48:34.980000Z,2026-09-04T22:48:34.980000Z,2026-09-03T22:48:34.980000Z,729,0,2026-09-02T10:05:12Z,2026-09-04T22:45:14Z,,,1,polymarket_clob_yes_market_price_history,,complete,,,False,False,"{""condition_id"": ""0xa420c06a38af15d498415739be1d07fa8d53836723c8033c98f9db1fbd4bdab5"", ""token_outcomes"": {""29097658576046070879405813983428707835241125931838086434002776710725067808836"": ""YES"", ""79778981723976389010192949339289123380688995360522820391415801592229178261083"": ""NO""}, ""trade_pages_capped"": false, ""yes_token_id"": ""29097658576046070879405813983428707835241125931838086434002776710725067808836""}",1,1,1,1
polymarket,polymarket:4118936,4118936,1,2026-08-26T22:26:45.784000Z,2026-09-04T22:26:45.784000Z,2026-09-03T22:26:45.784000Z,718,0,2026-09-02T10:40:08Z,2026-09-04T22:25:13Z,,,1,polymarket_clob_yes_market_price_history,,complete,,,False,False,"{""condition_id"": ""0x253933f9dbecd421ec7b6f3d05ac80ee6008c24c4c8dc54077f383506c86a6c4"", ""token_outcomes"": {""12633787204555997125632679501614763412817603234392621821363213347768359311944"": ""NO"", ""3911964729106045727817265932383556945636802033332602263079544373476503037325"": ""YES""}, ""trade_pages_capped"": false, ""yes_token_id"": ""3911964729106045727817265932383556945636802033332602263079544373476503037325""}",1,1,1,1
polymarket,polymarket:4120550,4120550,1,2026-08-27T00:12:01.298000Z,2026-09-05T00:12:01.298000Z,2026-09-04T00:12:01.298000Z,249,0,2026-09-02T10:50:14Z,2026-09-03T07:30:13Z,,,1,polymarket_clob_yes_market_price_history,,complete,,,False,False,"{""condition_id"": ""0xaf9c3256fa1c099bac75e9a08d567dbcf95b982d474a5e3599e301990f0bb001"", ""token_outcomes"": {""115470288437718861955208045310839847558107687575769546237629438272616643869613"": ""NO"", ""73098882166596194699077345108760439506573699280479606877547618744162156127653"": ""YES""}, ""trade_pages_capped"": false, ""yes_token_id"": ""73098882166596194699077345108760439506573699280479606877547618744162156127653""}",1,1,1,0
polymarket,polymarket:4187236,4187236,1,2026-08-28T16:56:45.530000Z,2026-09-05T05:32:46.258285Z,2026-09-05T05:32:46.258285Z,390,0,2026-09-03T12:20:12Z,2026-09-04T20:45:12Z,,,1,polymarket_clob_yes_market_price_history,,complete,,,False,False,"{""condition_id"": ""0xd37eefa97923afe6582b6e01be4d406d8b8ed17a145e0a74d9f19ae554090999"", ""token_outcomes"": {""45359862250545727904579458357049093879983543540664581884639653522373325088561"": ""NO"", ""6967609732691992790234656213307589839238230604220115861022287181677277127675"": ""YES""}, ""trade_pages_capped"": false, ""yes_token_id"": ""6967609732691992790234656213307589839238230604220115861022287181677277127675""}",1,1,0,0
polymarket,polymarket:4187237,4187237,2,2026-08-28T01:41:17.598000Z,2026-09-05T05:32:46.258285Z,2026-09-05T05:32:46.258285Z,385,0,2026-09-03T12:20:14Z,2026-09-04T20:20:15Z,,,2,polymarket_clob_yes_market_price_history,,complete,,,False,False,"{""condition_id"": ""0x10c5fd43cb561a07f53a62371dfde11a97672a9abb09e131d1f2e8e51d605a17"", ""token_outcomes"": {""6901216129078421125943180102937821069987501986113103165509390669249049515006"": ""YES"", ""83285645083368477780210822229326877167087818258120643847815208017141518460825"": ""NO""}, ""trade_pages_capped"": false, ""yes_token_id"": ""6901216129078421125943180102937821069987501986113103165509390669249049515006""}",2,2,1,0
polymarket,polymarket:4187238,4187238,2,2026-08-28T01:41:14.589000Z,2026-09-05T05:32:46.258285Z,2026-09-05T05:32:46.258285Z,384,0,2026-09-03T12:20:15Z,2026-09-04T20:20:17Z,,,2,polymarket_clob_yes_market_price_history,,complete,,,False,False,"{""condition_id"": ""0x53c45eddcc38fa2dd314a5bcb4f0b6b324f01eabdf65112112d7f06e06aaadde"", ""token_outcomes"": {""110234959332810350808610163771119631263181846791636377166081841667061520625201"": ""NO"", ""74660900784039268409785410475095550650530504835845366274624497723866068287352"": ""YES""}, ""trade_pages_capped"": false, ""yes_token_id"": ""74660900784039268409785410475095550650530504835845366274624497723866068287352""}",2,2,1,0
polymarket,polymarket:4187244,4187244,1,2026-08-28T11:11:02.769000Z,2026-09-05T05:32:46.258285Z,2026-09-05T05:32:46.258285Z,386,0,2026-09-03T12:20:13Z,2026-09-04T20:25:14Z,,,1,polymarket_clob_yes_market_price_history,,complete,,,False,False,"{""condition_id"": ""0x4960d8020402d6365d4f57a37644ad5209837f653e6a6ab0c4c808a4a0800471"", ""token_outcomes"": {""1895191597333900696029305505753771691073647567237537174578260025737076304054"": ""YES"", ""52264711498434327511129409013684542393695324666283711300262191026469150233078"": ""NO""}, ""trade_pages_capped"": false, ""yes_token_id"": ""1895191597333900696029305505753771691073647567237537174578260025737076304054""}",1,1,1,0
polymarket,polymarket:4187251,4187251,2,2026-08-28T01:41:08.452000Z,2026-09-05T05:32:46.258285Z,2026-09-05T05:32:46.258285Z,384,0,2026-09-03T12:20:15Z,2026-09-04T20:20:17Z,,,2,polymarket_clob_yes_market_price_history,,complete,,,False,False,"{""condition_id"": ""0x1976a4727d7b5ccce178ba34d2199f6d21fc166bda76531913001223b50b3fcf"", ""token_outcomes"": {""100968797845769010968780011833325314104141396772142006421955505240920314591284"": ""YES"", ""19804346257135247434138260727375404001589333775288584682277345208573488467659"": ""NO""}, ""trade_pages_capped"": false, ""yes_token_id"": ""100968797845769010968780011833325314104141396772142006421955505240920314591284""}",2,2,1,0
polymarket,polymarket:4187256,4187256,2,2026-08-28T01:41:24.261000Z,2026-09-05T05:32:46.258285Z,2026-09-05T05:32:46.258285Z,386,0,2026-09-03T12:20:15Z,2026-09-04T20:30:20Z,,,2,polymarket_clob_yes_market_price_history,,complete,,,False,False,"{""condition_id"": ""0xea2ad539bfb5b439fd31a0c63b81643367867429b47cca3d0ea54e1b938ff982"", ""token_outcomes"": {""32274236601396210668275214452294149252628815022477494186431216912089522053168"": ""YES"", ""63354677946543477307484589843313799956657219626531176519019955199511391056054"": ""NO""}, ""trade_pages_capped"": false, ""yes_token_id"": ""32274236601396210668275214452294149252628815022477494186431216912089522053168""}",2,2,1,0
polymarket,polymarket:4187257,4187257,2,2026-08-28T01:41:40.587000Z,2026-09-05T05:32:46.258285Z,2026-09-05T05:32:46.258285Z,385,0,2026-09-03T12:20:12Z,2026-09-04T20:20:14Z,,,2,polymarket_clob_yes_market_price_history,,complete,,,False,False,"{""condition_id"": ""0x77a393d47804f6b8adef068e5ca8f665e5fadb871f316195d79b256e336177d7"", ""token_outcomes"": {""58501410640696879344031028476130256154965803846621564959043036528998337631578"": ""NO"", ""74823890705001870820757566594365532917457436531395618713443143908025918005033"": ""YES""}, ""trade_pages_capped"": false, ""yes_token_id"": ""74823890705001870820757566594365532917457436531395618713443143908025918005033""}",2,2,1,0
polymarket,polymarket:4187264,4187264,2,2026-08-28T01:41:42.411000Z,2026-09-05T05:32:46.258285Z,2026-09-05T05:32:46.258285Z,384,0,2026-09-03T12:20:15Z,2026-09-04T20:20:17Z,,,2,polymarket_clob_yes_market_price_history,,complete,,,False,False,"{""condition_id"": ""0x169da536584aecf66e7a3d38eb14ce1a6853d5067d8f01dcbc5808f234668474"", ""token_outcomes"": {""2809908247853166687774446954051832919230358411772528864938551383980168010587"": ""NO"", ""9343511600280988060410546763199794272888242188782278664033993075458917353642"": ""YES""}, ""trade_pages_capped"": false, ""yes_token_id"": ""9343511600280988060410546763199794272888242188782278664033993075458917353642""}",2,2,1,0
polymarket,polymarket:4187265,4187265,2,2026-08-28T01:41:41.862000Z,2026-09-05T05:32:46.258285Z,2026-09-05T05:32:46.258285Z,385,0,2026-09-03T12:20:13Z,2026-09-04T20:20:14Z,,,2,polymarket_clob_yes_market_price_history,,complete,,,False,False,"{""condition_id"": ""0x7408e6d23a40919e6612a887dd86af13ae517658d60c45a42cc885c8b5c69b5b"", ""token_outcomes"": {""106014898732376027153434237670217062667957056052181692490575182617164947411469"": ""NO"", ""82926288400704237539266484346350184466914675380011662611076606508869964857533"": ""YES""}, ""trade_pages_capped"": false, ""yes_token_id"": ""82926288400704237539266484346350184466914675380011662611076606508869964857533""}",2,2,1,0
polymarket,polymarket:4187269,4187269,1,2026-08-28T17:03:04.814000Z,2026-09-05T05:32:46.258285Z,2026-09-05T05:32:46.258285Z,384,0,2026-09-03T12:20:15Z,2026-09-04T20:20:17Z,,,1,polymarket_clob_yes_market_price_history,,complete,,,False,False,"{""condition_id"": ""0xa4310b06bcf431226af0f45faa1850d2f5c39893a5f43210abb6de642dc1f4e1"", ""token_outcomes"": {""15426999709446805732313246564212003549254150019314330569583515239252719216299"": ""NO"", ""28556727251399782833568990912880612876337572462198339084345238367182243837583"": ""YES""}, ""trade_pages_capped"": false, ""yes_token_id"": ""28556727251399782833568990912880612876337572462198339084345238367182243837583""}",1,1,0,0
polymarket,polymarket:4187270,4187270,2,2026-08-28T04:34:16.378000Z,2026-09-05T05:32:46.258285Z,2026-09-05T05:32:46.258285Z,385,0,2026-09-03T12:20:12Z,2026-09-04T20:20:13Z,,,2,polymarket_clob_yes_market_price_history,,complete,,,False,False,"{""condition_id"": ""0x08b74a9799820b0fdda663668eab39577b7a166826023febcef4ef148f22bd6a"", ""token_outcomes"": {""73894690375418475132104468935032443351095789592564957311741732066110323975223"": ""YES"", ""80692102754439866533722590425875603266661675707687857937763645033950665608948"": ""NO""}, ""trade_pages_capped"": false, ""yes_token_id"": ""73894690375418475132104468935032443351095789592564957311741732066110323975223""}",2,2,1,0
polymarket,polymarket:4187272,4187272,2,2026-08-28T01:41:59.692000Z,2026-09-05T05:32:46.258285Z,2026-09-05T05:32:46.258285Z,384,0,2026-09-03T12:20:15Z,2026-09-04T20:20:17Z,,,2,polymarket_clob_yes_market_price_history,,complete,,,False,False,"{""condition_id"": ""0x37a18e0b17ec5b2bf65f5fb4f57c55cc03740174029b58ded70bf21830c294b1"", ""token_outcomes"": {""51342288847464850304437405617196850555491829223301414620879778214061837132182"": ""YES"", ""66384164505807367505776795334367326953013599642783193928769484556717002450069"": ""NO""}, ""trade_pages_capped"": false, ""yes_token_id"": ""51342288847464850304437405617196850555491829223301414620879778214061837132182""}",2,2,1,0
polymarket,polymarket:4187273,4187273,2,2026-08-28T01:42:17.018000Z,2026-09-05T05:32:46.258285Z,2026-09-05T05:32:46.258285Z,386,0,2026-09-03T12:20:12Z,2026-09-04T20:25:12Z,,,2,polymarket_clob_yes_market_price_history,,complete,,,False,False,"{""condition_id"": ""0x21c0d0bde40e0aba8a856e9c25320d340174396310b889914905f7b77666b7b6"", ""token_outcomes"": {""55428992654037014304569200269201054137229264357311935525133409787742068780349"": ""YES"", ""88004561530480207942218038341032155449527296424007473987968454359118602942372"": ""NO""}, ""trade_pages_capped"": false, ""yes_token_id"": ""55428992654037014304569200269201054137229264357311935525133409787742068780349""}",2,2,1,0
polymarket,polymarket:4187279,4187279,2,2026-08-28T01:43:32.067000Z,2026-09-05T05:32:46.258285Z,2026-09-05T05:32:46.258285Z,385,0,2026-09-03T12:20:15Z,2026-09-04T20:25:18Z,,,2,polymarket_clob_yes_market_price_history,,complete,,,False,False,"{""condition_id"": ""0x3766d04ed133ada3801ea18f8c70020fb465f020ec2a8822ea5f5c4bd884cb81"", ""token_outcomes"": {""101286527554697298363453114335699046010106048669336038011512510043574350555175"": ""YES"", ""101622407425660552487381955637615474530656306009995966483599353253956947780098"": ""NO""}, ""trade_pages_capped"": false, ""yes_token_id"": ""101286527554697298363453114335699046010106048669336038011512510043574350555175""}",2,2,1,0
polymarket,polymarket:4187280,4187280,2,2026-08-28T01:43:44.483000Z,2026-09-05T05:32:46.258285Z,2026-09-05T05:32:46.258285Z,386,0,2026-09-03T12:20:15Z,2026-09-04T20:30:20Z,,,2,polymarket_clob_yes_market_price_history,,complete,,,False,False,"{""condition_id"": ""0xdc929ff018f3f16c66f5877e9931f043f2237a8972f8a4f4764c26a23a80380c"", ""token_outcomes"": {""25898954913914416104976209707143666487645623468337173009563588154105570151722"": ""NO"", ""56213474942786207198395648966514064410256722589116003928918568713715863796987"": ""YES""}, ""trade_pages_capped"": false, ""yes_token_id"": ""56213474942786207198395648966514064410256722589116003928918568713715863796987""}",2,2,1,0
polymarket,polymarket:4187281,4187281,1,2026-08-28T11:08:41.903000Z,2026-09-05T05:32:46.258285Z,2026-09-05T05:32:46.258285Z,385,0,2026-09-03T12:20:12Z,2026-09-04T20:20:13Z,,,1,polymarket_clob_yes_market_price_history,,complete,,,False,False,"{""condition_id"": ""0x55d8c53be2e0bac9ca53fb86a76869356c8ddad4d4c623c1623d80723c5c5343"", ""token_outcomes"": {""91570072986595710625454240280678608246515866378869545441809675830157138338363"": ""YES"", ""92547247379300730989138670482040607439292384235967898895340040924385513410719"": ""NO""}, ""trade_pages_capped"": false, ""yes_token_id"": ""91570072986595710625454240280678608246515866378869545441809675830157138338363""}",1,1,1,0
polymarket,polymarket:4190953,4190953,1,2026-08-28T04:33:58.934000Z,2026-09-05T05:32:46.258285Z,2026-09-05T04:33:58.934000Z,269,0,2026-09-03T16:55:27Z,2026-09-04T15:20:17Z,,,1,polymarket_clob_yes_market_price_history,,complete,,,False,False,"{""condition_id"": ""0x31ac73f625f741cb9923601739f28f3e7886b6230c0526516f95e4557a853615"", ""token_outcomes"": {""102335398338141895909052569082365118459607154136941078426786349177703485384345"": ""YES"", ""86261310221175930575041247085633952389282459510780525009488624203259016150148"": ""NO""}, ""trade_pages_capped"": false, ""yes_token_id"": ""102335398338141895909052569082365118459607154136941078426786349177703485384345""}",1,1,1,0
polymarket,polymarket:4190955,4190955,1,2026-08-28T01:44:51.291000Z,2026-09-05T05:32:46.258285Z,2026-09-05T01:44:51.291000Z,256,0,2026-09-03T16:55:25Z,2026-09-04T14:10:14Z,,,1,polymarket_clob_yes_market_price_history,,complete,,,False,False,"{""condition_id"": ""0x00db5149d777b963746faebd454d5bf657288ee061cbe916fe0b5228ec3b8507"", ""token_outcomes"": {""25342180016743984396549618532639683479979078576011606266105418455407144330307"": ""YES"", ""32476105703670241749704139737767461570308643164652670483575389571817550921582"": ""NO""}, ""trade_pages_capped"": false, ""yes_token_id"": ""25342180016743984396549618532639683479979078576011606266105418455407144330307""}",1,1,1,0
polymarket,polymarket:4190996,4190996,1,2026-08-28T01:46:23.771000Z,2026-09-05T05:32:46.258285Z,2026-09-05T01:46:23.771000Z,253,0,2026-09-03T16:55:24Z,2026-09-04T13:55:09Z,,,1,polymarket_clob_yes_market_price_history,,complete,,,False,False,"{""condition_id"": ""0x6d30c559ddb8efce877a26096270900f41da3b92d2932a6d4f7afe0a101ee026"", ""token_outcomes"": {""70945561845026135455811013798064279159193050759600231115311347311722997863997"": ""NO"", ""80263956478885833700221808129644375989187149918351696595728881486313937088594"": ""YES""}, ""trade_pages_capped"": false, ""yes_token_id"": ""80263956478885833700221808129644375989187149918351696595728881486313937088594""}",1,1,1,0
polymarket,polymarket:4191003,4191003,1,2026-08-28T11:11:43.251000Z,2026-09-05T05:32:46.258285Z,2026-09-05T05:32:46.258285Z,333,0,2026-09-03T16:55:26Z,2026-09-04T20:40:37Z,,,1,polymarket_clob_yes_market_price_history,,complete,,,False,False,"{""condition_id"": ""0x3ff67f448d8ff991451508dcb2a5a59e8254af2bb6acd4bfa35cd40b3c064af1"", ""token_outcomes"": {""69199120499717197774998744121506269999828306999121526242150791162168421061087"": ""NO"", ""8903305912728656639856616961241449461425586551435301466089804031465301276753"": ""YES""}, ""trade_pages_capped"": false, ""yes_token_id"": ""8903305912728656639856616961241449461425586551435301466089804031465301276753""}",1,1,1,0
polymarket,polymarket:4191007,4191007,1,2026-08-28T11:11:39.611000Z,2026-09-05T05:32:46.258285Z,2026-09-05T05:32:46.258285Z,253,0,2026-09-03T16:55:25Z,2026-09-04T13:55:10Z,,,1,polymarket_clob_yes_market_price_history,,complete,,,False,False,"{""condition_id"": ""0x97dd145606b5b89bb432555dad5483b069eedd145fa1e93a330de175d8bcdced"", ""token_outcomes"": {""2836104601437544751897156539786450022981289765143662322512601720122388641262"": ""NO"", ""82758258755474491712202428719184862608168023441261133859729614516035897963090"": ""YES""}, ""trade_pages_capped"": false, ""yes_token_id"": ""82758258755474491712202428719184862608168023441261133859729614516035897963090""}",1,1,0,0
polymarket,polymarket:4191011,4191011,1,2026-08-28T17:03:45.940000Z,2026-09-05T05:32:46.258285Z,2026-09-05T05:32:46.258285Z,330,0,2026-09-03T16:55:24Z,2026-09-04T20:20:14Z,,,1,polymarket_clob_yes_market_price_history,,complete,,,False,False,"{""condition_id"": ""0x30fa34fadc1d3ae64924f17ecf2592e1ff05636a63ac18bfdd45eb436ec629dc"", ""token_outcomes"": {""35916279686083350818323229216994047813896508115994950157055847963209479026377"": ""NO"", ""93598328005264067214340855291501493106981917891680788840022334029545735042835"": ""YES""}, ""trade_pages_capped"": false, ""yes_token_id"": ""93598328005264067214340855291501493106981917891680788840022334029545735042835""}",1,1,0,0
polymarket,polymarket:4191015,4191015,2,2026-08-28T01:44:24.337000Z,2026-09-05T05:32:46.258285Z,2026-09-05T05:32:46.258285Z,345,0,2026-09-03T16:55:28Z,2026-09-04T21:40:19Z,,,2,polymarket_clob_yes_market_price_history,,complete,,,False,False,"{""condition_id"": ""0x68710c5ea20911406831285f9a321a3512d9d874e87a15284c383b2f548cd785"", ""token_outcomes"": {""107728173125920614289790613855674364661752684946787389038398487796025716847182"": ""NO"", ""73267549988565794845645007541929677312234087849198956183119388244283091756161"": ""YES""}, ""trade_pages_capped"": false, ""yes_token_id"": ""73267549988565794845645007541929677312234087849198956183119388244283091756161""}",2,2,1,0
polymarket,polymarket:4191164,4191164,2,2026-08-28T11:13:17.680000Z,2026-09-05T05:32:46.258285Z,2026-09-05T05:32:46.258285Z,439,0,2026-09-03T17:00:13Z,2026-09-05T05:30:13Z,,,2,polymarket_clob_yes_market_price_history,,complete,,,False,False,"{""condition_id"": ""0x6c2a64c9728fb8259e5fff17f53a6b28ed8e335579ef165fec71ae5220fe7dda"", ""token_outcomes"": {""21232379928945268666324972176255840465612217129305035121225728584115847496935"": ""YES"", ""27346441855961870391375570056872343435374942395795086767651628806849565629454"": ""NO""}, ""trade_pages_capped"": false, ""yes_token_id"": ""21232379928945268666324972176255840465612217129305035121225728584115847496935""}",2,2,2,0
polymarket,polymarket:4191166,4191166,1,2026-08-28T22:47:40.208000Z,2026-09-05T05:32:46.258285Z,2026-09-05T05:32:46.258285Z,439,0,2026-09-03T17:00:20Z,2026-09-05T05:30:15Z,,,1,polymarket_clob_yes_market_price_history,,complete,,,False,False,"{""condition_id"": ""0xb81e15fef6f5978b1b03a636875e0b57babf804b192059d6c09346e58f50e327"", ""token_outcomes"": {""36239002890011867560907602148713869645575326233596288241725333695014020367557"": ""YES"", ""95576875002912266414706868527475299594556789279015664563403615972387267596097"": ""NO""}, ""trade_pages_capped"": false, ""yes_token_id"": ""36239002890011867560907602148713869645575326233596288241725333695014020367557""}",1,1,1,0
polymarket,polymarket:4191169,4191169,1,2026-08-28T22:46:17.971000Z,2026-09-05T05:32:46.258285Z,2026-09-05T05:32:46.258285Z,439,0,2026-09-03T17:00:22Z,2026-09-05T05:30:16Z,,,1,polymarket_clob_yes_market_price_history,,complete,,,False,False,"{""condition_id"": ""0x2f2b2ec3127bba8e374176a5fea9981629235141e39d49fdcdc74daca1c9aec3"", ""token_outcomes"": {""23793240873601406395494643547947055195450050369110683366087714171754356121523"": ""NO"", ""60028367858637788662940032368583229810264378584866034698328662238655915035460"": ""YES""}, ""trade_pages_capped"": false, ""yes_token_id"": ""60028367858637788662940032368583229810264378584866034698328662238655915035460""}",1,1,1,0
polymarket,polymarket:4191174,4191174,2,2026-08-28T11:12:48.609000Z,2026-09-05T05:32:46.258285Z,2026-09-05T05:32:46.258285Z,438,0,2026-09-03T17:00:29Z,2026-09-05T05:30:18Z,,,2,polymarket_clob_yes_market_price_history,,complete,,,False,False,"{""condition_id"": ""0x6003517fab11cfce42bdb7b7a8f009a3ad004bf7d9f866d3c4f00fbb3ec4163e"", ""token_outcomes"": {""38864683445438437907357974627516876449730611300406074855288235013395522489603"": ""YES"", ""55205223424345544384165271331985478564850531969473140894800361303679483217293"": ""NO""}, ""trade_pages_capped"": false, ""yes_token_id"": ""38864683445438437907357974627516876449730611300406074855288235013395522489603""}",2,2,2,0
polymarket,polymarket:4200047,4200047,2,2026-08-28T01:48:10.956000Z,2026-09-05T05:32:46.258285Z,2026-09-05T05:32:46.258285Z,365,0,2026-09-03T23:10:14Z,2026-09-05T05:30:17Z,,,2,polymarket_clob_yes_market_price_history,,complete,,,False,False,"{""condition_id"": ""0xd0f370b3c8df89065480451425181c8ae21c74f52ac993b752529f0bdc9bb914"", ""token_outcomes"": {""11342003091943716492620403453397606769739624403407417674701581292335545935969"": ""NO"", ""38460089078401794509383523864940635716431522059120325431037011671338387463565"": ""YES""}, ""trade_pages_capped"": false, ""yes_token_id"": ""38460089078401794509383523864940635716431522059120325431037011671338387463565""}",2,2,1,1
polymarket,polymarket:4200049,4200049,1,2026-08-29T04:36:26.879000Z,2026-09-05T05:32:46.258285Z,2026-09-05T05:32:46.258285Z,365,0,2026-09-03T23:10:14Z,2026-09-05T05:30:15Z,,,1,polymarket_clob_yes_market_price_history,,complete,,,False,False,"{""condition_id"": ""0x93e09e4a22c9489e9c79eba14bf1defeb3be71de2654350cf055e62e9170143c"", ""token_outcomes"": {""20518451118572252772593777100427245834608586891846353566863291385771443547189"": ""NO"", ""45698454701972883405307394035240959042228896568701964993574136136321078714647"": ""YES""}, ""trade_pages_capped"": false, ""yes_token_id"": ""45698454701972883405307394035240959042228896568701964993574136136321078714647""}",1,1,0,0
polymarket,polymarket:4200050,4200050,2,2026-08-28T01:49:11.570000Z,2026-09-05T05:32:46.258285Z,2026-09-05T05:32:46.258285Z,365,0,2026-09-03T23:10:14Z,2026-09-05T05:30:16Z,,,2,polymarket_clob_yes_market_price_history,,complete,,,False,False,"{""condition_id"": ""0x6b2a934ce42e355877b524d0c8eb89c9a98a0761be78e949e3b3745827b7de7e"", ""token_outcomes"": {""39700540111926367945866830757944486726434604292672433792096579365456054407037"": ""NO"", ""46199337854822338983562926149657305628483858663596538864714851662373061250602"": ""YES""}, ""trade_pages_capped"": false, ""yes_token_id"": ""46199337854822338983562926149657305628483858663596538864714851662373061250602""}",2,2,1,1
polymarket,polymarket:4200133,4200133,1,2026-08-29T04:38:56.022000Z,2026-09-05T05:32:46.258285Z,2026-09-05T05:32:46.258285Z,364,0,2026-09-03T23:15:19Z,2026-09-05T05:30:18Z,,,1,polymarket_clob_yes_market_price_history,,complete,,,False,False,"{""condition_id"": ""0xe6e9079ca9c9ef3d04735b473bc0c548def9e276a42e1c55a28824a11039b4ed"", ""token_outcomes"": {""39244732045804552259033867207020964684133547668512307075879757046216854998589"": ""YES"", ""70516556384893690535512904120646997831912714685834521055923114498651293228698"": ""NO""}, ""trade_pages_capped"": false, ""yes_token_id"": ""39244732045804552259033867207020964684133547668512307075879757046216854998589""}",1,1,0,0
polymarket,polymarket:4200135,4200135,2,2026-08-28T01:51:44.101000Z,2026-09-05T05:32:46.258285Z,2026-09-05T05:32:46.258285Z,364,0,2026-09-03T23:15:19Z,2026-09-05T05:30:18Z,,,2,polymarket_clob_yes_market_price_history,,complete,,,False,False,"{""condition_id"": ""0xd026f257e3f643dd85795de0a56732fb22f27ddebac5421a88a3ebfbb7c245b1"", ""token_outcomes"": {""78924847521082267000772280339214245773117053044102444575581750108503314036984"": ""NO"", ""97792364074211784560421743459322098253603079995311151524484798712905118271881"": ""YES""}, ""trade_pages_capped"": false, ""yes_token_id"": ""97792364074211784560421743459322098253603079995311151524484798712905118271881""}",2,2,1,1
polymarket,polymarket:4212344,4212344,1,2026-08-28T22:35:20.315000Z,2026-09-05T05:32:46.258285Z,2026-09-05T05:32:46.258285Z,207,0,2026-09-04T12:20:10Z,2026-09-05T05:30:15Z,,,1,polymarket_clob_yes_market_price_history,,complete,,,False,False,"{""condition_id"": ""0x7e72a869cfe3a2dcdbe0101293dd3ad460267e03e18ba6699d4778838ea02045"", ""token_outcomes"": {""23905826416329858988866899560711005668916649090085412813056011434708361895267"": ""YES"", ""35741273372243674593487140399785424662040008002461473351267801336983382676176"": ""NO""}, ""trade_pages_capped"": false, ""yes_token_id"": ""23905826416329858988866899560711005668916649090085412813056011434708361895267""}",1,1,1,0
polymarket,polymarket:4212345,4212345,1,2026-08-28T22:35:23.308000Z,2026-09-05T05:32:46.258285Z,2026-09-05T05:32:46.258285Z,207,0,2026-09-04T12:20:12Z,2026-09-05T05:30:19Z,,,1,polymarket_clob_yes_market_price_history,,complete,,,False,False,"{""condition_id"": ""0xe00617c741063ca96b32d60cc41be356ea4503b281f5d6776d99bce73b5737d2"", ""token_outcomes"": {""50221897242213675836782826392443351450292273167758863739019813018624865065546"": ""YES"", ""54916691978960243621794709312003963600561803052631478220840109051078037060848"": ""NO""}, ""trade_pages_capped"": false, ""yes_token_id"": ""50221897242213675836782826392443351450292273167758863739019813018624865065546""}",1,1,1,0
polymarket,polymarket:4212358,4212358,1,2026-08-28T22:35:33.062000Z,2026-09-05T05:32:46.258285Z,2026-09-05T05:32:46.258285Z,207,0,2026-09-04T12:20:10Z,2026-09-05T05:30:14Z,,,1,polymarket_clob_yes_market_price_history,,complete,,,False,False,"{""condition_id"": ""0x11a54655af4b94cdbf8db465677e1bd249e973bbad75ee6dab501d3ee190d15a"", ""token_outcomes"": {""110276834540271113909160270314750152460918013663097754321180570535329032124311"": ""NO"", ""54843958771819525450156691692068758433962186304720227109063579137313433796574"": ""YES""}, ""trade_pages_capped"": false, ""yes_token_id"": ""54843958771819525450156691692068758433962186304720227109063579137313433796574""}",1,1,1,0
polymarket,polymarket:4212359,4212359,1,2026-08-28T22:35:24.926000Z,2026-09-05T05:32:46.258285Z,2026-09-05T05:32:46.258285Z,207,0,2026-09-04T12:20:11Z,2026-09-05T05:30:18Z,,,1,polymarket_clob_yes_market_price_history,,complete,,,False,False,"{""condition_id"": ""0x4c042b258aa4e2bcd3451d99fa8254b1f053fe33709880fc585f0717a68362e7"", ""token_outcomes"": {""43637571561437607795443258041781553081437947158716334723145921441591644510274"": ""YES"", ""65470646941061382188734542313496307863429362573647431971923135428888491417468"": ""NO""}, ""trade_pages_capped"": false, ""yes_token_id"": ""43637571561437607795443258041781553081437947158716334723145921441591644510274""}",1,1,1,0
polymarket,polymarket:4212363,4212363,1,2026-08-28T22:36:59.134000Z,2026-09-05T05:32:46.258285Z,2026-09-05T05:32:46.258285Z,207,0,2026-09-04T12:20:09Z,2026-09-05T05:30:13Z,,,1,polymarket_clob_yes_market_price_history,,complete,,,False,False,"{""condition_id"": ""0x55d69dd95b31c79801e631a14aeb86356de5b90863ff999fcb37973a074cc1f0"", ""token_outcomes"": {""104355458972317627163617843730158270843786214849122564706236053005933025213005"": ""NO"", ""96463889326827486086835700456840115364097770900085404100212424351615153534588"": ""YES""}, ""trade_pages_capped"": false, ""yes_token_id"": ""96463889326827486086835700456840115364097770900085404100212424351615153534588""}",1,1,1,0
polymarket,polymarket:4212364,4212364,1,2026-08-28T22:37:25.701000Z,2026-09-05T05:32:46.258285Z,2026-09-05T05:32:46.258285Z,207,0,2026-09-04T12:20:10Z,2026-09-05T05:30:16Z,,,1,polymarket_clob_yes_market_price_history,,complete,,,False,False,"{""condition_id"": ""0x707852532693015f742f5989a543580b724a9022591f28c4e6e08d2a1f324080"", ""token_outcomes"": {""105505288746693559145150332438086509142115060405299091358968752707349907050858"": ""YES"", ""85128903530950079752663460390772585133128842280251789170357372861994963382073"": ""NO""}, ""trade_pages_capped"": false, ""yes_token_id"": ""105505288746693559145150332438086509142115060405299091358968752707349907050858""}",1,1,1,0
polymarket,polymarket:4212372,4212372,1,2026-08-28T22:37:36.786000Z,2026-09-05T05:32:46.258285Z,2026-09-05T05:32:46.258285Z,207,0,2026-09-04T12:20:09Z,2026-09-05T05:30:13Z,,,1,polymarket_clob_yes_market_price_history,,complete,,,False,False,"{""condition_id"": ""0x19010d7d86497de824c9c89ed2707c7ba2c6c05cd49ed60fc6d3b68408f4d520"", ""token_outcomes"": {""75369878942807552770232055939757628071328309434492601728090829092419083472412"": ""NO"", ""87394126154989288323453468706555488578072345541632400203579185397856903496359"": ""YES""}, ""trade_pages_capped"": false, ""yes_token_id"": ""87394126154989288323453468706555488578072345541632400203579185397856903496359""}",1,1,1,0
polymarket,polymarket:4212374,4212374,1,2026-08-28T22:37:44.275000Z,2026-09-05T05:32:46.258285Z,2026-09-05T05:32:46.258285Z,207,0,2026-09-04T12:20:10Z,2026-09-05T05:30:15Z,,,1,polymarket_clob_yes_market_price_history,,complete,,,False,False,"{""condition_id"": ""0xb43f2eec62f0974dae6d4eb47a0efe026717b63f1bc7a0b9f54a6e4327fc9587"", ""token_outcomes"": {""106478728335844987070918148996192687812971687285445756714772978895734442451152"": ""NO"", ""85501962901168262422675317366429237161202072813826351467351144008699995758867"": ""YES""}, ""trade_pages_capped"": false, ""yes_token_id"": ""85501962901168262422675317366429237161202072813826351467351144008699995758867""}",1,1,1,0
polymarket,polymarket:4212378,4212378,1,2026-08-28T22:39:25.922000Z,2026-09-05T05:32:46.258285Z,2026-09-05T05:32:46.258285Z,207,0,2026-09-04T12:20:12Z,2026-09-05T05:30:19Z,,,1,polymarket_clob_yes_market_price_history,,complete,,,False,False,"{""condition_id"": ""0x006b1c678c62b80fd5c683ff6156483545fd40ed08da2698584b09b2cceb031a"", ""token_outcomes"": {""47711665298405395410120651122191219757422487877957177886642695523460538676170"": ""NO"", ""83479693048064539479734409637291878417066577969598397854466626650054115205387"": ""YES""}, ""trade_pages_capped"": false, ""yes_token_id"": ""83479693048064539479734409637291878417066577969598397854466626650054115205387""}",1,1,1,0
polymarket,polymarket:4212379,4212379,1,2026-08-28T22:39:25.718000Z,2026-09-05T05:32:46.258285Z,2026-09-05T05:32:46.258285Z,207,0,2026-09-04T12:20:09Z,2026-09-05T05:30:13Z,,,1,polymarket_clob_yes_market_price_history,,complete,,,False,False,"{""condition_id"": ""0x6936591bf8ff92fd49aa657c00b24fe632c45588d3ee7391f16f15c21bd9c394"", ""token_outcomes"": {""11491471683703818155165158719051345265205083066283936918177743714714330150540"": ""YES"", ""91216463738405839349466075293266213683175868677710782936500762191149676822552"": ""NO""}, ""trade_pages_capped"": false, ""yes_token_id"": ""11491471683703818155165158719051345265205083066283936918177743714714330150540""}",1,1,1,0
polymarket,polymarket:4212389,4212389,1,2026-08-28T22:39:07.905000Z,2026-09-05T05:32:46.258285Z,2026-09-05T05:32:46.258285Z,207,0,2026-09-04T12:20:11Z,2026-09-05T05:30:17Z,,,1,polymarket_clob_yes_market_price_history,,complete,,,False,False,"{""condition_id"": ""0x66c53b4a423e571b3a35376834f99a38e7b5817ea0107bec99c2d0e598833fd0"", ""token_outcomes"": {""17780718178758762247310225247257063664722480140686500463357315324779704546194"": ""NO"", ""27112214961858659201437893853415305018212135672071359969720421006284482665048"": ""YES""}, ""trade_pages_capped"": false, ""yes_token_id"": ""27112214961858659201437893853415305018212135672071359969720421006284482665048""}",1,1,1,0
polymarket,polymarket:4212390,4212390,1,2026-08-28T22:39:30.067000Z,2026-09-05T05:32:46.258285Z,2026-09-05T05:32:46.258285Z,207,0,2026-09-04T12:20:11Z,2026-09-05T05:30:17Z,,,1,polymarket_clob_yes_market_price_history,,complete,,,False,False,"{""condition_id"": ""0x7d6a5d00ce0858573c1edd168e74e3462f911495aeef4972e911f9bddebc73e8"", ""token_outcomes"": {""36156362726543241657198057025082265254729452102483429380014127766892769144269"": ""NO"", ""80972583589415426545060641965225525491571922694213636368413529838874848257074"": ""YES""}, ""trade_pages_capped"": false, ""yes_token_id"": ""80972583589415426545060641965225525491571922694213636368413529838874848257074""}",1,1,1,0
polymarket,polymarket:4231379,4231379,1,2026-08-29T04:40:42.719000Z,2026-09-05T05:32:46.258285Z,2026-09-05T05:32:46.258285Z,87,0,2026-09-04T22:20:13Z,2026-09-05T05:30:13Z,,,1,polymarket_clob_yes_market_price_history,,complete,,,False,False,"{""condition_id"": ""0x15fe7348a338ba9f6972b6fd97f015cc5c76a245458d828604e404b79cd1a95a"", ""token_outcomes"": {""13918595751935053480543408218101791450005621979599916025355063059954010627832"": ""NO"", ""55225279884069767949966645811248741727004680690451938221057223635903765751596"": ""YES""}, ""trade_pages_capped"": false, ""yes_token_id"": ""55225279884069767949966645811248741727004680690451938221057223635903765751596""}",1,1,0,0
polymarket,polymarket:4231382,4231382,1,2026-08-29T04:40:33.995000Z,2026-09-05T05:32:46.258285Z,2026-09-05T05:32:46.258285Z,87,0,2026-09-04T22:20:14Z,2026-09-05T05:30:15Z,,,1,polymarket_clob_yes_market_price_history,,complete,,,False,False,"{""condition_id"": ""0x9bbbea9ec53c1251215a39559cbad783d80a2a7a1be4054ce8db85fbe8e9cae5"", ""token_outcomes"": {""101837865716826890521320406972005999892751801953911471533570232782752930070731"": ""NO"", ""74595579080193609911252727811935012490482417358634357352616800559201750794641"": ""YES""}, ""trade_pages_capped"": false, ""yes_token_id"": ""74595579080193609911252727811935012490482417358634357352616800559201750794641""}",1,1,0,0
polymarket,polymarket:4231385,4231385,1,2026-08-29T04:40:40.009000Z,2026-09-05T05:32:46.258285Z,2026-09-05T05:32:46.258285Z,87,0,2026-09-04T22:20:12Z,2026-09-05T05:30:13Z,,,1,polymarket_clob_yes_market_price_history,,complete,,,False,False,"{""condition_id"": ""0x8dfaee8c735e3b1ad56a085260c3f8514856586d62aab4451f7d241bab5b079b"", ""token_outcomes"": {""24235703917537838521237311230260422956091247222063607499395025380226193976213"": ""NO"", ""76087369980245971890920852131807542581999160167610546512717542794585056839130"": ""YES""}, ""trade_pages_capped"": false, ""yes_token_id"": ""76087369980245971890920852131807542581999160167610546512717542794585056839130""}",1,1,0,0
polymarket,polymarket:4231528,4231528,1,2026-08-29T04:40:51.430000Z,2026-09-05T05:32:46.258285Z,2026-09-05T05:32:46.258285Z,87,0,2026-09-04T22:20:14Z,2026-09-05T05:30:14Z,,,1,polymarket_clob_yes_market_price_history,,complete,,,False,False,"{""condition_id"": ""0x38fd76d31f2f3387614323b30413b1a05d222b8dcb3349205ea65104947dd340"", ""token_outcomes"": {""11106732305142241669944929794655622480019148774476494000245032921447609779889"": ""YES"", ""85606092208518668808402572318919881596429987563206325355717669586882234056838"": ""NO""}, ""trade_pages_capped"": false, ""yes_token_id"": ""11106732305142241669944929794655622480019148774476494000245032921447609779889""}",1,1,0,0
polymarket,polymarket:4231538,4231538,1,2026-08-29T04:40:47.508000Z,2026-09-05T05:32:46.258285Z,2026-09-05T05:32:46.258285Z,87,0,2026-09-04T22:20:14Z,2026-09-05T05:30:15Z,,,1,polymarket_clob_yes_market_price_history,,complete,,,False,False,"{""condition_id"": ""0xdabda25c48bd1d25eb957ff71248b92b631c37a9c6e649bf718b7a75d8bfe1c3"", ""token_outcomes"": {""113428043521910954190379637202162543221183291993433209657001964283632208211992"": ""NO"", ""14972244489374553948042920032592033290428766934343841886817519058288471728903"": ""YES""}, ""trade_pages_capped"": false, ""yes_token_id"": ""14972244489374553948042920032592033290428766934343841886817519058288471728903""}",1,1,0,0
polymarket,polymarket:4231540,4231540,1,2026-08-29T04:40:57.508000Z,2026-09-05T05:32:46.258285Z,2026-09-05T05:32:46.258285Z,87,0,2026-09-04T22:20:13Z,2026-09-05T05:30:13Z,,,1,polymarket_clob_yes_market_price_history,,complete,,,False,False,"{""condition_id"": ""0xf8be7b991a356eb16bdf869e8fa5cedb10c5f1c7117370ddac8d2c262eaff48a"", ""token_outcomes"": {""103475052074709673063515120998998693858016886040046286903511054809043606648162"": ""YES"", ""104971314861696101326986677641867876321162900638762498642560954804398601480564"": ""NO""}, ""trade_pages_capped"": false, ""yes_token_id"": ""103475052074709673063515120998998693858016886040046286903511054809043606648162""}",1,1,0,0
polymarket,polymarket:4231563,4231563,1,2026-08-29T04:43:10.943000Z,2026-09-05T05:32:46.258285Z,2026-09-05T05:32:46.258285Z,87,0,2026-09-04T22:20:16Z,2026-09-05T05:30:17Z,,,1,polymarket_clob_yes_market_price_history,,complete,,,False,False,"{""condition_id"": ""0x3ce583960b54525516ddf9dd6aa4b0fa92997d30042cd3f07afadc78cf5b528d"", ""token_outcomes"": {""36651955946577256140841825241133154984163468485715154741403094942317989736192"": ""YES"", ""86724415483842200124484449674425052810676701787455535146433625992039973505873"": ""NO""}, ""trade_pages_capped"": false, ""yes_token_id"": ""36651955946577256140841825241133154984163468485715154741403094942317989736192""}",1,1,0,0
polymarket,polymarket:4231573,4231573,1,2026-08-29T04:42:56.678000Z,2026-09-05T05:32:46.258285Z,2026-09-05T05:32:46.258285Z,87,0,2026-09-04T22:20:15Z,2026-09-05T05:30:16Z,,,1,polymarket_clob_yes_market_price_history,,complete,,,False,False,"{""condition_id"": ""0x5043858f68cc410177f633384f4067c3cc9c0d10536df9fef4c7963dd4e34aa7"", ""token_outcomes"": {""12732991507130119575266900664495277693115335502748185404761281380740526320892"": ""YES"", ""32396257586174770012751642900979879013281508178783903627281476070871821869621"": ""NO""}, ""trade_pages_capped"": false, ""yes_token_id"": ""12732991507130119575266900664495277693115335502748185404761281380740526320892""}",1,1,0,0
polymarket,polymarket:4231578,4231578,1,2026-08-29T04:42:57.837000Z,2026-09-05T05:32:46.258285Z,2026-09-05T05:32:46.258285Z,87,0,2026-09-04T22:20:15Z,2026-09-05T05:30:15Z,,,1,polymarket_clob_yes_market_price_history,,complete,,,False,False,"{""condition_id"": ""0xaea758d55d0ac9abceaf89c0322ad8cf2eeda1a3b2aadc391a403ec798dd7c70"", ""token_outcomes"": {""24401232660613823952448567926448071702770027143618540260908950905486354100491"": ""NO"", ""77189266741141699941247545030441242960091436274632570365021767664081907489671"": ""YES""}, ""trade_pages_capped"": false, ""yes_token_id"": ""77189266741141699941247545030441242960091436274632570365021767664081907489671""}",1,1,0,0
polymarket,polymarket:4231611,4231611,1,2026-08-29T04:45:32.311000Z,2026-09-05T05:32:46.258285Z,2026-09-05T05:32:46.258285Z,87,0,2026-09-04T22:20:13Z,2026-09-05T05:30:13Z,,,1,polymarket_clob_yes_market_price_history,,complete,,,False,False,"{""condition_id"": ""0xb387c65e09401b1d782866972de12165ee552b9528a72c9b8b70379d8c3395c2"", ""token_outcomes"": {""92550487718665431451958156359860031240043587837205052443705836331645561258115"": ""NO"", ""93725677597330748696053526830000576606891746227751004440454171999323501587497"": ""YES""}, ""trade_pages_capped"": false, ""yes_token_id"": ""93725677597330748696053526830000576606891746227751004440454171999323501587497""}",1,0,0,0
polymarket,polymarket:4231612,4231612,1,2026-08-29T04:45:24.202000Z,2026-09-05T05:32:46.258285Z,2026-09-05T05:32:46.258285Z,87,0,2026-09-04T22:20:17Z,2026-09-05T05:30:18Z,,,1,polymarket_clob_yes_market_price_history,,complete,,,False,False,"{""condition_id"": ""0xcde07a0c836697ee60c010b83e36f23b96c91785b8ff7cf1e437d66799af408b"", ""token_outcomes"": {""112584492238301299523548317094193043332875461797824482112792275243870990952960"": ""YES"", ""37797569357435553137416021556812484542067427316026037285042796702540494129172"": ""NO""}, ""trade_pages_capped"": false, ""yes_token_id"": ""112584492238301299523548317094193043332875461797824482112792275243870990952960""}",1,0,0,0
polymarket,polymarket:4231613,4231613,1,2026-08-29T04:45:30.326000Z,2026-09-05T05:32:46.258285Z,2026-09-05T05:32:46.258285Z,87,0,2026-09-04T22:20:15Z,2026-09-05T05:30:16Z,,,1,polymarket_clob_yes_market_price_history,,complete,,,False,False,"{""condition_id"": ""0x18426ca1a0fc96e84720553dacd9df24c35556c9bc0ddb51d7374afebda8b179"", ""token_outcomes"": {""105749206769061648477281953417045816728593451460218816020534950342405124464873"": ""NO"", ""57657506832405486528666996316757212711037046730005423662853920226242419946836"": ""YES""}, ""trade_pages_capped"": false, ""yes_token_id"": ""57657506832405486528666996316757212711037046730005423662853920226242419946836""}",1,0,0,0
polymarket,polymarket:4231692,4231692,1,2026-08-29T04:45:40.120000Z,2026-09-05T05:32:46.258285Z,2026-09-05T05:32:46.258285Z,87,0,2026-09-04T22:20:18Z,2026-09-05T05:30:20Z,,,1,polymarket_clob_yes_market_price_history,,complete,,,False,False,"{""condition_id"": ""0xd70cb9f466aa343d6ba6d893075853c3db5487e7496ed76484a1d7468c95823e"", ""token_outcomes"": {""105773390780929621156185871641234047183827608537986793768046609601265408546775"": ""NO"", ""53330724291331691432333538820780991164319989069092251846397833203951622416435"": ""YES""}, ""trade_pages_capped"": false, ""yes_token_id"": ""53330724291331691432333538820780991164319989069092251846397833203951622416435""}",1,0,0,0
polymarket,polymarket:4231695,4231695,1,2026-08-29T04:45:43.979000Z,2026-09-05T05:32:46.258285Z,2026-09-05T05:32:46.258285Z,87,0,2026-09-04T22:20:14Z,2026-09-05T05:30:14Z,,,1,polymarket_clob_yes_market_price_history,,complete,,,False,False,"{""condition_id"": ""0x0b3bf04f8455436ea97ed08b7b5bead25b6d7889bb4701ed7831db5a2b001334"", ""token_outcomes"": {""37616796928149842728581148968670565584494056294367142095955510654821109722401"": ""YES"", ""54845367877141549130300647066636209399468813738466107315808340870034219919359"": ""NO""}, ""trade_pages_capped"": false, ""yes_token_id"": ""37616796928149842728581148968670565584494056294367142095955510654821109722401""}",1,0,0,0
polymarket,polymarket:4231862,4231862,1,2026-08-29T04:45:31.504000Z,2026-09-05T05:32:46.258285Z,2026-09-05T05:32:46.258285Z,87,0,2026-09-04T22:20:18Z,2026-09-05T05:30:20Z,,,1,polymarket_clob_yes_market_price_history,,complete,,,False,False,"{""condition_id"": ""0x312ac4f24f73e02958625bae50030251f924d10e5744fd909c53d147ddda467e"", ""token_outcomes"": {""72113849575336996567911921799288303828961916347480211911355952807906667903674"": ""NO"", ""84300488438559808060238856386389435115616906132302094242793353768847848938259"": ""YES""}, ""trade_pages_capped"": false, ""yes_token_id"": ""84300488438559808060238856386389435115616906132302094242793353768847848938259""}",1,0,0,0
polymarket,polymarket:4231863,4231863,1,2026-08-29T04:45:32.527000Z,2026-09-05T05:32:46.258285Z,2026-09-05T05:32:46.258285Z,87,0,2026-09-04T22:20:17Z,2026-09-05T05:30:19Z,,,1,polymarket_clob_yes_market_price_history,,complete,,,False,False,"{""condition_id"": ""0xe1f3630f07ccc5bf251d0e88c53d26fbed6e384f04d0ad288ebe49ed1290bd28"", ""token_outcomes"": {""18439173199820493837847151100138066411330460419548734871029943236373230845712"": ""NO"", ""8883825255064529470397152602048192042510235981958275358422870473940461270209"": ""YES""}, ""trade_pages_capped"": false, ""yes_token_id"": ""8883825255064529470397152602048192042510235981958275358422870473940461270209""}",1,0,0,0
polymarket,polymarket:4231867,4231867,1,2026-08-29T04:45:32.571000Z,2026-09-05T05:32:46.258285Z,2026-09-05T05:32:46.258285Z,87,0,2026-09-04T22:20:15Z,2026-09-05T05:30:15Z,,,1,polymarket_clob_yes_market_price_history,,complete,,,False,False,"{""condition_id"": ""0x69fc3210256be066ff29b6954c1be5adc9d11f874890e109a1203620c14648d1"", ""token_outcomes"": {""18484708554674379639552835765045154990546029551553984246629502533139653334426"": ""NO"", ""53774865474165105543373937889273014619229511097495200016074289105806626619890"": ""YES""}, ""trade_pages_capped"": false, ""yes_token_id"": ""53774865474165105543373937889273014619229511097495200016074289105806626619890""}",1,0,0,0
polymarket,polymarket:4231974,4231974,1,2026-08-29T04:20:59.049000Z,2026-09-05T05:32:46.258285Z,2026-09-05T05:32:46.258285Z,87,0,2026-09-04T22:20:16Z,2026-09-05T05:30:17Z,,,1,polymarket_clob_yes_market_price_history,,complete,,,False,False,"{""condition_id"": ""0xe3fbee1c954dd1c7c6cd5c686757aad9df9e87e77b3a646e5ed669a792cddb72"", ""token_outcomes"": {""49035488441877774174419087588116514240067341551351443647921094194411634100549"": ""YES"", ""74817244616523965191343197029664945712841767159932841483134807994000481081589"": ""NO""}, ""trade_pages_capped"": false, ""yes_token_id"": ""49035488441877774174419087588116514240067341551351443647921094194411634100549""}",1,1,0,0
polymarket,polymarket:4231984,4231984,1,2026-08-29T04:20:57.534000Z,2026-09-05T05:32:46.258285Z,2026-09-05T05:32:46.258285Z,87,0,2026-09-04T22:20:18Z,2026-09-05T05:30:20Z,,,1,polymarket_clob_yes_market_price_history,,complete,,,False,False,"{""condition_id"": ""0x50e90663143c9d2891a0e716f0acae8f43765c5ae131b080d4c0d78642150714"", ""token_outcomes"": {""12140862019061657587578613706433970604041109348084783678523124133879788847609"": ""YES"", ""95060477982071612030840292433548025554017731415391598725544341254113596232274"": ""NO""}, ""trade_pages_capped"": false, ""yes_token_id"": ""12140862019061657587578613706433970604041109348084783678523124133879788847609""}",1,1,0,0
polymarket,polymarket:4231986,4231986,1,2026-08-29T04:21:10.633000Z,2026-09-05T05:32:46.258285Z,2026-09-05T05:32:46.258285Z,87,0,2026-09-04T22:20:17Z,2026-09-05T05:30:18Z,,,1,polymarket_clob_yes_market_price_history,,complete,,,False,False,"{""condition_id"": ""0xde8a01f1e2a42cb38d26b9818ac74952641b6d331cabe933bd6b6b95e7c9d49f"", ""token_outcomes"": {""35951767201741511960394834402170850648585793071165340175614230600822234037537"": ""YES"", ""88184141230055035296493256712745328883880271424435475900265649911126003287703"": ""NO""}, ""trade_pages_capped"": false, ""yes_token_id"": ""35951767201741511960394834402170850648585793071165340175614230600822234037537""}",1,1,0,0
polymarket,polymarket:4231990,4231990,1,2026-08-29T04:21:40.941000Z,2026-09-05T05:32:46.258285Z,2026-09-05T05:32:46.258285Z,87,0,2026-09-04T22:20:13Z,2026-09-05T05:30:14Z,,,1,polymarket_clob_yes_market_price_history,,complete,,,False,False,"{""condition_id"": ""0xcb9f8a874d126a9cee1e3078f1dce5e67b68520e3b4dbc549972870ff1e3d776"", ""token_outcomes"": {""41601038331784255282645902218667314697050267342028935694231784093410837104471"": ""YES"", ""50943022703971870496578785028260530125118909842132372171575719029671711989201"": ""NO""}, ""trade_pages_capped"": false, ""yes_token_id"": ""41601038331784255282645902218667314697050267342028935694231784093410837104471""}",1,1,0,0
polymarket,polymarket:4231996,4231996,1,2026-08-29T04:21:52.491000Z,2026-09-05T05:32:46.258285Z,2026-09-05T05:32:46.258285Z,87,0,2026-09-04T22:20:18Z,2026-09-05T05:30:19Z,,,1,polymarket_clob_yes_market_price_history,,complete,,,False,False,"{""condition_id"": ""0x71a78af3be7f86a2cfe9b16f61a9d294e8a5fd1091f1af5742b999cd5c82bbb9"", ""token_outcomes"": {""60881512774177510337879061320321656556312472805635770188244843664066748694307"": ""NO"", ""89850363150167993739254694923384781786368754292013613753985094262223602766827"": ""YES""}, ""trade_pages_capped"": false, ""yes_token_id"": ""89850363150167993739254694923384781786368754292013613753985094262223602766827""}",1,1,0,0
polymarket,polymarket:4231998,4231998,1,2026-08-29T04:21:54.407000Z,2026-09-05T05:32:46.258285Z,2026-09-05T05:32:46.258285Z,87,0,2026-09-04T22:20:18Z,2026-09-05T05:30:19Z,,,1,polymarket_clob_yes_market_price_history,,complete,,,False,False,"{""condition_id"": ""0x22c28c6b5c81408aa98b7a53d0391cb3730624e85d7dc573cb868818638047ac"", ""token_outcomes"": {""34864040583467399087535309089502959222725416195721940792070156053868273422869"": ""NO"", ""88987385969182855805976458654768670637603641188101182963912608939113821825124"": ""YES""}, ""trade_pages_capped"": false, ""yes_token_id"": ""88987385969182855805976458654768670637603641188101182963912608939113821825124""}",1,1,0,0
polymarket,polymarket:4232016,4232016,1,2026-08-29T04:22:11.801000Z,2026-09-05T05:32:46.258285Z,2026-09-05T05:32:46.258285Z,87,0,2026-09-04T22:20:17Z,2026-09-05T05:30:18Z,,,1,polymarket_clob_yes_market_price_history,,complete,,,False,False,"{""condition_id"": ""0x5aeb238265fa2fa207196d1774f508aa956d916fb508f4b33ce4bb05a92bd77d"", ""token_outcomes"": {""21571879054026646023822329793175387296119226307389378083296335974432952649451"": ""NO"", ""87658578443708876941736940912630171250396805343917682580578859508147454504528"": ""YES""}, ""trade_pages_capped"": false, ""yes_token_id"": ""87658578443708876941736940912630171250396805343917682580578859508147454504528""}",1,1,0,0
polymarket,polymarket:4232018,4232018,1,2026-08-29T04:25:06.420000Z,2026-09-05T05:32:46.258285Z,2026-09-05T05:32:46.258285Z,87,0,2026-09-04T22:20:14Z,2026-09-05T05:30:14Z,,,1,polymarket_clob_yes_market_price_history,,complete,,,False,False,"{""condition_id"": ""0x2d375a4a840f85a01d3f52eb3bbd03632b1b68ffc3f283d3fe9ad206204b5694"", ""token_outcomes"": {""10634926358306001969680426776352180698297349110274301636125830700282651344972"": ""YES"", ""24528708926330922248748619261051552875581370961848177555284894411766738194130"": ""NO""}, ""trade_pages_capped"": false, ""yes_token_id"": ""10634926358306001969680426776352180698297349110274301636125830700282651344972""}",1,1,0,0
polymarket,polymarket:4232019,4232019,1,2026-08-29T04:22:20.085000Z,2026-09-05T05:32:46.258285Z,2026-09-05T05:32:46.258285Z,87,0,2026-09-04T22:20:16Z,2026-09-05T05:30:16Z,,,1,polymarket_clob_yes_market_price_history,,complete,,,False,False,"{""condition_id"": ""0x440eb8bc6556e282395bd517623c1e413db3bc263d1e9e3c354caa5c15b65654"", ""token_outcomes"": {""54536089886829576858841169911902534814939795816961057459136223809841304973574"": ""NO"", ""95571142436462716509509486934090369631020680909593353110615016968017961896263"": ""YES""}, ""trade_pages_capped"": false, ""yes_token_id"": ""95571142436462716509509486934090369631020680909593353110615016968017961896263""}",1,1,0,0
polymarket,polymarket:601819,601819,8,2026-08-24T22:26:59.714000Z,2026-09-05T00:26:46.914000Z,2026-09-04T00:26:46.914000Z,3180,0,2026-08-24T22:30:32Z,2026-09-05T00:25:15Z,,,8,polymarket_clob_yes_market_price_history,,complete,,,False,False,"{""condition_id"": ""0xdf8e2dc5860027decbe6164555c3c1c9645c3bd33e16b9dc57ca87125047d4a8"", ""token_outcomes"": {""30630994248667897740988010928640156931882346081873066002335460180076741328029"": ""YES"", ""79191939610100241429039499950443680906623179487184628479206155805558220344190"": ""NO""}, ""trade_pages_capped"": false, ""yes_token_id"": ""30630994248667897740988010928640156931882346081873066002335460180076741328029""}",8,8,8,8
polymarket,polymarket:601826,601826,8,2026-08-24T22:25:31.893000Z,2026-09-05T00:26:46.914000Z,2026-09-04T00:26:46.914000Z,3182,0,2026-08-24T22:30:27Z,2026-09-05T00:25:13Z,,,8,polymarket_clob_yes_market_price_history,,complete,,,False,False,"{""condition_id"": ""0x1a01bf78f56a507fcb666d564d8c8b91b0750679163ed6e96746102c9b7d285d"", ""token_outcomes"": {""109876868437950584369987384406356259939519193117253465815665152916226511121427"": ""YES"", ""38310927461258927563020508025396887688249787380193911540547071417200646834355"": ""NO""}, ""trade_pages_capped"": false, ""yes_token_id"": ""109876868437950584369987384406356259939519193117253465815665152916226511121427""}",8,8,8,8
polymarket,polymarket:665374,665374,1,2026-08-25T06:42:27.393000Z,2026-09-03T06:42:27.393000Z,2026-09-02T06:42:27.393000Z,2582,0,2026-08-25T06:45:07Z,2026-09-03T06:40:12Z,,,1,polymarket_clob_yes_market_price_history,,complete,,,False,False,"{""condition_id"": ""0x5db999fad322cea2914535aae5517060c3f80ad6d8c0231cde2124a434d16846"", ""token_outcomes"": {""1910830010387565971650098373488592514702818137344973088263643820608151819241"": ""NO"", ""55115078421062885512539156303747803058407616201213034911037320915726138659123"": ""YES""}, ""trade_pages_capped"": false, ""yes_token_id"": ""55115078421062885512539156303747803058407616201213034911037320915726138659123""}",1,1,1,1
polymarket,polymarket:789407,789407,5,2026-08-24T22:14:03.806000Z,2026-09-05T00:08:12.884000Z,2026-09-04T00:08:12.884000Z,3179,0,2026-08-24T22:15:15Z,2026-09-05T00:05:15Z,,,5,polymarket_clob_yes_market_price_history,,complete,,,False,False,"{""condition_id"": ""0x30d4a64f70d80faee66508a797b347ef65e63913e4200bca954718fc824ea10e"", ""token_outcomes"": {""104003951685118099617273681901030817359395321307025897997858344751070270175696"": ""NO"", ""65322106850459544646271115791218393848695885094753222820688299472048959196589"": ""YES""}, ""trade_pages_capped"": false, ""yes_token_id"": ""65322106850459544646271115791218393848695885094753222820688299472048959196589""}",5,5,5,5
polymarket,polymarket:789952,789952,1,2026-08-26T21:46:56.890000Z,2026-09-04T21:46:56.890000Z,2026-09-03T21:46:56.890000Z,2580,0,2026-08-26T21:50:12Z,2026-09-04T21:45:17Z,,,1,polymarket_clob_yes_market_price_history,,complete,,,False,False,"{""condition_id"": ""0x71a21eab87c301a53f2f33fad4dca7a1e7da8911b847c82ca37ed49d859a17a0"", ""token_outcomes"": {""106560772629713122434527877371376465451017804649676159774752466805733265212731"": ""NO"", ""15825754603876312502903119698982031844411870330182974791041852322557555300546"": ""YES""}, ""trade_pages_capped"": false, ""yes_token_id"": ""15825754603876312502903119698982031844411870330182974791041852322557555300546""}",1,1,1,1
polymarket,polymarket:789957,789957,7,2026-08-24T22:36:58.917000Z,2026-09-04T23:53:43.014000Z,2026-09-03T23:53:43.014000Z,3171,0,2026-08-24T22:40:17Z,2026-09-04T23:50:19Z,,,7,polymarket_clob_yes_market_price_history,,complete,,,False,False,"{""condition_id"": ""0xda4fbe6eec3d6cc6f6d14785f25f86823514b0b4b37c63227af5b2670f2627f4"", ""token_outcomes"": {""102682832966209969978965796495958715590593079468512867290824407541600306279619"": ""YES"", ""35822333134032191975022672535219362705637593082315022545398810381128098331002"": ""NO""}, ""trade_pages_capped"": false, ""yes_token_id"": ""102682832966209969978965796495958715590593079468512867290824407541600306279619""}",7,7,7,7
polymarket,polymarket:960186,960186,1,2026-08-25T13:06:30.374000Z,2026-09-03T13:06:30.374000Z,2026-09-02T13:06:30.374000Z,2581,0,2026-08-25T13:10:24Z,2026-09-03T13:05:14Z,,,1,polymarket_clob_yes_market_price_history,,complete,,,False,False,"{""condition_id"": ""0x91586130efb8231715189a281e3769005986ab9bed02033e647739171c940959"", ""token_outcomes"": {""79379638859673397188564683277391186063353622903626607125550787949346401258865"": ""NO"", ""8731337842400833242735902850562769154194677317626590438785584373457838519232"": ""YES""}, ""trade_pages_capped"": false, ""yes_token_id"": ""8731337842400833242735902850562769154194677317626590438785584373457838519232""}",1,1,1,1
